4OAG1ARC3dwMjOyO/bSOCwwsA8AzKJd93TOwG+Cyy7Y=,Kcs69x3fQLpwGf4nx1OzSrCzxIoDbXTVBuC9+a/I1SI=,2zw2uvFDfXxTLnAaxtLeV0q7OFgqxm1whVbQ7nLzyho=,GxtVhTB1EqAtPkAdQyZuwLmSy/Hznx3XHYBps8Ge8ZU=
RRka/sJuvjZn8+y3yHYXjz8aNblNQyz0aG5SeqjWrBE=,0kcaANLUNLeKeDTN/oufN4d6ztbjJWso1biS7I7AhQc=,ecPPHOsppwM86tCqmOX+nwpXhlCjQHegvD7EYqP8ZBc=,5MF/7pBzrM0UySYkheqqR3Igt/bvnfheSEp3SwLtxns=
zdo/lNYWgafQrJvsZb2lmsCB8sD5G+lK6Odi8fcMXLU=,bxij5iE4m7g3qkcjMwk+S6cv2wkbIZcotsRfOBTNYYM=,dYk/ODzsCv2PyyDeAG7shARFgpqayu4BdL7xMGxPvd4=,LbTOiKj8zduw4VyaAIKzxDDZbKNCm1v8q8ZIzraswEs=
Tf59wy6g7TGSx9EpQ+8d5BO4N+b5d9/jouHop35NvEc=,y+mjok7+hjdwk34TJJDbURlmwOeBF7u2qLXDi+dT6HA=,ki0aQibuqaQ2C4VKIAt59et/17WiadrxUBzcI74RTrg=,iWlaWPOGnklO4GR/wM6036GtTVe1z2yM1A01NjTZ6X0=
WcC/4KO5DiWqRvxfXX8HTM3KpVi3ZEgmZLEmoRcUEeY=,SkY+2nmpHYT9a2iV6BTglM6/xJKKyDrMqR4Rw45EAbY=,8DCpMpjmgcCgaWHvRORwd/wKLN1WKrBYQT2BehZ37FI=,C1FZL6RXweSGmT7+gV1Em3+jsE/2jUTSqqU+fARqUvkVMdFbU/kDqs+PfhbTstjs
BdEKyKRdiuSwdSoQXop1lmvTiJ+qah9afbRa0a5SuDg=,hIBSAoQg6T8AkFXsq9iWWzw2S0Zpm0qUDcgSi89ySkM=,Kgd2c3WtARRAmpJ0HDXvUnfmnFKBqRq0D/GRQi+hF60=,lMq74Oq2I3nxen0NNueY7s257EPhmqWFbxZSlrn27Xk=
OHed1oiDklG3idmj76srISbUj0gfI7Q74qzMmj+0AoY=,lapG1FCmA3lNWY8Ps9OVzOMAe4orS5+8xPjMKZQz5aU=,miGua3C0hrZjggw+P2jx5Wb01HOjFVjG5J+Wl+fiS/c=,z+K/bxT/zjd6fxKOe3RQawZoSs5T8GSxh3U1g5Pi8rs=
Qznr3dI89dJRJ98JbwCu/vtsCn5xDKMIDxDQhY6wMsY=,2BdsR/1mmsBVJ3RmqgIG8DkMGnH82oIJCZYyztTKppw=,5Rg/oPFCpn1gFI4skRfCetoGWRNHZlM8cJn//p6Rrzk=,s9S1GOynHHL+H03kADTTrpn/CHSd17iE63kBON4altU=
fl9gL73E/bTCCaHeVhTLvTms6nZkT2psWl6/NzjDpDo=,2H/5kpaVFw3odWk5ERMYYAlT8QGzFb5Sd0lCNLJ/Z5Y=,99CyHL8/V41D1fxsN4Erz/GJ1EweYOv4eJsjx3y7Ux4=,272QVBNXecN1H1vdPK5Xze2AMrdFci3jnG098+NbFT+Rn7OFE4fDUIZXR41KPvRO
AwMozVKCo2HMxDQ/m5XSYvvnt4X8T+PZ/ajL9aJgQsg=,7v7GX0zOrJCblZ7wK6x1pA/Lv60uGwQrLmnO5FFadGI=,/BXD8IOIVlBOvNgbIQ7BHuTUlrWkSj5a7QUazBGzYkg=,5Z0ERfbcIQ/2qo26dV8VPhi6XICbSowjOnw0XA+e73A=
Etm2y4dEePS2+nF3TRMZLJLpyMqFwsscaLSOZpmlJSA=,L/8dccv3hvd+/H+pg2+jelZB4eqQuGNM0KkrcGbvkqM=,jSjtO90TViCgjgZUel7G7Yi+WUmPnkdxGje9ViJv3Uw=,rPFUiE67Cd6osr4c1AcYwVs6OEBWxNNZhza0PMovMU43MEgNer4DcXLwiuY9YZXe
lPf9wJ5+XzvIbeYIJX94RV67JfZ0R6LKKjQCr7x4IOg=,ro4IFsvx9aPzmOVxdzxlLqQRLoldB1VmPm77ecAgWMk=,KUvd3LGhdxNWiKNFwIklsVnbgZv9sHU4sr6aXV9+6ZA=,p/pu2a5BodjFbx8hFtd59pkHmsb1smDtVsImjnm1/7o=
Uoiu0klfft5k64uWROiCTOp93ZEL7DoTj6Xeqbipkss=,Td4xhPREgPXtQDBarKMLOOfz15sAxZ6cOwMPwebLInM=,8ovFwuMLdDe5LlKqs2NMyLX0Yge+ajByCvg7EpT8WBY=,iP15Roj4+rBtOACMIDw47/rZim108t1sBIq332+yYQE4Km1Fz7OWddHWhVCXR5Jv
4AuVqPxfHv0SkOBJ3xqqAB1Dp3dVFA9uOC7JBjbtdW8=,rlsGvLxSQpSd/EGuEXS3WqNm7ejob4HPXZKMEdO4nd0=,KAlgdU3UOEI3ajRnZ5La0AqXOnWodZRcwk5VX+KYDTo=,33VwdLfjiJ0cLt4WU3mXvjswdBPV47Ao9xTxH/fwiJo=
IjIKPNpr6quX1r42xONoEPTDpsdlUp0Eu20OpchIStI=,vxbh9sUzOlQlX3Jdtq17eSYNb42361E/Vt4ps6mKAbs=,mISWQF+FHhs6dEjrSEj4B0bdkfEh6Orx8w46HHvwmMc=,mAC85CLPLbkYZOBFj30vKplwSwWP2QQVZzA68McqTgOCFWMUuNALlcflYnkSDMzp
UWzIk2B5ZLD9/fhFJ+Yu6rNwQ1JAkDC/hYj3M/u0ue0=,x4LXYUa+66G7QsTWX6CGEF9b16yvcE1sHvNP6T7De5s=,uAZru9XiYvroxxliRQLLMSatVIvH5//cfwpkjqz7wiU=,VJbBdu2SYe8BMzawYtxOt3CLH+kKmEWcehvfP/H8dOI=
eLhudB0bFmncDSGF4psjtbMfxpRgu89btlqJ41tJplM=,IPedLeZH++QkzWltA/qUtkMqk7Pu34kPefOO87bhAcw=,+RZeodXQSP4nCDfy1DAmJmB3k3ln0NI+pN4oB2uWlnk=,MVepYuZZRKIlfanIqA3cwvtbEyeIaLDiDGuZJSgRMSM=
mki4olM5Bnkh6TyQXSwnGM9EnR64oQBQFtnyKsGJ9Bw=,Aw2EbdIWVCQO7r60teteYf8/8WRig2vpUUB8/erpLI8=,AHhLXTkWUg5Puw8FWRy91YmTl52rTfYciwOarS0cb3w=,1MQFbY33GphTGP/zbwdk6Fp25YEAzAXsZszCJLLPqa4=
jU5gZqB8JecR9WNgRuqtC+4/gy5VKMRO/92gZFguKuw=,NtSSRxT2ZyW+PtdGtyw2z4klTvR7r6GBxgxyxO5AESY=,GBVO0o8ZrqfXAZdZYYsxFdA+YjlbH4ClYLeS4cMbaio=,Cp5SQSo+lULZAs514GvwRFrEE3ue6eRB+NkrbmSeyBI=
kKm4oxAHN4pzFCAMryjpmyCJSIoiw/x1mKgSdiVD558=,NCvOv7EphHqtrQEFq+nG4a0wtAQ0zQFipA3GBFgYPWg=,bFAkelHcagAC6k2WpDzLP4LVT7NpHt8mPihbjeTQtxM=,TD5Y9U6OOfv97bN9Jwt9BdphdEQZyfD6NbXqTNeO6AE=
hYi2O0ZfVUyig77GLjrxprRGim9LBVQcjvuL0wJ9jDk=,NOwd7y3KkSWq0trpx6G+tJIGv9fPYIyivO0jm5SXNDw=,XqHk41Q6o7ZvrM5iQ2nGe/X27G6CMrbW1gfiLWh7Cbc=,c8134BV3EH3fsJs4yKsdhCBQhfTuV7Fzmg1c+wlpRVo=
vgkdmt3bfkMLWsmKEVIzvGY6Q+Up9LPUwY5lvwYMghs=,xSz9J5XfL8ENSaQhJ1Nssj3jxaw8o7XejRNjWhN35fg=,mOhibMVmDNUur4o7lpC9M2HON+G2itLLcnng8Fjy8FE=,k3RPFC63PwThWdwbw+PmlkLkCDMwDX0FE8m3qcTHA0o=
SAMToO/ggFzXTSCJPY5pp6rUjPH4ilkE7wqlgTIzejs=,85RcTe0WVSE/1eNgtb/VgM51Ct7vHKWUtXomxj22TF4=,l4BCSjMIs+nBmR4ui7SnJeCg0fNbIPhSFoln3YFQ8eE=,bMVZs4meycxIVZorROqQIXsZxGL5B17+SEgZm9r+wmM=
fbbksvVhbETs7h+lwJYxIDLNG+YfFFvzx93tUzSe00k=,cBOKjYENOhqO4ZjoupUEb1r+/dxsHsjth0wpetwT4RQ=,jQ/d1qRmjUZnOdA1BVZDIvCKf60FCe/jE7W00l1ae4k=,1LifrB80TRfhwA4Z6FloFBsmOTcyoCBgeDF2MKTQXLA=
afocoCZro2EmsTLdWpgsCWJDmMqtvNYSnDg3LXpfltU=,BCI1iKrk+cs9h9XkqsDLU9BD0fmdizZ939rohEECi3M=,vbX778zdwgcFY+2Imf/hBZxDY2djWCmVVkaVEzQFSvg=,mM0sVebxcgbkZhWWdBb4A0XHGuP0QEl3JxbQ+BJEz5s=
5bAXxM7YfOQP+xsz9AFjNUEjj12g+7IL7c5I2Oar4Sc=,votkJO+3DfvGUO2NSnNTx5NMctpeOjF79JGOOJoW0iQ=,/ROtInHbk2Bq81XuGPgae4YzMWJDwrjRQPOwm/kQ1jU=,nuKjrF65KTX64mnt0KD2b6LiIBgKQdoGN0REFv89eNU=
kn8kN70VHOKrldeJHAhxG1lMovgytEIcvvgQNJ1GTgY=,s2Dzf0fT2nR2F0pZCBmRGha1oA8YnYqCgF/tYJihBL8=,QXUTIkv9agwhe92QvZe3BhCCVGCJ4kxQ6Ewbhx3No5M=,kP24HDvKDAYXRfO7WPfdkwAjSi9yx+GoPul8WH56Gko=
xT+XTI/OJAU7Huke0o5uJyPa4BnxMmWznwdVZwa1sxE=,NTPQ7VpWC8g1pPleDnUyi93ivwqD0z3Ja/WTOSmMg3E=,T+C1E4Vpzj53fbMH/MFMY+o+TSFx3sLTiDJiyMbjbGs=,uGn4MMKtTGQUiwON1uI/vr8hYQ92Qbj41AdowXrtZpI=
cXm0b2sjPbOMqC+MAe6BgmiEx1w3kdFsutNQ0uNuckY=,5ducMtZoTB/47S6R1FKPq4Q402Qd6m0IkKmCkhPmDkY=,c6j2cQoTlyeF8hniD0GR06pDUHfslhqRKwvkLAZoJ1o=,wM8eCdHj8PUpRSygZ7KX0VtilizF9czngyx90+JWYwQ=
cdHaJc8l6VbIQu2iV2W5NVrt1hPhjzmdXG5qiXx2acs=,LmIdLvfZ0WsMLersrAHe1O6L8vTvckKfz4fIgHOe7YU=,TzOEpFYkdudQ43wa9BhkipTCCEv8WWGNxmD8PnKoz2I=,Lacgd0yV3OU2i75p7bSPjFrs+uQ6ZxQJ3xJWcK576zA=
jdCZXhqQT8XYCP1tHpAvAI9iUwBX09W+0fLHDPimQ6A=,uPI7uXvF3TwcjQBo7JZpn/r4nJsG/2VkD9E+eSpiN3c=,PoZTOruls/mySuqyPcxG495sPyK13J03MHEzP5t6GfQ=,tiBLwXtNV587C4/gZP/AatF1RMhoKgqSi49FrJoxeis=
iMFK5wT+QwdnVco3LlUgVQgtcvqWZVz3Fp0tQjzofXA=,f/z7yIXzmCCsXpfVPC5je5Jy+YySG44+d8LK+K/xgSI=,OGsfjgXUHuohrikgspKW+3G3pZ8gERCEvG6JezcITH0=,5UlHCSX/UTDrFUOuoGTLMLmp5WzjrCxH6v02pNdRDyo=
cMcqEGYZy+ef0pXdsvsm9H81A5LAo/aGkedtr0JmB5w=,cZRYMW8wO2WLPmI+GvGxGFkGXfGFxN6q8sEmrvkVj4Y=,gyO2AZ1tIbPJhEdMQZc/pCX2+mVXNBCu4Cgp2kLrD8E=,mhCn+8SxlVwbHmc3SIDnxojYjWJ2zn+opWfhnvO50kI=
fx8+VqoSigeMBzKkaukscCBNQvssUz2OBZc0PM/VPcQ=,72VXaiXyNzI9dj8xQXEmUaza57MEiEqeA0ekx8A4/zQ=,1M5qHNZDRUGdrxln+lA79tbb/S5qy8GrZrNUhMc2/fI=,bHjtLeL5uvUz3nv+b9JUiNin8k6EddOzonCHTliZCEw=
RgUZBJsY3p5MVKCCAjZl8U7auV6MRe3smT0HRHQ9aFY=,/bM/qIHYDs5PUGkVFrdm/ORbJmb4LtvZ3zyS+P/EpE0=,Dx3PfEaETYDrsavqybgfSzW8476JFB//2n8h5Cn3u5g=,RnWcIaz+oCGsK6o+sfuvX2D4oZmjarM95XWIHUAYAig=
+NgP77QcSwC6RvJ8g+v+ay/m3rpakQ2bZ6HplmUEDSE=,CGJeS3DrcCHgYoOIADiyrEueenvrkQXVFgxrVdSRXSE=,DIYFuCBmIffVIauPdMvswq55nLRa1iw1M2lP2/ZciBY=,3I6HSSblyOLkQEkvnajnq13MsLpjTfuEy0j4MDrn3kk=
PFWPgj/iqhdKJ0JtwqQPXhMoAeEiy+5pvYZijTsrUKA=,GCOeL0P4gkWKjNgHfO5gWKN5BQN80KyvmqIrJWrg680=,y7GQvooFV328LNdcuAC84k89sigpDGgrTDKSpi0IvDw=,GnZPsJNwq5YuBI3O37dvinoAaP1BdJDGZSAdOuigUSQ=
s2u8LPtDSS/M1QvSy/uMem48QvhXobGOKDFdCfQlvJw=,hML+md/N7kOQdyPapzsnxnDqo15bX9HdoPPhKTCmNN8=,Q1KAkE4y41UKK1PTPl4ujAahcMGuGn5qOpl6wHp+O9g=,8dbNAwxrgnNp6aCF/krvP9JMZVuVLGDEHjdThwM148k=
RbpI0oEpjJUuYG5kxiYhjMHvbsBueynJGlHaMnVqv+o=,iPY1v4TNOuVDQiop9Rft1j4YA3eCICF73FFiTRocPjk=,1RpKIojpKvEXN8XtaMfdTQfNzzuOnWenhh+X8H3AtIE=,l5a0CXXoG68Yh/TEC96DQ4SiKwK93Sio9mwymf21nng=
yiOH0gnVU2ExGmGCFEqwLqeUsF/uaFhdpvUQS52wkqQ=,RaZ6ukaOwViuM8qctUqB8O9X+5uP3KrvzggmnxfNhYs=,3QH5F59bVd+IwC0Bj++43PkYCyPSB3XJ+qbSjMR3zW8=,Na7rIcAaud7RHFrqSffPBuzvw97lDAkegqucpbaNv34=
RcQdUogZ/SGPB2RfpLDuogWmTyWGCEQZ+AvzMYfFV5A=,2Nr085pruP5W0c7SgGKK793JV1dRWSti0neDqosM1AU=,SWvBg2CIhMXAbmof7nv4v7UiTwi6qmrvAtxgV8YJQIc=,m73a1ZM+1Dw5+yiWvoWLX9+2ZS641r14IFxC+m0l2qE=
OuYgduOHC/ipetttIUJu/Z72iBjzHYe9xOM9vw7Czzg=,IQFa7sQXALO8KvUkmSQX+RT3ZEq1KNbEZLGkfsj4/NE=,QAHZG5TRLdM140MFJbWsueRGD/UvuHOARnebo/XZ1Lw=,vjzm1Nrw3CDYiVjAyG5/n/hnrnnZTKe8Wyq0vbpoDjw=
WCA63xyrLZ4i7sjnmqHpA/DnB0h1UKsu9zZ58if2ZJc=,oFld4HhR62qqMHrCmfI8aVh1CUCs8bonF1wnGBDv5Sg=,iVaPKOpoWovj83l/01cvpFD/UANFNceb0GnDUmJKqnc=,Y04ILESW9DLuFkRtUdN6UlzRQ8p2afMYIX9pu7MF/Fo=
VS8rNEutT1yNtaR32hSDMffJURQs8xm9fTsj4LllQg4=,RJXCT0RqBr78s7A/GVMSFyASoyEKhUyG4RIMVXCBdqE=,rRCH/IRVZfdaOGQqzaLDanlwr+N5fYqLpl7bkDjvI8k=,muA52Hfo6XQ5weJ6kACo6O2Gj892LWNf04yNRACGTlA=
UzCDaBYOnJaB+GV3cj5eF8QJJ+XpxmeZp5Q/DrIOxN0=,YWCgZ8AD9jyyEIj6IiixZtV4aET06naHfGndOFQeWpo=,F4oOBOgATK+RamykaAEyCMREaOSE5hC0FXYowIIijcY=,wyq0KX/4060gwBhjlWTQQvJwZJKslaohiY7tNXjw58c=
Y6BZ2BbHSIZpUomRs64G7440CDSMfonyUD3ry82Yc+s=,eymGqKjXAXZLNISRqjIsrVM/xZuwEZTAecOcDn1Kbqg=,/mHyGXCdbKVILQQaaWBCx9030V5c65SHZe3gla5oZkk=,PtfRzNK7VsXZo0xS8E/SW6YAbf+EJH8dsAwkXosSY43JPawWkMc+LsRGSQPJ0GCxmHRlIBmUlC3qeq5Xy9H1jQ==
mJGkVOB5VN6fwZg6MuD38ugVPXw3a6GsNKao6J6TRCw=,+GxbKTkP8L/EOGrUvh6+WPCLzCNJFDUkzlBk5g9iUB0=,72Ai+RsfXFyfMLIOxEDS6A68FtfZ9wXF2/X89Ose6ek=,5YoHdBKeojkh0c0aRaEV2M0+yHDfQmhhH2LRxEz75ps=
72RC2cDRgVF1XTKC8C3m3wvTf/UJFqQqGYuEUjMyAyw=,dukL+YGqrMBNjiv/dnPG1FnCHwFvNl3kk7rtg5R01qM=,SNL3u3tGgL+7djR/MFeBD7yVW/6DDyfszZeJ2uncY34=,s1TqnABPxPNPcC2HSfNMPPK8+qVk9/E6XRDw8Zy+EGs=
rmC2GJL9YTV1OGhJs/ctTzNQ5HaKXsAGMUNFvaHBdiY=,uwi2YdZJdPibrWFZvGsXcc2u83UgQUXik5CMT8gJRjU=,7ctz+V1I/ZTL08grnOUyrZ4RXRJzmFKiRldzX9rhGFA=,PD/U4j8eTI3SrBwcnvZ9ChYTeJsQPv4YW58VjHG+T6kkgeNR2MyAzTcznC2IxBKt6NcmTascjbZOByZ34hSHS/zLSkbCagrywUjXhSj9ZKE=
jKBdPfXenhHfAhTxG1oAPjbH4QUxNrbGxF0RXxuo+PU=,eoMIgJNXxQIXJyr7NuZFAwwoSnLgnGogleTapNagZps=,1jwnPnYrfeI0jNd46w5R+ZxtF+UUOSBapdvFNNQDd8U=,IdUs0If5Hs/JfefXPOTXELXpymOHEouOzjNKeXb4KaI=
IlzIvmOrDOP7uSO3QA8kzy2DRYIBBzkONFzzXsFfHb8=,I9wwDUpkU0PAtZfQyML3h6OXK5fIkiXv4I2GMTshdtA=,X9AcRV6Cf+fjsiY4bdRjkW1tU5tXvnSBeYoN0V3B2KM=,qZhW5xVwMlPFNVsKzHvHzpwfOwdLr8RflgNOgujvLqg=
aNtBRUWLGKsSW3hTyKP9b6VjtGnhzBE+EbquVhkiwzY=,pMeN3Cqm1Xo704rN0tGl9g56I/t6GBWmAQiXgjDReAE=,f5z0u4i/8kY3U6hjmbcy51d7amJhHGfufsMxiBXaSdw=,ogeeifx+bZ1E5HeEyxIBiPdUgr1mZhfVS2yVPtQjB5RSWOnhtiYh1dtOwcmcAX6onmL/J9EbklaXGh0yEINQuLjPMmp8V7arfZiXxkf/tz8=
T7/eylV2vTSU76ykg8oJm5lL0YXsD1xOTmruS0KJ+iE=,DFETm64eRx3EVsAH6djpr6oa/dPNmm1w49q7S0eHvWY=,5ogpzyj1PA/T+MWbfXgKtOo+kIyWAXCN2rVUWqGjB3c=,fLnbyoCMvPPAuWmWNDe+rrQNQrTZkHv4o9cYnoj/iX4=
roCYL7DwJoBmOtnr9CHX+JQHkzTl4rUtQHEz3MP9NRU=,6f74PMepNBEeo+yQUayiUlD4cH0vKiODyYkGp4GnJU4=,QHOem+wJmo2PKktJ8+UTzra9hCT00ZU64G9YWhFwCgU=,2DMQYi8KTB3rHGSy+fh5xESeR7b3lKYA+ozrNHEPTRE=
QDV2JKoqZQaWA920rcJsJiK/Jnda81C9U+3VvpEg/Vk=,Zh5rsqB3oNklArWCv5YMxtM+ic0+lqXAhVffV38Eyq0=,/uTZrv8dSR//NnMYvGd9VHt+y2CGhiYNCfW+at6SQ/I=,oyi/VFV6cT+bOeJx0EkYWgs66qf2kQgGVY1W57RkisqXYsA4+9XYUlXV7pPkn0t2QUZmK7MuNNAWtXtSTbM231zG8/ItIgWhuY7tLlQcvlkFgoJetPg1Vny+K0b6WwzAys5l+H1gu8wP2giD7Jh7yA==
iPwzQ1bcREAXnnc4c+nC/OfGcTsQX/O2S2hGUGtjcMI=,j8pYyDmb4NNpcXH8Smo3jaoJaOdCxO314qabHa+H8f0=,QdBLw/buMqdb62ZoFoy+sbkdAwjVHUU64//b1EX+0Nw=,3yKM8AQuiMqg6CLBQoUxwQEXMdW8eCC0/VGzgT5xUbM=
kSwn33dOKnA8VLtvUHPqmDjCMUnDTMKG6Tkkk70cZ04=,dRZ6VrAjsYkgWwXP/QbijcdFN03FyRLKC4AiFveimrc=,pYKfbRuhD1rm+0hE/IsvbX7Zlf2ZKwi+OpRM7HTJ/yI=,9JizBiIM93WHZ1HJOxn5Aq286vOjyx0DqOwH3w2Yt8I=
pZG4xlF58Y8du/pvaK8HSXg95k4/eSZmZk4EeHVgoqE=,slDHrxIZcJshDlsJVMCPF/6z/2CdI+Bv+PuwdXaHRVc=,u/+F7tiTkgTUOeS6+o9XX6gznCFYpIVdBtiiwcHm4gU=,WsUJnaqGfDow6uilR+fHPT9tfeV0L1ohUuZVcvtjqCA=
bh59+GWO0imn8diIiwBemnaKYvAEGidt00KhWJCZ1d0=,5yWfuPx+oolgWBebQw6oVXds6ccBKFx991WlZHj2tVw=,2Nf7AxDW4uPXwJRRtSZoYKES0pjAqVpUnmXwjKsGY9Y=,hwTyW9dpsscb/v9mnbOEmH8Gw/gT8adm9GhgfBX7sFA=
ddZhoY9ah0J3Em46CnOW5KB2Czg4fShxQCg4Z8PeQmg=,s15cGvbf8beMKR6NbOvEBAvEJElkqhrE3tsobqr7pyM=,m7Z6L9GJJJiX3SZo0/pkH3kT8gpI+FemvPNazCBvf6g=,7zcTGBcmdO5ZAfsse/YJLg2FaNDVtKE1bTx7/nO4bnb8NpGn38t37CESJiUBruFf
S5awSgBVF4NAgh+bC/8a+15E0B9dC5K2GX0hfk3OKas=,UbuSgSy4fB5FUyvvwC/5OmSnyeErbAP6fI7r5r+a+OE=,E+ffxW2vM1z91WRUIWOlSDyM2zRn8Nk22PHgAduagkE=,wEoqEX0QipqerL9nGbFTk09UUw2z2xzdhwKOaKIH9qs=
QEtAMCI3HdvuIHf4lrrDUkAwkC7fT5YsEd83Da6BttI=,gsSyNVOK/1wMG5oc/QOa0E4xhr7T9lT1utPSxHkrQZ4=,v2rV6+0YXgejInxcoMRgIelrEC+khJ62+98ERil4Uxg=,Wk7QkeBfqjse1i2bfA2KWgXzBV9Jx/TuyOt9kYQcjU8=
mBFfFuzrsRNxqootVGyXkYkBCOaTU0yBj/iF4d6DRyQ=,rvLFhw5N3fAFCDlGwG3/o0sMxVvMFgjcySEDuLMxpZc=,IXseceeI4vVWUBkT5uCLGrr0eaj4rx8g6tkKCI0kosc=,rwVDePXLx5Yuy/h82c7c29Wy+VT4biWIkPwk0GTIPbQ=
wzGgBxqV+/Km2zu0aliy1bk5+jmWPypYRkwPZV1gtHs=,gx3IYdJoFAxjg/9c3bYWH4t9J4IRjRH7SyyZ17cjtes=,foBnUu0crJYgaAPhzxF0OtSHLmERn9i/h77zqseN4YE=,eQqESSNBesJUgdhgleJGK0ZBNGs0c7pz0vJAwWhLreo=
4IVD4ibZtbinG3p3lOy4WKHcLXC61ApRN6Ix/emf2k0=,dwsjlH+k77BjxKwUJ6u/uOtTlHei/6MCdWJvw2xxfaA=,dNOkyZO+p6c1JoXNAsOvETt5n64jAOqRWxVXMLuFew8=,sw3ETCsKXBEMa+7OphCF+bMT+6hAUoTlTJoxSIgDVtg=
QFSX+cEM8aUdAwFCZ6ywQb0vzxNSmf/0H8m1e6JCSBY=,9OS5IK6LLDa3KrmCnX7W9uLUlJS0mHbHp8HmrH1LdyU=,VAq5lyuy0ebujW1FnXVnWZWXEIDOLgCpxUpYCrzN6bs=,7/bCcW3bd7sOEnnu+MIU50pEB/7RpL35gr9NfGfC8qE=
BhrCxZiASioSyHI5j+UNuhjfhycRyNU04VbtAX2dSHc=,4SOBeKT/pjzp/CeCwNsu7OkLwurv4MS/mToDUc5DEpA=,N/dfTXn9bB4jHUYHiP7ccRPN8cEq+ZO3PvFw8cNpJlU=,TrXYvYr8DJw+9ReTiym/k09XSWFfnp97o5DCMdMJqIU=
JclnbreC8+nTDJI4oWfEVrNFJATte4qMN1uc1LWXeCI=,ySzTXB7o3R8MmKdgYimm+Xq+WKv5UVksiYyMF/fi2Ng=,0L6HZ0Of92JqCo8w7iyY2rDr99YWJMgfLDAUNNDoTs4=,Eo62p/BrblBxxopbud9Y9lcxQbpJ1p1NrQ+XTT8L6ik=
H7rK2xA7oRMS+XyRzAaXjSFOJlDCT9zsvr7YOfKRYCE=,Yvze1a4DxK7HfVt5C4XKLWoaBXkOaSFT/K138NaNX/4=,GJ0yOQxSqgeiLrpZH5LH3StEN6hVUTO5nWWYzzw+Qfo=,9x1xlqwqtHnlmMJDhscotiqhYCKmrIsrGVdpkgiXeO8=
iVL0hnX48Pw0e4WOwpFnErLpWjVwPBTnPCGNdcgs6jQ=,vJJdJ35zaPL8b/TaAXRQ8jr+4lFCGhFr+U1535I9ENg=,y6duiAWBvM5yeqjphTHCp8pj26HkhNA/7WdtlytFbYY=,QxnQ0z1rEKjtHJLiosAiSB6g25HEOZgrtsItc9eo7qI=
X2h7tFeB+CC6vj+FlZcpSCc3quVCgLXIAnxHSu78dto=,dple1O4Iax2rGMQ9LVV6KKQlrUSqN81W6XX1ufsAC8U=,4o5dyRQ5Yjk3azhcI6rIPvoOfMjf7UcOPaaVmQcR5Vo=,pH+1desfA5fesDN4KzUTeRtu5S2buABvbrTnGxSibrU=
XZDBPgKHbzoOdTysKYPUHxVlTeLwZnQ8ZH/WL59044o=,rN94ij1eHO3gblHJp71CaOB8i4ODdKRd/r2PuH09PxA=,iN70gYI7UqYPPTfz50WECEU7JUGZZ4VsEMUWlDE2iaY=,4uGv9dZsCpkeB67DKoxYhSZP/qfDAeGIQwaZRbzjpZ0=
nPiW9f68zCRLHzWe2saKBCv520XrJgpRxmFhs3EB1hU=,PNOhGAOtQ96Fx+be9+4GFyoqAtCukG164FNrwC0Bg+E=,NP1fqhlHZQuT8GIH5Kc3w5TonIMr5u6P2N9g3UIpPSA=,NhgwFq3KfVVuLecIFW4Tm2zo3RpRTgoLHUmbdJ4bJDQ=
avtA85gE8T27EjDJf28fwWw3SiXOWy4YFz5aOlzayfA=,CeEUNZKyJ0EcFjhOrp4zwJ9Ej8S9FRaLFPrp6R6gniY=,eHwcYJxEKAFpBcbpFESAQ1S9BzZqUQyggAcQqohOFhk=,X/GadL/Uz1G0KyFXxlW5izmGD+bSoJXQ2N79ai5iWV8=
NJajqwQ0xTaBJWVs0Mq0yCTPESLOB5D/868DxGppahE=,kXKkl4J3Z5twPEKIeB2hupAANHJkA4XGPDqAmPRuTaA=,uWiHdHZvntT502CHR/83XsBEQNbG+RQ++ym9eiJYSak=,OevIb7yUQ1p4cdYC0jhl1mdejZZS7K584xOVDysMhjE=
HcCSSZ6UBbd34OBy9nAkquJeZPiGxqzRTkkJRhRuegc=,EAcvweebIK30v+zYdW8qR30BvJVvXNEW+KcYvQ5h9rU=,Bu04myhqbS57XPx7A1cVZ9eTtl1GAFv+5PVyEiJZ8CI=,j+l+FaH+tYt0BUAZ4lM9CazjuxvaC7w0/8JmXYgaITY=
DkLsTreCMCNjR42Xn5alFZtP3wRbiUhP5pmaAESityU=,B/7nZvasjs7EqutvFZ3krj0AiK/QmkWlogpoRDVcftk=,2Opk2DOQxBU+tSmVPTOG0Uhr09B5tc4G48bteXmNxC4=,T7+pIgX2H23miC/41NeF5y8uQ1iSC9sez+gyAcEsvhk=
BNwxMznSJMsmXKcACQZQJBYBnZZkR+o2EmCbaV07cVA=,4tn63cByeV4lvpLCbiYBDlGYZppDPA+7ZmQQOLeQTIs=,ed+/fvgsHpS1FEpGZSwLvmFcOgxB+zKUvyGVShTvs9I=,vgYPBPUQ9X7qLGbeuMs9tq6I+m2Cb0kc11BibvGug2A=
/pREK9gA7si6pls9Sc8gUOhAzy/XPhe+nyO+6EPI/S0=,gPzzFzoDQgR4gePgXX0gZpcDlc+5kRR+t0NmQry/+us=,uO0xN8R/YJVkGEY9nI48+Q6AfiQQhnm6Fnynk3ydb24=,/1jUJGUGQrcE7FaABGOchvjaLGX1s60iNWn++/s9Tms=
k8FFocA28lrgIAXpcpWxX67JeOEsEH8nYz5XH4G1Xlw=,ZJ6HGWw9JeX6zV34vSgZB6Bv93ksqv3ck/eglglsxJw=,1NY62x8qKctIicE8jbwKxAQY+m7HX+LnWoEKOso1G5I=,yrWG1qLep6mNY8vUoQlaOuoZyvDhJgBvZ5xGDsc11B0=
tdYiQCT+4l3H+8gWsL6zDqQu2dyf1roCA26h8OalAnQ=,SKkcQWo9gqVgV9rpWp11Q3VPSJp/FhqjRL/lfGLKOHY=,iuu6wO9GBRBUUw4JFVlFqgGY14RzGFSA3v0hL197bsc=,gNqJf/imViPg0/xfhTtgOagCTMuEB5JVMVcKv11OvGPAwZBX4E7FWjC+I5WbHclU
drG3N5AY+lWAmHp3yv0Vl0KhG7cQZZX9TvzQnYGMQ0M=,ID5rB9N/TntoyT2LQFRISUwec2KGCAt8RDhFD2qlQoo=,eXm8md9GVkNJPMNaVnyfPzmbYBPUVfJWk1vQ8759TH8=,0vjS4xrL8Uw7oWqfXw7dN+dxrsmyX02SpWMKdupaNrdVbDLpLQp8reTSb1O7HZ27JTxAj/R4kXP2SZGumX7zFQ==
spnSoMHr4r2bhWhgRp6e22mPeSn+85YDvGrcHP+c5Oc=,M8zUkEvhtzDC5E4cvPSr49wNptYYsIopL/1VqeNG3zM=,RPQb+HlBQAHqIbKj2kjAeeJaopE14rlUiCsIMBUpuKc=,5FgtU55+8r1zUFuyeFxqx4NH6VaNSGUk2vhlvuWFIGkzlljSlpeEZ3sKSKLtOMe1
NrHoV8t3h75w7QLByciSnlrGgss0vQWSg0HQUOFXJdY=,62WU6xMRqwRCtGlmsfFppKl2Oyax9+w7YvGdZgYIvqA=,Xs/Ll74ZsT5QOJpkh7prFrvn9fuewjiGCnPl3rUR/VQ=,M6huCfQVnMsJG+0esKrlUR+fQEsB49eUKb2zN8Gks+6vjQsj9NQiDWw7fEasHIdZfmeBKNVuuZAD0wAbIvXy+g==
A7xTO7hhjZWgcjumgqbnGXgan+4pcMkq95LCD3wUOJY=,AUmQD9X92psnvltC2Hshsi9qfI51yvXWLw8CsUNg9b4=,pr8fXs4C11piRDf9qjzw3Bw6JFZc8GPIje2ZkCrxpvY=,7pV7VajVpK64K2dWmb58vbaa0Oocomc6PbH8ca4sqQ02o2Myz1WPtMqdVuuk7XrX
e4OyTytpIUHHP4dwmjpM9xkD8AsqJHwl0nQDjl0nXos=,tD3aGBRwD7+KHVLHrWPErQ5d3NwOfmf76JkhmDTifHY=,8f0uTsGJ1gpqqEVSSno7fEDkpoeXUcK1RPeXRbjDAnw=,VzRvllEy5DQ+z2ozJNfhZNLrga1nO85hP2YY095Z9+E=
y/LX0ND7Hd53Tk5ym5RJR6AjplzWDu95hJ+3grPbQuA=,lqQww8Ds2T/fiG0vovR0DrRxtq8yk6eP5DVRuPEYiNg=,jgQsH6LFjzzGFQnwJEvfNqN54SV1KE7Ldn+qFviL4Uc=,UHBx5hYVj9fqQqWjcSGoscwWjbexffSM9vNPK9P3Dr8=
VwTY1LpdiOfxzY22UvW65vmx9XRJUbCigCZ2d5KOkUw=,znisJoQss8+3bKewGtGaIBeK/+Q/qxvypVaSP9jUCe8=,qnyAy2vV4uZJrsRLv4+H0Y3pAsFIVWKxiPw5b+tfbCo=,Z6AXq1If0q7DjpnZ1oSQnyfsyAG4yYZghK76Ucu1iK1i9SGc58jAVLYqAO8JTGVa
JRhiHWZezAkgtdOFhESxPu3Su2c2fjmARRQxOO3fAoI=,8GC0ErUL3iLAg5LH1U4cqlXc7oDgkthM+lWHIGtnjV8=,xEOXYX2xQiDJcn65kg6A8bSsrD64ujMAwFWFcIouw48=,nPWTHMWzQ0rthodu60QEkVu+6VkwaZIJk5AQe8zui/E=
Lz9yhXMXe7/6xAdNWQxlARtKN96nqr7aW94X4l/L8Cg=,ealHYX6P8DHZrVNBBGjho5ACH1r3HiEMdZGDOZldoqw=,A7FmHuhivtvKkJdfY7NIN0fRfvyx/KqVmlBIYyMB50w=,0ck74GNA8fUKzcajWTIEP3E3vKbt8ecyDrQQNq/S9pw=
oiJBy+/oyTQ3jNL/QiXkduyuoqvR1tpf8ZcxWJxOrpA=,EiUb2pGtW7BhFetrCpOgdKUX/YC5kLrkw2jUJVT12Yc=,RQq8I2yaJidXyr87sYom9jwU93aoKmh+zlJxPVJ5Sh4=,ZbhPys4rR86ppOS1keU0ZhCQLPGXARpkfh2ynkJzDubCQKXxc0O3XPTSPYlxHtkT
yNrmb9Vu8i0SlsE/TDPtTAegVlgSoFiK9IzwSdBSKxo=,Jbw1i4oCAoVwVL7Gn4I2UYL4SXKUhYYqtUk6NEAbpFY=,1MNcLpTPp6CuQ5J4d+62A9WYtlwrCNIYejecAT0eKAk=,GZP61byc42YEloMMkif8j9W/QKg951MXNDXT5llJil4=
Ft9P8G01ovMG3nll2haTe3ZQ13fxNl/X476a9QFSDGo=,HGLqKwhqqdQ9riNZ7202z0aUe828W7LiaW2yoWsSC5I=,Ntz8ORoRNiPTd36n97BJIQ/TFJNgofS9ZWj84010HB8=,Zl6jSuiD6id3hJKQZFHgPpPt2B2gwKpK+ZNli0KJl3k=
StIgowyaXn2vmBPtuYSKoGi2volOdagc6qJGAjXvd84=,wjvvm2F/x4Opx4wEK1fvHO1rjEdxIlp5breVRYIdxXw=,pTupBxgi3iNyMNrDMBuamFcPktVJYfGGZDjTKVda9nM=,TmuzeFF5zbG47PP7yJDdgmu4voUn66rJVlJi/G/fhxjK3/tuEWw2KsvE7mqXl6+8
0FIW8erg50jT0X8Nb3FTWLaTFVXy+pmSRZvTcXoHs60=,kga8TqD5gAxbHLr/ve5ppB1FKeSUlBoA3voMG7uOhAc=,p5pbT/iMyxFDEnYlAFJqJb0ph1hcar/nqio4JvXfJRM=,07pNGq39NYJ5buXlB3xnncb3tSuqQNBDY0E4Frq2l28=
WYumXFSMWthH5od+e5Ha6HKNbqiMGJX6R9Z0lGqQNhE=,9tG0lmS0VzGsxk5aBqAwKYetnwd8VLhzI1NtVLXqjbo=,5PlblxPd1fRWAaCjPmqNmH1U71GSA2Yzdh463vO7LNY=,TRqKMQE3dqwikiVJoseSe8SjzocSLcc1W03oMPxL9/Y=
od3WOHCmsCMDg6Li50R9Qnvr2KV4Rl4/s9IFFrQqGrU=,jA+3L5GEgsy47MwjkVhq25M4Fd3vumRNXkGMq50Mc7g=,sEIIKgxrbDj9WC/Qi5QoeAkVVwqaX5dW52jeOdFpq04=,sZacSVb/Lkr1dNVuo93N8J9MiC6q6oXZx0WgJ+klEsPFMVkBrnNIOl4b5cxYxqSF
UjqW2WcEkfA8wuiYoay3bPctEhDbqT+xqo3NZw/aP10=,Us4iX0gb8YWafDvl+NSajruIcdSfzzSPGolCHhYPiYQ=,RQMf1qWSi6BQZ5pEtqr0tsfiD9e3g3mJO2RgJfM24PM=,++m75EjSSbCneSCROyhklrIMMmMgje/2Rtr8xloJFVU=
LLxedBzB5Y6Yuj2oGDPnmbbaWTA52thIhVHjV4alxJE=,udkZz/w2TLFx2gyCBEJsKykq9uEQkCUy/BEcAG0AHwM=,Snt9m7m3cnw7lPxVKJf3jUocmRrLEd+Dol1pYoEQtW4=,/Kc5TlG3mWUqtnkDGl7rHVrtUf26/Quh8qrXZIAXPKY=
s11oU++VJiX52bnLnfPjd0dXX43P92YF7smStFoBTtI=,ri2iyxcKZfwx0kimW6/yM3CAbAacWI0GEJSXDTouX1c=,zfQ/YD2+7y7I5TuXCxtZwQXkk11hsqBSD6rVMbGGPR4=,d4lusQiA4+HQLGtnewSNmwhYal6oqOHSMKhCmGZozpfMczMuvgLDQbmqCYJ9MF9M
icMXsseH+Xmue/0Gyj0o4CQeYNBHQNCxEdyZcOKcgg8=,JPDyt5a8PqX1UlvMVljJ+OHdlOkHkP9Qh4GHx0fTaQ0=,z17yFHngL9nqo278rV3wphWnFT1vJAabMR0t2aA/2js=,M6KFZngMIG/xBgbhkKYR0pR+9tzkS746G6+WLP+gEFN+1E6FGEDioC+Vf1HZFMj5
jcgjS4xZnnxFTZAvmuj5BsFYNjzq2aXy4b44UQfvEJM=,a9aPIGXWlRXiIOpMGdj2FYdNe/nIDqDvHRQcIJWyrCw=,WO0DrtsuKYApRXBskgC2qYu4zYh8xM5HUu5XewLBmxQ=,71DSOPxqMcul1UEf+r2GMO8tMTYtgtDzIIijKk/4mFo=
kD8zeuq9dnNO3Z26V9kp0ngK60sm/NzZitbkgVuNhII=,xSrLaY/PhrAXr0tJmkrAChoSkuCH7k+xVZnofinDJas=,WpnOR4brcEGr5ri9NrhhbR0SGqpxtofjqR6xw+vA4nw=,EJDca3Fp+t4UBC+TXYsWdALJ1V0ME3mVkhCIypdfb1ngr8STZHQdscGFoPiJYNOT
URjSEHvY/SjLK70jrMMQpXQH8m/fPfJFRd4c0ZR2nfA=,fQMKtMlx4jmX0P8omdPpEXHZBNrL5IgGKJVpYtVMGzM=,3WaYp7cXQd3nlUBQYaKjcul+d7Z8UwadUeW0rFOyoYY=,YEFyWEN86c/t3K0YqzxXlBoyITUk3BhoiY/q1zOZUos=
6uWXVgbnnFABqnJew9PIhjB2dGgFESSonjWvVJr7PUA=,/bymQ4LTshVYqVCkrdzYPthdX77/q6cWregt8i897Jo=,rJL8B+JKAGqzEvFNGQkocUG0Om/xf4jaABHkW8qK7d0=,0+dJEkMycgHN3sW9v/F00W8BEqgtAq5LDQHGAQWNRzU=
C31T11XYYPn8Mccp9bwqgYdNcBNwmHu+d4uszxe262I=,SFAad6ea8dRE8rKFM1p/wtaItIYMFv/Of0kaFoAeEAo=,ItW9zcCb/hnHdlNH/d6Dnl5z5KAk61yJjtMmuN6ddFs=,KFr3S3DV4Hz3s69g/wqd5LqOO4kd4msZ+AGtDXMahWbed108/nexazy6lTiFcSoQ
PtKiOhq0MAM0f4ohevbKWfr/EM6XnPA3XUOJmnT1W0w=,byho9XNLfKr77YJ+Ha0hDtz1YftOfsAnk9ycM/08g0k=,cz5Tzli5p5Sqkv65fsg8z3EarFWvPAF6ZMC+hqf6hp4=,uvRWIve5qMRQM6RTG+M2t20c8G4rr7aTytB71svs0Ltpkz5u/5meD1Q8YHCYA25kmG9HIyMcKKpQwiP5Xv5fHA==
rlaO01UU2gTFM6lktmsfgLxzE48g8AyRHOzajOUdI+g=,ABJC30FlHBlF+xWr3SFIM3iO2jXySyNRj/xjBmVW9f0=,61jR3l0fFNnGtgZyAddgdWDxpc2U8Mxxa0kfxy3r1WM=,wYQ7cU9QWSXXGm6dv3Mcl5TpPJW70vsj/3q4S88sAlC/OZoDP2cuCI9Oi7fup7Bx
YOqimz4GxQl+w6UvqPSeBYDi3xwCfSDB/68iCHDeL4g=,8Vp+4PQfO/rWO1r/h1Au86tFMqWDEqWdlloMwJ/JOsw=,felTPpouwWhlKJ6UlU/gUIAoOQSEnCrV7dC8x6IQLoE=,fBT5kLMR3zFvtZLnfu4VtWDkMBVv4uOb3JtjrHR08II=
AJl9l2DXrTApXmflQIcI1+NYhvU3bQpmODNG3BJCwIQ=,3QVMFCkv43Uh0APaTp/w6Jv4+LBO3cO/XwuTNyY9pGo=,yaWTslF73wZ2+xop0BZw5S+kFWUyn7bDRzWs2ESrfW8=,vKTUJMecLynKyGNkwOpGEcxkmWqvh+yHrqzGvfarcQg=
hT5zOBdhKa44Ll1sdSpzvJzwY+Ww3YEv5gfn+njJXWw=,L4J8MrkEdtLZiIIW6HzCYZ3DBoi50nSf5aqtlONHOSQ=,kclx/7HeWdasBWy1TqalHrXQKptidKwdh18nVu0CrQA=,qGSof9KzFuzReau3NjJ2x12DktWCaXh71MuJ8AGVOLTM9XHi1/yrMbbSittoHF/RiNO3MMTms6wyX2aP4/ubV9YW2f4tFvgYCly4IUbyXjI=
DPcSt2cLbxMKInmG0hArER3q3TmSG+4F0TbDxLXKQGc=,jApP/+lsabrk61ls1asyX86BkNuhChZTSklJlLXZerw=,SOGXSs0z3jJi7Yrfs1FMhG8xXFTZjD7HUzBGUPVoW2I=,PWcWJhObY4YyVcTwPAFC/iHo7zqGn+7KB+VT2x+EDqo=
Atf6QTnvBzif+CQXCL1aS6Vooy9AotCsKrZ99kY1qIo=,IOXTvqKww6J3FAYtoSud/vGtUvE8xsJl+Mixe1TTmFM=,GZk/MRLYtZzpv0hsxdP4JUCioeU0NRFjlSyCbXBGU2U=,xaszH9lUAji9TpMjhnkLC93bU9kgFX9ZEh1Nl1+3geo=
nx0kUZZ4ewVl3ImLmTmGV3Wjm2Pqvyq5PSBwdxGtCG8=,pnZX3kgmZsXp1l4GpBzZBQYSMHxnJNQpRr8zui676SE=,jwebPtkEBsq/iA/aaw1VAgJucrfAqW4QHemBsyY3/gw=,nsjQNQESnz1/6s+Ur1v6ANo6PCGiCbrKjlqEUCxjsEw=
5cnjyONimtmO8IFWzpjE6IovJpHEkdgjyqw6C7xZ4hU=,M3wAu0RZzL1/YfTMqQRiijgR5R2QrGx118LnKeb7FRY=,i4D0E1+A+gu5gmTd1P9cWJJ8UJadwyzWv/ItXEaSycs=,vYE84Xuu+pvnnJEv8VdnVCAkARH8shdFEX0NAF9BDMc=
kRInfPGEKWnrnh7IjSzO3IIlLxk9rjDZt5q5hgIO7sA=,fqTdLV4FmH6VsM60l8/rHapa9j096cvH+cM+p8vRQd4=,LXyLHhyt16gpHXzqBYXBKIBsry7rMrYtDh1QlF3yxdI=,zItrVULAKioKqY3dLcCWF1PqdxaaeIaGwplVbLWTQos=
A+5jy/4T7tzx96sNZbeDqx4YKOBk8KMfHZT2q4VXddg=,VXAo2dG0iGFaG2L+4PgYDL1fR12ewFDrMfj5RbxDVpU=,aDiwl2+JwobaydpB7hpzWzbLr9fJgXgcHwA5ehhrt8w=,Ku1BmgYaFX0K7uEECZfPvjPfEbD81SYVhVMHBqzl3h1Eo74W4/ytwqtBH6vqYw2u
t03/T1o53Ld2Bqz0U/jz+6pNOw71rTb19JzrtyVSZMs=,l+mGLHV7v/6CAXd9uxv402tZwfgvRlY8mAldfmd85/c=,+lz1iIGmnnF/J7bGI/MyvbOAJfp1G+z/rHduKGKnL2E=,Eow1+q8fo1tD9/M+KVaDbXWZk9PQuOHRfaV1OotgpdM=
S++yCHKP850bcJaSjYCHI6QDHjTQDh3MIUmfg3rtqNg=,Tk5gu/JwCuYTOKgLIpjau4VpWswYt4L/YewNCts0Wus=,fzgITQPvXKh8ifpkVi56B+vKUGbZNP44zb9I8wtepOo=,JjuXYAxyKJmwJGleScwq/Lskf0HOqQssIXSEaBrnWRM=
gmvU4Y/3Bv1B3EGDlSyrpKNFNKxUpvHJTukQUq1OxBI=,IQ1szg4i1F8y6VnAL8okLZXV9uimTicFoDqH3ozW3Xk=,sukJYiTUyTVO+qXvwamhDrIQ5sNti6r/cD4nNPxDUTM=,SXfB2E2xC+f8Xjflxc2cnnm2ihoqkmCdsGlk84NxZgDyr1uCKobw6o3xwqlRvbcVMyJH9LzOyCVVkD0qTVFZhg==
zBFXQ4gJDu6Dyfo+KTOcRkqnmUatVl3uOn18kMfHX7o=,p02ugtZM8OS8Rd7cPEZk5Cw10HAPDSNiPOr7OrIeinw=,DUo2mrDLxUi1KR8ToDsueFaI1v62LJ/oAROYrOYGi9E=,f3lbPr3pUlS6/s4w9L/6R1kiXjWGEHyVnvvJhgiMcJ3ap5CvmjFVddKldp1dAjCn
HmBPfvrFj6Wztq4E92O2e+saaZSRu8OvBzK7Gx5jY3s=,D7Dv9QyJLa0rnm8//lzWYE5fDFiClH8x2d296jI5K8M=,njFKGWAIcOfBKk27e4AsiPQcWPN1e6o7oiclOn+jXM8=,gzWpA6sIj9qKXQnomURh6sm2Pq4+rMdkPT/diWwXw65zd7U2JNKaZFl3hVfVAbZP
dDXcWuvaZUwk8WBOqSmvpivBdWV6mIn8jrHjCpuUGlg=,QEcxTRrN5f+95ugY7cOQ9Em7a1tCELN+XFdQstjEdb0=,r4gWeui95TrrCCjztFbhxIvBWVJNM3PSA1+gY/968nw=,ANCzHglXHOFil48qa51Vx08lVn/ieDu0W4lBCcvxKKU=
olox1YcwjWrDr+zKlBIzTNrYTTSa9D1sVAYXmeAOsx8=,xwq8vlsqXtLzafObvwehQJHjl4WCY6zua++gW9qT8Ts=,cxjp+y0AlJng82aulWXo//R6lzS4pgr2OXM20/UpZfQ=,CXCdqA0AiGfWllNK6NfhBZD8IF5ZEilZRm6L4ey2IlM=
8tkiuEeOR+mHkaSruHCyt3sGxkGV/l52HvLXUDRvP5U=,C9Hd6THFZceBDyYKLBRNTUE+PTwaN0nKHFBSWUNsHgU=,Ovzhh1s3k2MWg3GTiGZeDyr56G/Oc+n2NCWwujzsUU4=,F18S6xhBR9ZEGw1IJPZQM1LR4MT79eTYXqG0qzMNEyM=
fUjSTrnS2Pk3RUUoFpIElzG2tU29NDabKqdDbIgUbhY=,t5oBv3fjdGFVZeXR0KT1nSrxRj3Bqlx8+lmNFAJgzoc=,LhfRK/iWKcV3zPEiPU8YDA5rwchBBVJdRGSxd+uP4mo=,vqjBjwplChjlbGyxOThHmvqbvieJjD4yR5TUifxTAeY=
slhoup6rRnVoXfI5Lfvc8SZo8XpcvVIPuREHeVluPbE=,M0F2ZRLTFbASAI8wMWJrtH0b79jV4G6sFzhxmDzApRo=,R8mEBK8VQwPG7ceFTEqSemL6Kcmhz+thLePC2hbCIRI=,j47axHx3c2c4WWdBKts+M+AUfPJPKVRgkJeSZ3eL7aw=
N9l1AzOcYGbRx0ZRcHbci1HrSPfsalrKiJtaMZU76Zk=,Cse2fKKyFukXSmaL3yiX00QeDKAGvIIwYk4VChdM6JQ=,rPziMNObudIV75YU2OFFuMfndK+f1uXT7n6ddOnydac=,/6B3lW2U5G2nWGCmtlY/TcnPZQNt79/OkoAm0n1sXOs=
0PNhtR0OvH2Yu91VDlbKUBp9GV3vXsrNmvyt+EDZr8E=,q3CzNp9jrAEWi9+HceplqYZkY4RbdeoWn+2yQ8QHXcE=,1jy/BsKInu0kLr6mGpp8srvoXcYNhYJijM9RjZRCwGI=,EM/fk6pzC6FQ4iDwaLoyRc3kzfHfO+rW2CtHbIsHI4M=
3wPd0NcIabt62DOchAMhzaLVtyR27miVwdSFI9o/kv8=,+kjqCJuDu3LIFzEsJ15g4DNYTE0WxaG3KG5GhpwhFlA=,q9jT09IvvZGIZhRuap2fbGzUDtcx+cE1UxK7P/BovzE=,DbYOGSObTkOv9wWIee6u4N38xNHJz8KWx7vP3Mr02F0=
rToj2U8fKXoHVeKA/yM2bELsC8J109ZBAj6e4XLxPsw=,r+Mr3gQ681QbEOn/ymCdDvuNn5Uba6RPbUgsfGwL6LI=,WPVjUxHdnkSBtpxlD8A6ubSKiBNFxFbpxGHsAMzCY7w=,YMGYpT7eXdmkYKvHWBr5C0o7Vlal7EKgc0c2qMQ0CVA=
GV2VDlVEQ5UgetOKKy4W0nZPiz9uNcyDIo5xSNBdK70=,bGUQN0YArcNV6Nzw0gFysSOWgvBZWt/QrBZCXJ4ZekQ=,Wp/rDxdx0HxNgku38dP/ESqZPC7j4hxLuH9aRGSMv20=,c4LQ5+TB4JbdqDuOMPYpoxzy2NTIGI7O8jmED2TdxC0=
s2KBbz4kCsv4el3iypiOqSVTVl92/Al8A9OhNXOVmDI=,cWpREA5OVcguimeehw3P/S17gxZ2ItmjJ/MmH6Wxe1A=,eayD1h6LM8fs/XxW5MBfkP3S6u6cWKfSQ2Mp9q3qQLY=,kbuWdXJvjzKf3tTzOnyHN9eOo/jNVijLXDtgC60EF5w=
iJNlHARKgWmgDyBAu4mXwbwd7gLpCunSuutCtOYlkaE=,m/Jl0q0GeDXYI4ZQKGx+JHAR084QJaqLIr45yrMk9RM=,OImGWai8fVryh4wlidlviilo4JVIIdoiWQajlXzgso0=,I2DddZpSTDJaqunMblVhNCUzEc2oht9icUO8bmFz1wU=
PXi7qOTmpCYvcWUKObuz2zFIiP0kzuU12LXjMxGoxxM=,q09vPUg0IMQ+QHiPvM/zYYnkQ9ta5OuZlMSMEf03eMI=,kxqb2oTsF9ybv/p1YrBxo9YSbROBRCxh+B6a/8TrsvE=,t4b7FWJq/EREI6hFZW2aeJIkFAn2cLRU0C2QpOU6PP4=
zhxrMqerEmAzJXQ5GysTE/nEkLIaz8hlJVVV95WGLps=,TCTCFXpjywalVAPksm5RBmrwF8Lo/hNcktTBUyBuW4g=,0NHeftVerqqzpwGrrgg8s5vxFJDQCEZlg0ZUOVKsVjg=,KKUX0giXDoFyKNxbVIA2XWoL/u7/2wU+nWuRG134gdY=
O+fRWjhJzJuqZY3wjZY8fJU4ek1KeB7l9x/Hp20Nv7s=,OPC8Zyay2vj+6ispXRZAJk17o01T9qcONB7Wi3k11yU=,ADE7GvJzNk39wJiIzWCxhI/0Vnj803uX1lGQqT1UEE8=,RBtO09k2obOpJmzgYFZgApSVTU5XoAxk7Epo7dXrWAU=
KpSTojDf/EG+++jyCJ64ZYhLFDYM/mKNa48S4/UyhYQ=,3asvT1gWtivQdcyD43BfsqbYu4gaYmrmr1ZZ1Hhe8EA=,CDZfQptvEZXSlXLlJROaQRh7+OpzNlohAA/y6/SWtiY=,DqOUH0wDSEqdRxe2NzbKlg8e2qR6nlun0QblozGtxzQ=
gWjHpykFx3o2Pz8GWNsAw68mQ6kQ3cI20yUApFFESvk=,H95hyR0kL0LPOEueV8icc8DSS+xzW8Fcv6zdodfYIoc=,FLiWc21Eh5xzjPlFFLubGEaNmpiY3kYSVyaoz4xAbNs=,BTxg6HEetUidlIOmy6ixLWr59RvDj3Cuy5uEO3wEDKI=
Ek9Xb8tYvBKLPty7GricG7gaakx5G38PTwgPDmcdAzg=,35AOyWnbal/wUjA0I841m4ncKvzTCsd74sUOmCvYZL4=,cdxyNOB6xxlCf4XG3V9tlyzRQkA5IVVQA6SS7n1/Iv0=,Oh2/MQKUBRiklDw0fsSfTMLnblxm1jxqcD6Tu4yfGHR9D/F5LOKopTiNqsR53wdb
h97ehzgaWCBNczdEv6VWaPS2YkJVjTc9RVikjt8PL0U=,20NhQPVqh53Cnz+YsmU/fU1OrRXAt8RP01c3OyIPyPU=,UFbfRdXVPeBnBq43C1P64XwyNsIJHjx0155Arhzy9Zo=,wlnGQcXjWXYCZFt/scH6F2LpuzR6LQnzbB7G6f5f/DE=
XWDgj+MK6CPeWeh21bwDAt3+zpB+wJbaWj4yHkYl8MU=,cMZRcKAvxfQO41aU9yc7n7Tn03Ym3mG8Hr8CFHmuBNo=,0dyEfohLOKT5Q6QjltLFWJ5A4apIhYtpxJbwVP/kN0k=,A8iWcr+9/l+LvOpfnvbR28V5cnjfAwr2z/5Uob6p1Uc=
gSJiJdPXRm55OBFqDWi3gWHgmz7Qur2B90mqU54apB4=,aKJuZ3IKNQtzU0Ew7fPPW078EQFoaGEBURIlu78DQ4s=,IIT6HulY3IO4+azfJYP/8neAO6priLxJ51iVfI136bw=,E07zeH5NcNy64fHuI4FIF1fqqvX7TPTqtjxGXml9BtA=
98UmqFowneZhCgXzi8Djuaj6jiBKP/yha5Ftu7qkhZA=,rirxQh4XiKR4MN9xp58jskjg7bXYy1f3DiwUVgXwHYA=,YzRpsz8BfPkeBnhoZtbqWEqHWfXWTpZE80ruSuhcbGg=,5TZHtIo+KO5tZP2RkVCy8EO+CKLY+/FToE2zTakQseA=
chKntjjUcm4vMjK+u4/GbScqhEaC9h3A6WEMqii+g0o=,6nTuuknX1+8AwRvnxEdWO/Rr82sLOR2kZhUGtxPlRqQ=,ytW6w9KfmlmTbjOdCPpeRI2LD5KgZwH56qACZPPOSp4=,bSfVtyiLI4SB1Ni5/axAVwy0Q3PrIfkc3f6Ks6KMi6k=
B/knv9sAoQaiIyh5akU8tdqi1v98D6cH5E2w/kmWTnk=,3uJwVMIRFrfwxLvD1eyJeSEC55zxdtI1baC2fiT3sDk=,tUKkXYBIrJN9ygBXaApwiGoe6kaFS9e7URtQpi05HOE=,Ht2CoGCAv5ceTQO+dI1kQUA3W3N8evi+5MMyWAsWS2A=
bQb2Z7jqtOeDibRTqAZuX9SywXxGbXaTOL3Hj7STF74=,nKwG8Hw0T7Cs9UCgylMCZNd83AAtfHRfkUbqpxX5I80=,VHRHWyk0zROO9yln02jjP2qXCQxeFcfW6S80iQLHoMc=,Ea0Z+3yTMnsT1Q6n0L93AOIWoX1z0kA6/R4ebpyDWNDPfZ3jQOF8mNJIjyP8vTMS
o+CWr4CkYyQwUM6JjB7cxSgP/ah1ZdgBvIHi6A6GXI4=,Oq9sZZpT0iFzlpI8KYZlhlz3t9Cnw9XHuVqbSbzgu9g=,fZh19yAMEShvuD+MvX9GvT6AY26G1U9yZz3O8ikUyZ4=,zEqeZhHq+OAMEz7BQ7XC3gqbYdGwN1S01Zi+8yifmgA=
VM0XsgXWaqgNsHyRipOQw1lZCRbHrZotIxgSpoVolDY=,VUKcqeuZOY74+7yrd35LIFqKPF1opCtB7xEKQ54+2WI=,JDZXfE6KImuRh1jfQv8881K76M5j/2eO8sCfLpFydpU=,cedQwt+roByxpZ7WI+nFiyXVNzQUd36rL6FKOYuoMII=
16q8qnRgdcagX5tlKhavF7tVsknNNbBSN3UQr9LJ2fw=,YO79R5cf40Lgi89rurYVtZjH4P2ZE4dPmr2myITDfPI=,pG6lcFDR51nDkHa/QuNWcyMLrjxrrBhLxn1kSixjs6U=,lprOQKCZE/7xI70TJupXvCRvU/ToabfawqrlkDL3cBP+ze/FGYdyeWNIT3Cb8/AB
6OJC2D0Zh1FYhl0Ov0lY3RQ9ZZnZwcaW/z5kckMVh0Q=,aAGDbxN9Jp6ORQq9fMqf3Qk+W63gys9xkg8t4dQlgMU=,lLwMQnVzndj6TeYJ9ZvlBaS0431WoAdzjvrKJCtKEaw=,HlPeD0c9sRUCOaNPv4AypIdZr6I/UNRUc4PJyHQ8h+wUKI53CMpbhw3hrZD3bC4W
7Kio1xHNftT1gcfUZbcrvsOChx4LSkqEdD/N14UaR1w=,wXRDjvOQ148HZwFBcDRCeBrZTnvALDPp7D632KFMMxQ=,hhtWh/BqLsK0P/+XhLx5jYT2w3PIfxoTZ2OlJP24PMc=,EhMGbFYf1t2dGfSJe9xjPh8g06C/Ooc1W3jlUzUL87s3wA2z1z2WcQMjjvRMkfqu
YFG0WIS1O6FBEFGBmEdeLR9ksC8YWnniYW1ibaqFmyg=,Xm26liZNdnJu2dJCkeAJpA9pDVxUH303SrBlgJbJXtY=,EUhZS3Fm12NPatint76bNtEw3/hfo6cPfZcciaAwpQU=,kCRlliOf4s9n9N7azhWn3SZqn8kuM9pi3yAeaxRSDXqxOiQMUm4oUOrHx0WAWvfk
w05OdME0s5deIYhxzKjw2PBIlfOOFXohhfE7Q5Ab83w=,bNSlh/H3o93UPMqd7Zksa8caina5GYG7IARVm1ZpEBg=,MEnLuqATWX0ZrY8HTQiWyPg0KwMn3QXCvUgHx543IXk=,1KIvSF+TfkRVbjRBeBp5fG4xrty0yVcQuRJDkDczzy4=
pEFJ2GqUnlVNf0+0jl+VYV4FT/5vZZaOb69VCbCYGO4=,MaKh9ssj7UiDonVVH5qqt9+t2NMISkCt37XDbmbxx6s=,1QNVSrEehGF1kc2SJsV+h/6SwR4/UbnvdNwEfKK20jA=,OeAdMgvfdxAnQHdeb4I5haGS44Dp8PecaX339HhSVCk=
gSraSFLv6+yy5hpliEm8c3bnu8NlWSQh1dzS4yZQWqU=,ToWDWyRukIGuToRc05i8yfgarxzVhtu5jj1zDJiwS1U=,rNCC76vslVFKSb21Ml9JUupGbDt0DhTY6F2emYhTu3M=,hyeB/lmbnxh84XqPKbVH10Zxjc802UqU+I+Y/wkC6zOumbXJV46No2MAtXFo9Mrd
84RKOLHRpc6OFlW8OJgF7VIVDvCbL2LrTBFImet2sLg=,VTGVYm/IyWrCmlOSNyFoPMZgE6Y8J2WZIuTCz0H+y+U=,quAxQxGIlkJxErZLukmMh6EifUVtNEFP793YyGL5LtA=,k96mRW3eJr96KlxyyNe51jvdgh7kuKS3ZRfZr2/gNLs=
gq299dd+6R+n4zx7veLf5+274F9tyKZIXoUJGJ1+eVw=,2CSbADPgg2fcopwk2MREC29zaUOWxT85OMwO/ROeWII=,eoVZlYr1GPowYs5ub7SLKHzysh6r533reEDn4+mNq6s=,LNNAx4iFGIhLFCKDaIjfiWwQRf9lyX43wa97JFGJ5fg=
kXlokjk8FhyTa6rhI28+rE+/MlXeDsxrQOWGZlVDCc4=,v4fQrl1gnBVZJJjiayK5ZuOKmuCUgrdUlE8N7q4pvfA=,ERBYzGq8ZrB+KYTEr7yWhQiv+s/+yhgcmN6nm8nThKg=,EQ9lcExC5HVdcthrJ6YUJt/po0iSVkstbJX6gQpMJsp2PD2b7Uj9xd52a9Tyc2rPi/9lSwCI++MqENs53um/Kg==
CX73vUfFFwk85T+sG8OXcj4IAXDeSi+u7hJpF0oueV8=,LPxty+lJpEPIeTnaNN6QPgCqPmXeiYh7/Vti47gsdLw=,yHjTmRm7l/eXfPdivTPHPdBmHSq5PEe5WlVqC0M6Pf8=,5kmV4FCKLPDSnGVtSlc/9zUDLttHM3rx15Vfa3m0a/kJ+9PILA1YZQuZx+ZZBF1y
6L2x0EBUrJfn2PwCCHpulvmQjGQZP+L15LtZH9dQoNg=,tld1kaiPomIa4CChle446YcpVd1ncYmW8PW32Ot/s0g=,dlYOzrQ5o1OE+C5OHwrKmmbqnJKceenPW2uyMSLlbO8=,Fhxy1R4psmR/GPWdMAoYTQ4Q0lvqqyKSOkkfD7Ilrfyjdq9V1rJisWNk6UwhCnZN
bPKTCmaIqS7g3+ZsQeUAnw3TlUYgrroWIEuzgN3kgc8=,IEQ4c8fcIYI9hwi0hl9N6JBvX9B0dree3jkDhxMLFWE=,s323QrrtSLZqoM9sVJ+v1AXO4ij1fdTZrtw1DBQv8kA=,/QrbSY6OSrmSMF3Eq87Won1JelpmGf4Q0XOkMEs96bL0ris5eTj1UczXPpdQziK2
QNF9uIIjf3CGBC9Ac7PdCHKDsEYJn2Cp8unMTKKIG8Y=,ZoQ1HfRpPCW0lbcrSPDqpj+NIfjuCkfY12FrTLhGLwc=,l87FOPG2eMMh3ulhXjcQ1CyJEmdan3AYCDsvD5y5e9o=,2JXs/RAt1d5TOb7xm+zyv73u78li2EiHL/mRyvVeZnDi9y5/nE4xcEiDmcF3fBF91tAvp8ivxaQ7MnRPss6zzA==
OXUFtEnjTiKoPiTsl3of01ZYKcChnvJGyqlqk1y0Tpw=,HgJ1NhggXeS5PNzQW2SJ+8MqfODp3QjV4HPZZS0LmjU=,LW//6NhFs2Ru6mpoAvzvQP4WBgBebxYwzJjUiJhWDiQ=,pt3FDclqEPaFIOpJ57pkp/uggkz2xzPkBC8MsYYVzR70XU4cxMdcPafCkobpaf5C
NHg9TzOU3FYjnd2yYpKV0tpBxFtSPjYepSaYu0fPDW0=,f2drgoQVar8+XMQIs28erHAlZGZzZtKetY7x1kO3Nwc=,DqYkBYtlEqvckaeeysQ5yZ54kPKqLFuZUcrd0Xn9nug=,34t+qR2Ir4GL+tnmAFK4d11A9uKXOyJRLzi4QhL8zB7LRA4qr4DHMMOiEuemuo1bLPxzDSQC1BFDol9X9814gA==
m1EVSF1gzsuRFQQQytXmYrgPumGLp4Xkk1XUrDWCIY4=,HxQXRcMHSsboZP6kutXnn8IG3/9RpDySEAIKGrveGBM=,AAWOqeJ6jYQ/dyt1uZzT93ZTzL8mzCUGhGXYDBa9NSE=,HA8Pg4f0Bx6tA15axir1tqX675fVVPlbUwiiP9Gtiq4wE/VnuRsV0e1nDxjcr16+
CtHHeGqWRqLmBdY9fXrC80j08TxkjSaKRgbdJvHYBI0=,fv4bG3wtI0H1ziVOl6iPlCzP4cuaPrhP/kLlEf9uJOw=,8UlRYlV2A1s/jmLso1RkAQCQGH+yTizbTYVhC7wRykw=,PL3P5v4vixJXijcQ602sVDpsGVIgj9jmsS/dj2ZQ0c4=
EYXapom90C6j7vEUINRRAzdI4d2audip22Y7UkXFRdE=,TiF7+jdrzYmit38Kl1RXsDSauuQB15SELSq5SrVBZjE=,NN2eppEWlyPzc+mxxSNhib9um5lOAZNJ0O+xPknO23M=,WXsYynfDZRtJl3ctFhTpgXNanXsStAFBf24sVcR1qOo=
GZk3wJ0C1xq6IpcQCMaTKMJCdQBUHqh4iVAr8SgstUs=,xHOV/Ji4ICi+0OZH22oFucbP2vkHrmk4gdYXSTjjnEM=,47EloBEnOdPT2TrDeiLynN5kFMaMx6hPGbea41KWaEM=,JGW/ae45wzT3fAnkn4xlX7SnRew7faas3rdXcpXf1reGz4rLz6OF5+h7TwZ5y8QF
nazlbBUtStYWPlMtzdv2h2waxVobRXYwv37vtWAZK24=,CC4TdI0LfbA0bCxuVa8LftPxl9YUHt2vw1unoEeMfcE=,z/TsVlV/OliZrGMJWrpw9WHDoE6ow0QjUPC3Xp+gGNQ=,eFszyomomA5hpXMq9DjtR1fFRtj+/NojaBlo/UNKH3dT98122WGZeVLt3MMXIDXN
CBZq2GCw2s0phJqE3thcPfTbW7rXgwknXUIZuWTf3A8=,+lMj0H5GsY/HlxUHH1NQwU5niXvOWrrhBh9YkV4MWRk=,WEKlsIkEVx5kN1cX7yX4e5cKO89GG7Jx3ERm2bIDbs4=,bAyTy630XGJ6fs44KcMI11NfmGog8sAk9HtegSUdBglJYsOWPGKkgw+FFs4uf4E8tuSguqeI8xtgWP9Cx9i06A==
WQySm72lqoMYDekghcKhnaNoeK5YI2GcX5uOjbPUawQ=,faLfB7LtokuhUX8jtTdFDkSq58LLsizkIj29MYb3+kQ=,YbGktmQW4wDQ0QtE4GxvwtQiptEf+JOdh/kYiFipTN8=,00LqTgMOBzHC90bSnVPEvPzOJi43jHhxX2CPkBRaQDKczroUr8xnsMs2qetLHK3u
RR/Cwl0p76/GF8XIxaN4JFYnoZ3Z5IsO/MiJMF0CgGs=,qtfSbL996aMbsMcu9fFo/6ZzlYkHbi+BMcJ0qmXRyEg=,YM7tBth8z1E78OBjbiWZ0pu9Z9mo6NKcTTjyiHJCBps=,Z+t9xVn2RCVMcrsxOk9pMyMjzpqWMISkaGQaYDXEjV01vE0zwAVy3ixMNxDvxgJ0
nT4cQ8FakDNCN4exaHi7r25wcjl0eY/NbOwk3HKV/oA=,VwbPoN6uKQB1E4Fbu1cupqlRJGNBr2i1+oeUlpky39M=,8R5pMuL0xWNftc2VJCSFSOwcjIypPi5r0JViwLZvlpg=,TgysliYa2O9eiW0I60kFArfzo0ierHjFcDUixKxEeQ7kwglkNBuazBo4J5ryAMXN
dZZxygFsnorJS2wEHBieviycnV28zB9kNdXbAHApedg=,zhSDtqRZH5vxNfs0hI5O0Qm3bDbgTYhowcfcq90bxMg=,m0OMacT1lwziwtiZ3fkPJRBbGaIbUcD6DyfAwL10HpI=,Sd4vMdVba1odQBywlK6wtK5YwzEIpdzwKvkuEuFoueo=
cmD81UEFm/6lCUc7jvWGr6333tkIG1VEl+6zSOmrggE=,GBeSxZkdsOqKRXJTfqnA8d2l3JBadVdTsApcBMHnlzY=,FULcpY148n+61pr374FrDjm54IjdLTNJaxnuvkNySzQ=,gSvVTMgOU8XXMz1nPA7MLjcp3i007uxK+1K/nAYE6h8=
UjBcUqLbeEQIwvG2eyhLMEw/DG76DUlhm3nMrBnHgsE=,53zPrsZkEwgfXl+rH1shID3FqqogoO1ws4+pzpCeFLY=,5uGAKVjQAiVXDZWeKX13/zxEASoDLTeCxRroLBLv/Hs=,ddDqtI38EzzuttF22qe9m3xBSwyvCnfkNHHqRJSgUtZgbIV0EXLGw89g8gZ8CtkW4UfPgeOJimA2piOX5IINbQ==
gERAgkpF4/rxfo5GVShvwTyFXVGYW/1eJqtF4CTBGs8=,W2nm7e6wHAIkiDJy8wZNById4+e8CzeGr0Ypt9RD8rU=,IigapLH9hVe5Zkg56GUpGVyNYI/oh++QqGoeU1B2wVI=,geDlNaWU1WlLgE//9YgW7WxJkFPmT3MTiCEVrMGV3nQH6PpQwlhrz6ozJ8FAMaJc
JjJzpYzn9ubY2t3KmTcT+3RBaPogmSGxtx06MZPVBSU=,5cZZvLa5peSdYL8sTDRewGhKxeWFpTIVZYp/45EqYRQ=,2i3nGvuWt+9VS7rLh29/dE5a77hhJlHpF2mfslVX0ic=,guERyJmLAFeD6+TXzNWRlUT7DgXf+zgWmsvzW9LJxHMAH0gJgsj+YoEcm+IEzRJffnIVptQjNmaLKiZSfSP6Yw==
4LvfCeFLhYsrI9t/iAP8wZi1WSC5D/SjGrox2A1zCxg=,yjGkhcvEr9U4IZ3/SBpTWyBIuxa+NKdBSgjhTsl/P5A=,cthuR40a05QJqIgKQup10XJaJu9yRnqi5jbLQ5cefls=,0PVtYmYGdKxTOAqOtjG2obTtFoWA6H9Ah2mOPeiEa1GZ8/fZ5ms0bZdCGxfnbi2k
A7DyMo/sKqtO3iUkRMDh2pfw8jda7jk98xmiOuOGJBY=,qoU4q3zpR51aFKPSuG/wj0puKNujxdexQxJIk/t2tcI=,ZZWG0X2kmRjMxuLaW6GKUEgfdw2fEDm84OTNhRJqxaI=,cs5YTjGhH+yxlPfeZQGHZ1VA5pjGrBG2kPySCwJCBpw=
iMQg6VG8hKtAB8fNHhGFG+r7itxny3x3sA+vheWlyJg=,1MYaarut0kJJ+mL24q4b7xjIysuOB66vyVfhS3HZNj0=,uIPUIk5mUiMWWgDbf86/wg3EXiPLypqsF0AAou7VmxQ=,MFL0LSGWLSYk4QS+HTu5whYxfqsq76eXd3l/0eQCU8k=
XRSqgF2ug9q6JH0yMc16J9/j3ea3f+KkYVFUlzKupMs=,kPJ2nZ36pJv1lXyJVMbVinlGKv2b33mWOrVPZPbRmRE=,N7Ed9M0b7ZGq6WCtcxEOPDOc3ht+RYPaTaSIDNU1+WU=,IsMWjar9M54lkFN/dI5ILJs1wlAbQypcTWbGmUSAFViFX/uxXAd1Zv7sSEXSrVjH
sUVDFaKa0UgWT0MVJKIvAqk+gX/0cDsAT+EqwL9A9I8=,CNAj2boUEVEbzKEZNE3q7jBnRSgsmiVtYP0yenWkTz0=,AMxRz04lusGlhXBPz1SFju29VUCs4PcENyawsLh+WK4=,45f3uB9kPsa8UWxS9F74DsotSI7EWDAWH46VlbEm44Vt/doc+rEY5+KDGiix4MzM
R2xY+6pDqpTsqyiUqM9OwrC2XR4Dz0qAWsJ8u0M6t4Y=,JpV68O4jWkKdAIxGTEjz2wbguf6LWjsrnk8OXWDkLV4=,oOwyv1vhP/IyHiXBd7IoK7kSsV0VbaVto9eZ8ypzVK4=,Tf41HlipKcYOaag0+n9c9xWcvRJfPgFRpLrXYBOE6aGDJFw0lqovkC7yxWyUKLxY
fYzsHpwnLtpbcL1EaMrkkLCDXSjLAeGg6wghfJSThWA=,3UJiQ1Io6NpXtukmuEyXJKIdaQPK/DMkorB+/9EGuOs=,hEdGGKcsghgSs18l3aVdqm1DsbrMUOaMQ6OMdM5lLlk=,yg2ReV+iry66QhiSQ5i2mQwF1YUL7V4s1yXym1vGhlPzbEoZnmUDp2u4sJGIwwbs
44A0TX2nrdyfVjYp9/lC3gPJCGbD/Y58CAX2Tl2pER8=,9ifHLEkLKfc+0Q5raZbZZNrmBCaOmZ+HaWdmMG0XAmI=,OVjn5areT74lCywM96tWAuTG7wA2dP8ehQXbcBwYwRI=,U8mO4SruTPhPbVG9fNRVnr0WMIhJSIUpASe5dGo49SM=
1ny7cXkwlY2NOSacWsyKrp5NKkZDO9dQ8NW9m+yxbwk=,QBuybcztD5CpSf7/0uKBOx/DzG/F6RjkmUTM7rNXUOI=,Wqcbebb6pECCZuA32n0TKadwW8YhI1ptWtdnTCJ6k4g=,Ue+vHTNbi6e+h3mrsaD3qMuI9gTcdILLI3GNY0u4i7w=
OMtYKtbw8J0b2tPg/CbTtaK96nY4XJNIDaDHPIaxRms=,wkF8mqCSnChMJx4Omp96WfgJMzV0MQF+iei61rYvr9Y=,E9H1x3boa4hk/rCzoyV7UzRlMB5WceOzxeAUFsANL8U=,z7igKa2EvBMe0aHATETMv6ilY4dUkoW09r7cnc3ZpIiFI4A7NC0rv6y7T3a2GV8G
7K1lB18T7wuDS3IJ6dh9yHKeYeLm1RthfXY8fppjyHI=,Ry1gng9NrmAOBLSXHmn/APKSFlSm/rQAP0RBVSn2o6Q=,I327s/a6tGuF0NfaOtGsQjJR2KsHOzuB16UjTmRKM18=,S8XewNs0s139b767UQV+jRXX32GgXLqAgVaAocycTfAw/kss699RSmovba/Wv+s0
HTSgo7gFA+SUKrZpeZhX4QS7bb/z5iP137ZBrBhRUCA=,qa/yQ21REfsbRjy4TYRYRsR8P6X5hxUii7X8MfAVktc=,B6VYNBldHs1uK9Ezge3PxgW0sYTeWxEzkOM3nZ+Cw3I=,tBWrx2wbrGQ8a+nC82qLKywgh4vwdfcpZqE7l8ljIG7vGrBNDLYXqZH5X8rOHiJ4t1dW/eLh9TWjcT91nWZf+g==
CrwxpmSNg+fTBBGwHrNTjjvzvQl5ZxkQoPVuT+fxrcg=,s9jy0h4c8YmIeqocJ6ABq7Fl2gU68MBu9v7YYWGeP6w=,kIBIfuaa5aMaG8PccuRW+rkPquyb6Oq3axUc649UGBc=,KcwZ3M9dmzHkYA24vd3XTjy+/OHed+dldETFVBG77yj830JiyuAjNP9B15oc/R6h
jG5fht+/bMo6ymN7xGEMrPt2dUHHRcBM9qID/YHlzP8=,nxmiRp+wnlJmyMFcGE54ECplBG5qeMDQWEHWdrGCpMg=,Yi2TNhuo9+YBhMwN++iShpMUSnxh0XIZ/dChocPc0qE=,QyVbHN+bYFhXF1xjselOpsMufx9/2+XdHN5rvlEroIa5uD3xEyPrMh5aGcJoPFy+eG55pZ87vdhkSwpvhlnZbA==
L+TpMDWm6OK5nAXC4E2oSfEDPODJ4Q1vpHF9jn2SGys=,F8zPZ9Df5hiMWMU+qT+z9HZqaH74oRZOotwuyvdrJ4M=,qW3ma1qqmgysQZfGRDk/QcWQkkKCkDXz81Kq4c6eVLY=,b4TwXqYletvWGACijHLN6/HfjBBsM0MzP6U1ZybuxYYtGUWWf+W36+vHdOdPWYDT
w/MutGkKdVqDsm7MEvEbDgBRwe6TQXcBG0e6+Pp+7QE=,qdJoGsPXp1MUt5YQwXkdVvZ6+molhlFRU86irGYeKcc=,90w5h7REq9zVjzND0o5QJp/1yu2mpyXpGUGdLo1ETdI=,TnXpx7qvc86vZmzQ60wMWG+WhZ6U82S86nGAY2DGAxg=
jOl/aE4+YbyKFUTJkrebWgULchw+fjeIaeDYc4n23QY=,VEmYUcjeRm9Twi6umEAk9T2UZ9DXlFQsyKknLFayFzc=,aJwiJCQYCx+4NrDjIOtRaKFhtE5qJNr/XtPxFpX2CJM=,9AjzT05fvrnzrbSxr0PoRrcOlV9K8bWALL3Tf+5imlw=
rJvV0v04cplURgcK+hDCMsklPtHeRJxD0ns+TdJ7UYE=,UU2okaIYdm6iLwJ+2n0tbrDRDFiyG9b0fLqZr/e4eMk=,vrOMPmGQbwAAzgBp7eaezQOMzb/m1AKWddjISZd1kaE=,Xo58XIV8iFWU5YELia0K/U/6K3MflBXY4OkXyafBlc1p3UHGgISpXwFzfiP+TPKbxbx0X///pLp8KRCswK8KDg==
Xvw3Y5QuPTnJU1p25KAXdEnuf7wkFtwGUdvJWQ0hGaY=,R9JSm57NrdhNkJ5uy9tNZDfVXjWZYIocBhYPFi4snAo=,cK70rQPrjKs1i6hGSBpPHPvyuSy6Es9CR6R2Qdpj5DY=,oSa6E4NfZrY7U2/yPyGigKeZg/eU07o/WFQLXRkBnk7TinyTqK8vE/p8hUxhfsA3
l6a/tPCEROGL4KzhN0bu00o1uy5SyTN3Sgx+DKcDrTM=,kvubVyDi79uVWN37bKpGknTseWr31uWAVvlWCXSheqw=,uTa08hUaXUEDnWuD3DBeeJ3LBUCgxthZijARgTnI1Ns=,g42nDS5I74HgbzvRtONmocjo3Znm7mtSPeP6I3CVL8d5lKY82l/1Y14EqGHvaDtk
Mt1iUrL3GCk054hsLhB1YP7YnClTgjvhwr0jfb50xC8=,WCVvzGtsX/NV7SQwinEmwGQuy1Do9jD5RJX+xAIiItk=,1LbU0kdgKeXtTh7rKJgZ/W9rgD7pzdB1tKH41XV2ct4=,uGqfi7TGGShLAS95meo0RGT0n7gNDuU1lBFPGfdpeRJNZLNcQM7XxpyeJFkFKsFl
Y/pZSQUoEZ4jG3zyqlGz7i+wGnE2ykv2dx9ufZUR+is=,q5tHA9SwimK0is45fhxSQfN5DAMLZFlpbpmvGL3ntXI=,tNkGHw6AcKKlcFEnLz/41QCOrcRt7mlryN4MeTMlUPc=,az0BnHORhWRLuqb/G6iM+CjvgftUugNEvDAwUsGL0Eo=
d33e24XU6LP9KC4FuJAPsIAw31gvGrclPqlrl+lYG7s=,Mv96KLP4hJowPq0XMSoYTATHNtoIgXYZmer5C7B2Yrc=,n4r6YHOkvUSUHUpU72lOLNngzO+Y9Jj0UUk62agJJzs=,5/+5RVcMSBwISDUDqfFzuuc7qKZYjS2lI24N+V3XRIQ=
ty36Opv7l9gfojFwVZeAq2tE9QOOWtuf9X+/nCOzoco=,9arSkaUhuE64e0/8QszcT64S+vzl8YGXI7hUhqxcyiQ=,CWHhrXWTX881wQITTYgWL2iEJw5W+sAxd0vgHjTVoNU=,LS5bY1zbpvhLneB4kn5zYAENbIDdm5iNovseEkvlkNBXohFI4VjwWHwbrKT15nJXAnYJEryqfO7DQXJrZKSU7A==
9IUTbfOkREuWefkBwphkiMj/lX22VK8H6BZkOx/kgXY=,CzgwFa7ZumuVsVi77z22yIVJWFDedzMok1If4raUx+Y=,qor8NQ4OBydDpE4mLC9BjrlYP/TXq5pGxNzX85+8V94=,PncugUaRWeN+7n+n1OQrXZM9FqMHExumQjA8bgetOLpNok56MTPkPBTU+xitZc68
aqouh7iuR8BI+GpfpaINJv3946oU/r/Bqb1jaVHQ124=,3jwkUGxMpLZMf31uwMrPYElUgeb2LCsZlIdYPZfYZFA=,qGlOv7eXFP59IfR6EPAXz6qxjhqWbMYVvRnGVJc5sUI=,pxs2nNKL/hUJqB8Zp4/NsYsPl6J3OIxTgbNrr6mHIvPrVv3DkVrMgLCCzCZA4QAkkGbOm6l2VJrTHWswkq2cOQ==
5WERu8h0UBonjKR9BbZ/GTsokumMhfQQMPdMgzdu6CQ=,V9aYYjRJUoYNYu/LRduu4zeloZ+9XDikuvgeJTR8A7U=,4eMMpsU6FiqyZf4tpAf/NkGM66q4caGRnyQrWefDbWY=,E6a/vF9pPNAs9xQ4xJ9ytAMRucUQixhEJ2zIdFFrx0FZicIBL7Oz3lum163wz8jW
9ry/uusN1b8//Z42QKvl1mMTUU/yMAzG6c8MkByMkk0=,lyKViYwU/FzMLzoU2sb75tEMHl6z7oyCKzWQlYa5X4c=,Nk/slUtTwtDL68EzKl0SCL6CayEd4eY6Bebm/bpMW0o=,5yiy3/oeFjV7/IYJVjfRTNmAqeM+90sKYGrcn0YCsww=
XES6H+qlLalz0jziG8BoXHpwSjXs/DU1dTf/PCk/63Y=,Rm3n4ZvSFVju2XlUauyrEuUtsp9n1quf/sghJQLKsE4=,8SlqPbbX609EzLe4FeuN5bmXvN8Hs7VXj0c+nogfl50=,/PB2+7BQOeveF5bxJxPV7NhyP6+rg0sPlHAvY7S8Jus=
LawXLZ3B1p0igO+yQglm/R9WzTi/uBc7/TJjgeZX+qM=,376enj/R7urxUNI4jyGhrsEpDcaAmRuScZZDffOUoIY=,1S1SPGQc2eKuGCW6Ph/ZqlSID/62FvrD5ohXXR5uR0w=,/ijc6MTUUmg/L6UpGjWfR8wQu9R5+vJE83FWOKSCrd4PnLhIKoZ75YMW3hmcXbzj
Y+xwS6FRZ1vfwky+7TRCCzs39JxhCcgJpfqq7SqMz9Q=,4HAv9uK56HhrDJx6BxNGt9j7yEB3VFq/I/lWb49XJw0=,5H0L+H5KdsS0PF+5TfXCCNoUaJLsphGwHtJjOlsLe+0=,pr8ZldDEHS6UivtEa/wU0C0NBHu0HkzAEL6U3zwVR8uexbD/IMVJ6djUR2rvsWJX
vnGf5UKHffoH4SsM/nSOaGN9q/C521U0acAIV4X5cvs=,uVCavniCJFnEWdzrYilhaMgVUM7W6lBgb3gS/BHUPGo=,BMVhvFfps2ti9+A7MXWbAVNIOkoNYU2nKJN4k2V53Iw=,K1xrZy7zxpT+021S2989k2SMWDENdi0v+le4mup4QzM6JB+Ge7Z6IP1y3tLaU7Kj
Idu9ZK6cDPoCnOICuXV3uUraS0TPpfOibYsUHnZbX9Q=,qSxu+0UJCObS64rYPrwxqUmUjrk0C5t56+XjZg8Xd/8=,i/TGH3QWXAvQbtdlrjQYAp9XVL5hj45vl8iRQdjK/wo=,Di/OAgq7MxHd79NuLGZx10zXc2MKJLO6OMU6t8AVbcTymfA+hbi84lBQ8JRLRiMG
/ZWcWl5z99HBJAUP0DiX/4VHSpRI0Tf0qQf9QD1Hhqc=,GCYdxCqQP7M1FF+agEuKyt8pJcWiqp342jXmeRbSPDg=,Tdi2LM7BbU+YhBi3wjcwWPPlH3eAaWv0i7ELbCjp6sE=,8YrSTU9tA+115E0UUjCR+A3TNTMNDiv+z8bEkDMrTcM=
9U706bSJDjwvvavWPoVVrqQNj7agl0/ToyFtF4uT7D8=,ZA6a3QTPvnZ/mY1KF/BpVtP2s0oMdbRNV6vKdla/30M=,NdrtWN9GBINZFipUakjWsc47kWxDvEsq+qdCfOFre8s=,JT7FqskvMi9MBvRvkARrYfKP8J+R94+sJjP6v2C3O1M=
DaaAqRXoWdXRjdyR5NyPxhcj29o6cIISSJDE6Kc2FuI=,GDYAXTRoFzYgAC/MvbeyaOxWXZBH0p/tk79x/kxv+c8=,nIAPSdoAz+mkeNCkPce0TG+nrB1CL1TLhbB5w2zfKkk=,LKOAvnzxt1cuCZi8R/6rKf0X4b9Kwm6VlUqIcLCRL6dvNnBNPLREvkZHmQZQLFuq
n0tyuscJz4D0j+pYVmYRzwofClirj/xnSeTIxSn2UmU=,C+W91BdADg1ntjeUAsmfVoR8wK+k/zyVce8oi7BKsUk=,P/U6+eeJDVR0sJhkPZvQPvMMXXXkHOb+n7+yK3/HqQ4=,4p8nVVrTwqSSsVI5CbpCHkCjAluX8AbETaL4YZhJoyN/2qRpTdCBCOb10HabM7c5
8ICh9K8xPtGMsDVJbZOkUBbMlMqPQm5/fPRiSU6y6uE=,wpyBTDr4CZw90mqz4CaK+NJ5iqzhbBe+Wrm3pOFjIKU=,UR4CHlucpJ+E8gKdUZnFG/cPaHaUpzJNqUaN0rIR7Ok=,P1c3SkIA0lQaK7xCqNQG/o3LQlIyjh5zxlIIDyrh4DU=
WWYdSp1FjyPaNLxf6uoY29cnG7UXWAEh1Byv6oRjkcI=,BLx2wsRIK9H7dKXy4uOAFDGSpQFwKUQnevWBEKwyxns=,ikCm/OARNXuh7tmNWVy15PnZqYozlCuxbuFNnYGbsiI=,2x8JNwAAYFHoSxY07qiTqUEFTAygj+1nrySQXB7yJdo=
0UWoXkpS/Do0+tA1pN6a/pnlyY4+1FUj1EwUaryUiSE=,N8QlDxyeN83pvo1FuDrOZHFle9DJ8vs+tzkkfEO88v4=,xtJuGKPUs3wwTxuT9drhhgbuH+wfKY1OqWkPtYm1y3I=,7EOXOIgUqpfGkEt8UIXyH5O5Gl71FAG5bXEe5QVtmqUmwG2kq9EQAL3qrCdIOhip
SroaEyucsw3wHaLO3xPZ6fuNlLXfGd7Bp8bpH3vmH18=,wtMz2GoIFVjvQyDc8yYW8YJPvgeqp8vWvW5YRGDyMSs=,a+jiSrBOp7yKq9GVWcDqhABDWMP1lzDaXV2uNOUsXvo=,G/vCa+nisOy5/fHqpku1OhR+//RLn4KBlfltI9qZHzTPRSKFhd8Z/fSVy6qVyeGY
RCxK39AhCATSyv+erIZ5Wsq7J2hwlIXhKXFR/kgliUQ=,TgjeW5ibdG+Jtumf7J7ZeiVXEMPN0+ix7DZSggwRn4o=,PJdIQq0hprNAMYw2IUQZGKWgX9U6UCy+WPKkOobj1Kw=,D5gwNNBRe89QDIgDalIpWgJSiR/MF/9weqHqUADw3ro=
yYktj1wBrWmgLjvjnwcXzxet0DYdRt7+Xeu1y9FzECs=,tapzUkrwPkC/AZGVrRe5m3l3xzqeE8cokhVs7Oou3EY=,WrQH5NJUVodaQofWXw9AD3ILdKutb9Ithy/lAVrh7Cg=,sMdWCgpq5OLfrt0ZOqabU/AaYwGQmU0vr0gLHwBJfZQ=
6xDedBSjsPF6xAADuReMjEFgO1HVhjocCLfUOVCsfXc=,F5emUsi+HoDGKcAUfBCxvf5X5/JN+C+0gz8owfEdiEo=,sFL6/F+zMbyqSLIGJfhbiRKEmBmnGR8nrpDKTT3YwC0=,By2/lv3vwC2piOAHcHbdGMiVhxHot5uq0PYGz+OInB3nLZsNvAhyjJOu/k726rCi
y2jFjJuK7j7hrtyZihdwfrUNnbcTNov9rr5bwgE3UzI=,ReB7P1Ye/NST+qGiZ0ahpoFSUkUfnAHquoIu3NTNXiY=,yFaLMx3GYdOjOPuxvjDgx2L/FoITYsvQ7R0WoLksgVM=,im+Rj84WVCEa4034tBmoT4uoUYTMt0LWWTHBOhKeTbNGKQ+SH6DvQOQKGw4u+lsq
RjZJ2tE4V9e7j73MTdBlR07Rx3K/edotTCM2ESe1KXU=,KFFsJwoXZYvmIfB4u98u+tEmox8HN/sOC5rrkbcIpBg=,vBLtUyWrJMPmiHe2zVJ4Qv8AwWJu6BNJwV2AfqyzJQE=,2TCfHB8Ca4aasO7Bua+4ZmhHn++X45U+gfuEFYqeSMqGyZXLfOPud5AWa86CLRPP0fea86zXn2BojnQuce57Bw==
LS3tQOQJ4P3w0Nsc/jfSb3UWgj7DCGRupjRLxlMqSwo=,KR+SvOSIbwVmQsbCAdVprA+mrxoMoGKseStglJFyT4A=,5T51twZ7dTlVJEjWw7iRelzmn80GwY8kJQ6CKJ9kZ48=,4HmQn7TNOJfvolTIn4Z/V+fGUtYpS/WijegGyrY2c4UvZNHSjPn1Y4++tb4jFnSN
WE8V0jrWMX6XJrhe9OwFMgrJyC2uah8lG43uEMhpt5g=,MWff/y9m7gm5UF8baXRTQtPpiqiE0/JwozZj6GzxKS0=,2P9VMONQHAQ22NmdONkeokUjdaiVL/RJviYqq1MIP50=,398Fny1a6DZOrwX61Ds40vh8Kbt8/2tvHLkcahYN2YcpMlqAp9RQqJ1HIGQXDG0I
qPhYkbTytbJSxeWnZz5emp42w3d0gu0dmOHFdAsQFSs=,tPo8vlRuX5xM5exis5htjaLE03DMJy303m/gozGP6uQ=,QPWbVNMifEh0ApBpybo8sMFhQDESJ71mYvsFUj18d8A=,5FHSorNHLIYMy9mo3p7rhXgrn82NakzqBikMka9usiw=
KyetPrbCDnWLzwSobaHcXq9BxFqNsmJfFn/poNieA4M=,+KaU0Om2xkiBCncsJaxv6/IzuKSLCVB4hArTbHPIkVM=,VLqrJU0nVKtht/e63J3MD0ExlrVLji8o3iIqZen1Eo0=,J3V9esDqObleBsSN9CMV5J6L9H4szkt19FlOc66V1sk=
n+tkn+l3VJHEJ0iGE82IlTToAqg16F1WPf4T7uBTPhI=,xWqiQwkwfBNX+utaMqjac3weJGzLUC1NyEqtkT6xpAM=,F72tmxo2lvnHJnC9Cv3tWEUB+4QCIwFKsIrl0vdo/qA=,2JWWO5xwTh0ETst7CbS7aRDGXImuoVB2FbZDBfcZH+6Bgt2YVn6NOqfwkAkNs+UCAj4GMembQH7kWguE5wr6sQ==
7U0v5A2eYATJXmGcrv4ws7BOSdrQPmf9oA/GRggAGgY=,sHt9X0dBT0BXVd2rOMiRvnGqj6DQnjZrMOJl/vQHggE=,SQ5G1iUPwwIq5orVKSn4DbsfHVVfHFtnfToymcawOyE=,2BB2EYc0EkhBz1gRm5F3ZcRdQ0xN9SBo+woYT2aoHPHccJJkzsdQgGgahBLPLR2n
DVkqXa3B869GYJoUA9VPcjmJiI6vWJLPyYThk+1MYhw=,t4SyHgIrLxXRAzSum7h9Fw9jjsxVMDV8aFSNhgiLLQ0=,JBCHlY/udXhMdTW+bLKgKUTTN8tOcztih//EnNPT/gQ=,23mzjxquCyr/wPtUohP0WbDKL7n9234jbCYFPiXSWSQuxRvZDbF8SuyZfck12Egs
3E9Op/2ZkNIwSioILskMvSWxv1i5oHKvQ2bb8Sxu7uQ=,p4VnUSSjgS3S8yK6pS+31tyPmvGXiwK0k4o4RqTKNFI=,57j+BxwTM0c/8pQZWeqlMPrboIxkBueAOyHDFPPAwFU=,wkKjmNjwLE8JmhYPkYGxC7bkQS8N55peBN4AK7uvNio=
LhkqAk4/wcH9/Gf3Uk2b3AmzQ8QjQ50fQqVnvIo1jeM=,DTkmYYaMKCrQgyGgVbrChklmatCkTPeXxz2T0zT958E=,SNbe6c2OManUuFhcElw42WNMLOygY9rWZsZaOLtHylw=,H+0K6etQRI4lzwvrxCvANFeuS41E/UaWHyoFX0rNsvQ=
rRGcki+OVGBF+S5yCH7n/4c0zsP6C/0Y4VWhz7DQ6uI=,IFH4xuPjCAjfFfNyohpMc8F5H/bkFQjsONHwVqRdtiA=,o7aoObKmy82vYi8SsL99X/vy+lk/0kHcnBMXbQTmitw=,SIUlgRZXlHVNfC8+t4uTrtoXKMPbiX8VX6IWHdpU4jQytzz+18sUj+YahvRwZbGcJU7YAQjQy1paeG+uGs3neA==
+7+w+SiSKNrD17ZoPquqBGl5TH19+SjZCcs1e+i+71Q=,sUNgrzMByip28gSVT9D+WSTXDYTnvACotOgCUDPbFG4=,JC3wIxN8ef3firwXZuiGH+Fzoz+flIZ1KL7WuDD5IT4=,r400a9i0nn6CqrNYF62Mnlr1ZnenZHBYAnKKuVoGTGTIvys9l1V7GBAGM4Z4FdAK
VervVPZ0NI732X1AAZYgtvVoIga3Pn2fJre+DE/DK3A=,CCSKf5GrSX8SBJNSikNb7U2ycniIXZ5JknFKOJNJSo8=,XOXyjbh5OJVQkPxi/0cYJpPH/mpoBZEpdxouycGutl4=,qnHv510U7Fl/xGnthgLNtrNk7BpsQrPd/2Jz9ABGqQCcwbmb3N6Em5ddgq4/jKLM4arr0AYVnxoL0PPefk4+vQ==
Va8ZtpxZ88GLaoKBBy1T46/2e/BvSsPxh0JaSJZXiI8=,eLQMJ5NgPhx6iyIEaJy3pLxABc7S2oRFMFj6uEd0L8Q=,sZiqE553bR7L8ZQx+b9yk0H862QjwEbWMEKxuwu8llM=,UtMyW1bTtAV0k+BxVescIAuGY8M1WPtnH1LW3UmVgUVPChx4i8qaQ99vbeV/ybMK
GjCuX6TnQFCNE6sSaZBMFv7M2bJvDQRxgCMzO0sBi0c=,IJA9APnIVzEHYTwn2P7U8q7UuXGWoSzJJcXKeiiiUaM=,4CPkXj5LCryTYACDDER9hfz2VbPqg5GEKjT4PPCdG74=,4f0APGb4iilwS9GL2iqIfMd7lVO0zAVsjN9H+mOyivU=
+M7DdUmEXtllsaT0LakGmFr3pmdGLyoWhZV1nsWsKhM=,/SQdwcsosy3+IUm2pmKCiUcaIDQcunvhIfrarT8bdiU=,X3DdXeIeHn4tAzJrvyzEjUbiI3YjuKkSD1nKyFZAD6U=,sxxLxU36wqXp1sD9BoWgRYNnd9jR16B/W1l3DsrL38s=
+XN4DfesVt3Ytc0FdoSPtPMMEWyEisl31RmpiLQOaBA=,3ZOuxlDDmFFl13z4kcJXAB6QO3Z+OIhYZkhjl0nb+o0=,ATHKmg0Iy+BYT164jY6Of4k4UN8iE5q4DXSCJFcdIuI=,GS07r7nhoMZzueMu9+c5HAoynopmjCtx29gk4tSMsBNsK21gPtJoI2B6aJoByfKC
3Yhjg1V3HsavHZDG7YeIo/EXTrXhRl2f1X8nNJh5fUM=,0VsrYLknInm7d2is35AiIf1y/Vaat5XCfLVJHBHkLNY=,a+7qxRU7LeZGf/o8PiulDvxeEmRYyLMqjKi1X5hpRH8=,uBoYBsgxiTULva9kTWS8AV6Co50dAOwlaN/vWntZA+o=
NoMOKUh4MOyMCW1MGHj293IfRnj5PAE1OkFkLalORwg=,sX/rTYwTDRcF1h0VJDeiKlv1B+Ss3I3vV7tlY1JZO+8=,3oWhE66zeZzaccYaXeYFFl/v8C3ljxnQV7jaXqwAKeY=,x0HWmSknCbN3rbE+dIAQAcoubqTuQEl2/Oy7vFlWx0s=
xkK/MQfiI1JT3HLwgfRpuLP3r54IuJ255wS6HhePsK0=,f0ueg6PPilq9uIysEMZIpMgkO1dPnSzWSXBGkvWPLnA=,BBWSVWYm4Q6MLqBa3OcqAaEQMqoqC4I7zAjbIBEmVpc=,DSlWgKmNfqXndZ5R4mI9lDH+IkLh5VWPYE1dB2z2Ef7YWLoSzvmQNfyo9uN1XY7OkqybLwzQGun7M0nx8/cBAQ==
H4TPsWZMPpkUdAcyNKoq8BID9OtfrRAuVfIf9xxwXvE=,OxB4J7UeZ2n1RvC3FHi1qk2cAhvQ62/+UHKdTtMEwxM=,nmw/L5GWcKwpvWRDL5ZANZhCOSjd73u1fdCoCiRK/lw=,GXS6zTTzahxHilAXUZgp7AXrKYSk9GQvEcdrijqqi0tB/KAue3W9BLG8RkaYwImz
r3oWhnVGUmWWJrWUeADIS4dnITUyPYBbIhsMnK8YgiU=,hcEmM6XWKiuG4/PvBaRuuN2YJCxXUpYCNMCvVg3cTOE=,kzgGLKLMuo/3fNWuvMtMmorvvbh8JkynBXKuZgOR3OM=,uANZRzoYoLt7JGo5nkQJJD4K8ciJBxLTZYwra6I62tvVnnUEPSHTso/qsb9V6tjoprXYR8DNjGPr+PLV+CPXjQ==
YqGviJ/2OOISqx5APtU8p5HoCJr/+e/MdPvXqG9lp+o=,K2muxhaKZRhCvQhj1lUOjCUSWPJANmC1FRHI19PlsNk=,Z3VuQhARxNienAsnx+bcOz0btwW+NGHCOeTmCciwIzk=,w0t1IqT8nIhs1dYpNjBWErgThjNMJOpvsIixQ0jb2yg9Y82IUShXyNyLFRD8p12V
jaJreV8XMKBzhL51/+lw2EU1WLopsT7mKZItER0IhVo=,j6Ho6dPb7iAAECN4Dmqpi462vvEU5XwsnPj8WXPqpFs=,i0qBrs+UmkfSF7dK0AjHigKFA2dGBBfqReids/NtYEI=,Zdcl6FwRwavpknkl7754WSGLk/1o+O1ti1Wol83R7QE=
yBRWbF3gciEnpmj2wuv0ayvOM4XGCKcsjdRbYxawSb0=,KRPRV9aXBLPKretPbdNycA2fw1m7jOnrRkFohABaDGE=,ewUxKLQe1OLDjGpNjpC3spN54PycpSiZC/7hy38YeyE=,EmsavAcggv9qm3SVYtu/rK7xhfNN5j6sc5qZapk/Vf8=
qMpbj6fXCKGHoLkimwg1G1Nd07mMOE71Bgq/GvJeGK0=,lTxJcRQ08l1jYLlqn6wj2F5dVnHws4ahkKj5uDAbT1c=,ePbz5TlYiIniZraeirkph3Jnq4efPUFIZPloJHt/tac=,7tpkM0+T7jZEKPoom9fFyy3VPmxFGzmaCec0frD9q68=
ByE8TkQte5rJAe1DqMqkSgydO8VlWmZJvgMnf9oUyQ4=,LbShIxBeR3kyWgtVXsT6TO3hsw4av84mwcORUmy4TxY=,FsmOgZeCUtXmdtQrfTazW2M+bgAxxcSGpu4d3FCn+wA=,jp+ch0DKte0KpAmxgUDnscT5E06DpzNwRPvTMH2prQw=
YhH2KLha7XbS3aL52qsHNNCn7fspHf8HyAq/DqxcbfI=,9qj2J9+YbLXFOMbNC0rWUuiiM45PsyiN6dLfI7O5VaY=,vE6ZqmoOkKntHrMXbvoZi3AWMzJgHxk+HaT3UOVn12Q=,ZXBqrEBZ/0VoN9JDuoFK9YXRfTc9skTQDwh/Z/gUYHg=
MYnsS58gkvGiZrGfjst0lqCgCg3nIwkt9i6QQdx8p/M=,FIn4s8qAILGRZ4oqyrs1BtFO2fGcm7QFDJlZ6E0MU1E=,CMPNHYsNGYEg10oDsSPYLfylR6kDCx6RX4gwawkcj/E=,/GztIVxiuZFYgXZPLkaLij6RAA7zXfp19zloqihXqKs=
iP8A/PnUu5eoi5yiYLSo5cSOTVm10M1VyZbGmibBJFE=,aGDCAPXm4jAtGhRPwbBi4/sfcHH2cyEN1eez5d3TLkQ=,0a49IDm7yQs1D1ZbuApXIEJ19dHb/Ay+ihidpHCGbOA=,I70AoLQeRplOIBGtihUm3S4cwvQ+4w7oS3V+DjmKPes=
QKohxbbUx6I6J13byxLIUjUd6v7GPKI7qGiCip6HrE8=,1GDf8wmpd0hRlm/GxE3VQozg2gjU4O1vdBdVz4m/CoY=,hcWu6++hIO3BmNeXi39EzvFhz/Qk2Om56KZtXNWk4wo=,EVbV9DCPO7+uhd00TKRN/4xMUe6T83rpyWIOSR2QDyw=
3vRXT9lZ9SeshpknDs8Cxru+PmWl7Q168Hfx85RtnW4=,dPvp6KXKV+gRjX7sNYcarWjBJEZnOgabzohZhp5/rrc=,DSjFbNsDOZso3TDsXVclfGAb7Y4gCdLxPo12gczDL18=,tAPjh9w95r949AcHL8zwJaLlJj/rWkJG5uuoH3UvNLk=
StXq29IFruf9tUjXMO30To/nYOlRSx8v7j8JcjALjMA=,7vULAvvk8KWb/MpY/PjRQ3ETM5FDQ7oEyeWr5L8mv/4=,LL3OIA/mRvtWCQ9kk+crczS1ev5AjUbju4bjh65Hj3w=,5pi5KsGFVUYM3hjNi/SNOemU1ac3aHaMxTSQAh3xLXY=
whD3XVK2U3vCCcdYEnz2YpmKfqfo11KJwSEekUNDY1Q=,9oeu2jpDIUudLk6hovHNPyTm0QdsRQBYVQ9eTeVT7F4=,FuDOaU1MDYaEeWQ4LYGlZ97kyIl7LP2XXL0aTgYOICc=,qhIDphTvd3rf0+tajPt5ihy35tYYt3ohXUuSXmlkh1o=
A3ZtGbClXlzEms5ZR77Po7dCXWs+eBfBuIqC70ZoAwk=,eDTMAdYdDsxcYXy/6bVk3yojxP8iVOOwPTP7ilqcBqc=,pKSf9+qdhSs3YBaj69i3WOAUNbAEiYIkh/+YxxFdGCo=,GJCFcx7MSLGYB+aS6NxQzTmyBigENjD2Gr21ny6WXvw=
ZnN9VTbEy5GOsrDMfVDxMarUAzlsP6tg5eYc86/fFZI=,nIoZ83wjqHzncZIBW5bKuNVgo9C+6JkPBRhR70oUWYc=,/cxqblDy6URdcWFkzscuB8Kbs9luRNFgPhyM5cEwBkA=,DcPejyxUAZi/cBtsPaPJt7OLv9R/C3TJzyQM2p1CESY=
Dn561+1MWMo9wDlGFHD4QAsCrqWahhOoUhDAHyASmdI=,AXMeid5BqOYsjKuSn+a4FGGRBFEewHmlpJouDXMxHJw=,oV/9vUvscAzWMH5sJ1RtlRcwjnIMzMSAnPpajsG8UcM=,29yR2J/DMVKFqaMrENDDtmsjvdnGBfgKIl9P2ezUjjo=
6eWWQOgw9vBRCW8A4Af1tgtud4piIGyV3hnmTpg2qd8=,Cn/in05oQ7PIbI5rDIkt2gobzFQZg36zGShBOxXXxjk=,QGOdFd+NMQ2+ujD8KrpSOebCfAhnGPyEMrZ9JeXS11I=,/2XNEdowd70ggdUdAgidqWqohLXk3cm2oS8CoijOgv4=
xE1XA8+IOEb0G/+c6aR9DN9GpXR413k7gzd8nryHJQw=,/b0eADcIx5LCgAdCdrZVuJgyF7iXrUhH09Wd+yiSlxk=,VreyOrNltzot/NyDiT4qOssXVKHI0pgK8kwRZdsysmo=,sXASygGLmdjV4ZeyOJd8YcbcY6hbmgzv+6uzXjJ2cYI=
16LpRERgKJadvz+Lp1VVt9U3lUrWzJcU3ZUG8pzB5Os=,SyrYsEmfGar/W3SEF/eIssfyK3zW3TIsByHVYVNHU1c=,QFtNH4M74yzGOM3AHkPogxDLVqFgAMaHtzjUVYOS8Dw=,sU2xt07ZyFjYlPCJlWn8dm9TSGAAeSMSbQ4l3VcAtxY=
f+IyPIwdPqWSR7qNfpgb7qE933uvM5NyWVAwUhAzTjU=,7Fo4UTAkr9km/7UO85MMj1Q4hWmHQv4VDQJZlob6KFk=,Jb+YNl+epyO8VxBDbQZNZUrBfakq6uHffTe2uqrDw8o=,cHzS2X039kyjgHAvojh77S90zs5PkliDP26eB3uuWB8=
RF1iU6v1nY86vqS97UMo023oryJnQtY7/3ddFVsIibo=,3/fUIF8Y5dVTY2vEzIH4SEoxn5Jtn5jdekT2a/jP2QY=,f6OY8V+eorx79uDUf2SnBx9FeLmb0PbGr+NIu027TJQ=,wfb1fV3QzPt/4MSyEjn5uFzDRJMZ+9qbn81hVf0Yr+c=
cxj1GJI+ySDvmcCsZRVzfQ9g4ftOayrV246KmYkaZsg=,r0YTrS4RQdUXK/YY1ngXVaSH7bEyu4zU0SzVGKXZy4A=,NdMa3qYBKfAITfbdAni2nlrC0Aqwi8PsRyhUXZTiEz0=,wXBzKgDKgfXvnlsT2Rt6ugrxhQD55EUm+Ks47oJbhZw=
YTGkBgUgZySIRWZ4q3yTpWj1HC9uVNWaqqFtzkbJ700=,1X5Z+LsEl6Fo41AT6ShAvrO2FDDDFr/WNMGpYQGt3eI=,IcdhTaBI9RPspHMkBo4F211ej8TrWmd8Pssp44yoqqY=,Zsum2y6R9yJ9FJ/IH2yJ0RYofwutmIrzr5JIqZKLPeI=
8SWX0D44ODy4zFe7FWs1V8lfYBiuvRCvw7DP21mnbKE=,5UhzPQMDTOZodsnLrLbTyfNsRY3Rizxg6xQsVWSafGI=,svWQAJ6Y0niICIo0uU8wyI8whv3YolNQhDPWJwE6qzk=,kfiIEWgNidTaRgVIVlXnrE2meL2rjZzaKmaOW6YI/Hg=
Z5f85OH0SFIrYAL1Bo04wyNYpf+6IvCG+S2/ovGgCOs=,cceFHhrzXkAjCTc4MBaGlr9MotLiQS7beFHaRU0jQ/s=,oH5zOzxKKD3dcJLRNcqfYuPKC3Gel5oM9aYExDiSt7Q=,kidnsSGg6aGrbvhDncQ5+Thpe3tK3nYKtY7cjlLHZvKKPIzesUURN3V0jM1RX4JmvVg285exj/uMWP5DdV8KrQ==
Vq+ZhHWKspuPNvmeFJwXl8r3t0OHT8MttXGHpJrUMHA=,GHJBIYnLjMSx+B0WKtBXdV/07OEXc5C+ZoIZuQRU5iM=,Xh1cAf4gz7HuBD8LcLTsklIygG7eIz5Ti5uYa8t8uxQ=,lE7GyPB4XixeYXwc1r+ReB5bXMX52P4zNyo5znb4X8RSyIZTEfCIhLr0RC32olL9
Lfsqk9BGn18IQfoMHmJ7GDDiRkjysQZOEy3Ef0iMpzo=,jC+Gxr68BpDAzCZCoAFToZaewVv6llexjtiu4xhh6Fs=,uzr5X9XzCZsBfzAd6OVryaPaJJvkM57aBFpfWJzkj+I=,NyrL+f9SPPBNOK1IlUwe1UjKNrvSZQDVysyM43Zt2vmaN8yHn9mCLrHX3OI5hm5go0qj2pYHd35SqoJ4svxTKQ==
IAj8OVSmg5Wm1hhTHkpDlagUPwNHOZ3IUd6QvLdRrJI=,Kn9FJ0f/nQ2vHP42W0hJLgAxvGC9sab5o8Ad3bcE4d0=,951r5rWeVIsKb8QfoRz0DXUuP28iQnvhZRWupaHoxKU=,ch7BMbaSv7mzKqbTCrhvDR4nMc6IPR9rUt/cSulMfE10o4IYsHqeWJxak8+8LNjG
x6rQTie4FcpTwNeHBB/Cs3U4AOBqd5dLL6cNki+Ck7c=,ul1BcW6mmlrbrX4j6qYHTSTUdxNLsJKV127f0A36ph0=,TUQsnnxQUWlPvy9cmsuDMf8MhQiji49ztG7yQDX/SbU=,9/85r5CBn1BeUlWLPxBMNpoczn9z/I5Y2qSx64s12Ug=
JvYu72xIm47yw3cizDOVMzzK+Pju4EGrdsHe9fkERwQ=,4GF2sOM/gHmj0n377ggyHGd0c8dG/+XVIQGAm1gbMpo=,1obbkQqji5FyX4gGNiGU0goIZ9iUP1AckliDb4DDe1c=,dz6WgI0OijlhE4dv+0hTF/+YrVc+weQ13x4Gheoe5tc=
8bBQXIQYsJctlY05U+J2zpAV/omcYVTK48kR/i3yJcU=,eUbTXWiXrgBWn3xK3N9X88Cw6zYwIAnDLKaTbIlqxVo=,py9jKiN1G6ku/Lvdj866BDdIYxdm/pHf3kAdvOoqE9A=,M12BOYShs4eEQf3kBbitYWd/zbBsMnXUbc2hryJ6OXs=
67Q570UitehQwEwTRxNtLoPwI1pzFS4WStrkxa2LJa8=,Pt1yNeEj0tvVSACaElpLa3wJQV25hikfedq1tmkQRbw=,aaVjFesu2wQ1pMYCpu8PZW2hw5vUJBjGQbdIjKBSXTU=,nlFWsnStbSGqmknu6HeVpi3lc/DAIdF4lOWC9mLV9f4=
E4hXRMC7pRwIxFm+pPv8Z97jRSJNxR9Qw6N2jutoIoU=,PU5D9zWSZOWkx1dlLMzU6nL4pbMNIyedmELtjDS5OK8=,yR59VguU2QBU1GkjJzF3JQtNO1oFodS5hd6j9AnUZic=,DSyGyY0vSqnph25tLS8MQaopU6GrzQs6PJGWUOq5Pjg=
TXPxs977BXfP7J/5SbRRCts1MbhmLn/x2ls5mvJCf3s=,q8LjFofbO/N2UUPXctI0uHAe+ynoNAEAgXp5an13J7Q=,AowSHMjhG7/TELIfTdsKnT8UXUaO8cYSy97A4M5/h7U=,PTNaED3wC6BwhR9vwsT80yS10BNVVy4iI6teX6GNnQg=
LuoZS5zFq4bu8BztbEYvGarTnrm5XiaWFmsRNHOVAP4=,3JAniWpfz6WzJp1NihlbAhAtCETIsDf07/5xyuM3ay8=,1EwXIxgxTNrArJmHjrxUyNY19aJaPozszh18fjDiXIg=,W3ToTd9cPeNCwGluxIoLcrbjbXzxQp005Na4f/shG1qhe03FEZwDBk/4eFuDOI2Ba5wpY23anFhWGSG95K5LZA==
KWEDKy9MSfSRLcY6y6ZuUTHlXmLppJq6eb6b13RNA+I=,lYxneK7mcOzONYWozUPgwbWu9G3toBbtiKn8wsxlRlc=,zZNj9dpCzojh+aoYQvzmWFCjQbh2iWWxkAdFDbBo5Uk=,TEi+Cs5OmoOXfgVelr2mSpFdJuyBdFI0Y8lKSWW/PhAVqvJzAW3EoWZCntkj2r6F
U5QOPp2z8ZQDMy6CcC4LhiFFbS4PYCQwBov1w5Q2vD8=,j5dn5u9Ee+hyQaIUHznqfr38jVywrxSLyGLR/7/Lexc=,mGUGqFlEhf8ZCNHmBuE+vXHZFV6/66InHeW7wuu+oVg=,P+dCVAQDmj3IDB6TlzEUdAslY6xV2ueL0rnGQZHiXTCmKSsRn/1Hkk+EHTuY8zWK2TcQt9aD7jrqdZoq3nUGHA==
/Lk7EW48+j1yUjTe7DbbJ/d+ug+BR9vYBz3HTZRcmRY=,4htyqHmPJwlD5m5XEIeJ8ik0PAe9UL7LGb6LQuDMfbA=,k/6a2mf8XFLEdSftSB3Mi9/l7S/reKUrBcwcAaRKzC4=,uamVOE+68Gz5GVVOYVw/mXX6g3BsWo3dVLq25EiYj+Uiv+iQnVh3++YlFHhrypQE
fFcNF9jS2xkXGcYbvO2ucJbBH+nd2ZC4uBSreWBdNcw=,gVWeWhwnxgFfWP3BF8Fju+lBlN6pgFTji2SqbMCV//0=,lDQ1X4/DjLkteCUJovMl0G+drol3M2If1dz02V7PDZQ=,ZHQOYyAWFxnRA/gmKrnMgD2jgnR4QWHaFvGKMdnhruY=
Zr+GistHmqF8VoIHZJYAQd7YE3OimVgHgWdzh7rP2jE=,G6SGVemAEgC18+RildMhF4gRLAbafrXxbHGSVDDM2cE=,Exm6epmOC5MuDy5RRASeHmNAkcSYyL57F/ut4f3KfRs=,IxmR3o8eucjEU/Dd6HGnwuKADIXzYb5lktgCzT44k2c=
yRR0k+vf8ntokcGqB+ThHmalGlXGbmG7583LePWK5tc=,kDGsRsFPYmX+bZqwWYJZDvecgSEEUjM8iA49aUFm494=,xSQeRtovID/JBtJZMhqxt8aBOzPOoZ2S/9ojFVnZ+4U=,fFbxje4eOSg2MR+74abV6aIqvDjpjnqhvUNPso2agOkqFHPNb99E2jmkcurzkxuln8gpOLs295UThSq0E8+8kw==
q27iz2stqCnMmbl3c/8ErfBQZlMMqJ0EXx35rh6t9dQ=,eGKjUn8OzemYSnHAa02bmGA8kcQWTi+TxFINSIrUMkM=,uptZX3QdWYRQ2tKSPIvnaq6kGMPs/XEvs6qOK88zf8Q=,3GMEE2KVEy5VTI0NAu6YeKnDzmXsahIYa1L9NPzM823/yHB4ZjropxsAt/fYZK6O
oEahizBaYU7/XObeI376rFDb8JturcaAkkcjTB7SrZY=,X+c7VIuvqZNUcDDisepWRLRQvk2F/RCKuFP34KDciIo=,85k2ZF/ryBkFMtxR2qsr8yOt4Rv6IDNkhDjEihCpn+k=,l/hjPcSkyamzXR770i4Rh3/a1FRA8RvPTFAs28ASGis=
seGGG/YuAjLD0gQAm+qWOCF72l1nUd2HG5oafHSerBQ=,2UpAixq/C4OEYEIpXZ0artZUrMWebhzuhrcmN9qNG1w=,fDuA1XmFCWMiv7SI9Jlvn1IFN7JZSYRnha7wg38cOl0=,rFlOjNZfdJ68ESGEZEG+O4w3unAB2Rnj0f87ixt/qUI=
j9dAUEpB1cTXuCmJf5sqiv4fYs0IP9l7oYxmYVxClNo=,eqbJM/34/uQXFb0biC8XXpIj38MPc8i3KVZKPyC3uFA=,7hNe3jlvJUekibNEqYUILz9U44DmWQQHeHhX6dDQO1Y=,+bmUZ05WyLSGIPl/Arh0JR9OJrNFyxFjJhXwbUzie/4=
o9Fa+1pJ1yKf8IM1suiDdYBRkI7OR4If8Q9FTcZ1ImQ=,bql2IWxJuYskLD/W8iXt41qb5DB6jLqERPkkh1h4WMU=,nchgAJEFpCtz1/XSLDrL7PwdSr4cyJ1mFd8AMeYDtvk=,zhDQSp3ZI53+uQqND93kg8iD8WGfjFyHJOCiWJoJBkk=
9cCTt+BHbV/ch/1SjniWksFiGtd4bKaOgtMoigLZDc4=,mYxxkgBl2ObbWomHgPyqBO7yJoZLsepE8k7ex+6v+vo=,VKJum7QIZQpl1XEMPdE7DcZTT8Ww/6g0ax+776LXuso=,vdB7ITF3aZdckl3EI5I310uO1gCCMuDYuSk+G6DCuxY=
OX8hSJU5RcLdY3I6ZUWwcbNkenxYwKYAPoykVjFw9eE=,3vwjchOz4Cv1W61wCmnOa8uaJ2kuHDllJfXwTB9TQ8k=,GxXfdi7cIfa3P6n+nXgQ72XAFcaG6eLZI3Pbze3y9Xw=,AIBotqrEmdzaLsF90dX346yPnwN6uqCSAmQIyMUCKn8=
D9HQyvwu3R39zaJD5Bn2lJgDCLkSp72xgy9r1mnOm4A=,2IkclQ16wyCUZGcelB44x6sURlqr96S6tQpVywpTSOM=,VIE0eufb6Ads0vsd8aXb3zUI1hsdSMdNt+sIHNl/BUY=,b0Ac2McwJ+jHREH9qQfejeDTKP6IRczNr850M/dLR1Y=
31z2WkBy8fl/1wPZXR6nCLNazJIMHlGCrA9abKEeuf8=,qkUcVTz0tWXZd9Qw7Z2WmqD9IV9bi3z7CFaIGzZA0i0=,BwDninJwW0fGbUPfFH29ESd1cCmLy4uHBAA3bKmy3ks=,c8cx6ALlgTM1VI5r5L/RJOhrj/M5JSeBG3g+3iuf+UE=
POA7ta4PHICcB/1d9uPdMmnwHSTNMfsit9m9aInmWXU=,4ulfNs7OS8dDho88iuxOSsVcW4aP6LPMHftjGyVFbeA=,boQ8A945x8bmmJ88TFLvbu27H0WkyoM6RxQNkpdh/IA=,goUgUyHU0ELmVGeeF49RG74Y10DeO5beumORkvMuyoc=
nuPtVB+Fpn0mRbOxU0sD4WvbCcZ20ZqskWky0X8Ju2Q=,Yfxpb42P5AafHIMIsD+dAuhTvvNcOo7yOBLnRGMYcb4=,m41b4Kd++XRyJEAlwFmVH/LBeQABN4fgUP5glWdZ5bA=,fGxB7X945pOs8PrYdmN+h0BzHKbFhTX5eEZFXcYQXNk=
GLzWpqfU5+c6QTEOfnhkEbeIS+cBL3urIyvmi0SvMCw=,kgvLj+BmN00iDA+9OoaPbqVz9WUmvkxxIlk+qNE2iYc=,XxGRrFyqTkzWC48MRswDaUa65o98SytwQ4kux+qSwE4=,ZXi47FTT4q5ncGZRNW8DvbLOp80FTrSSlHGJ5CqArSs=
aSPe1AdEkO8k8y33RB6dyHZN4nQPYJqxcfdd6odjpwU=,/2umsVbJ5jo/H0axNs/WEyfgd/adX9JCPM6ceuGPSY4=,EC5ZrNwxYDxWGxiZIIzfgOwoTRaw2ZwcVAfYJnCkcjk=,KqOi+3BDIT8pwQ7XcTEZrLoYhtqqdeFkcriY3Y7js4s=
EnHt4vgpdbu1i9O3Ui16OmwE1psy045awd7giQpRupk=,BCPw5s1TbOdYNuSmhSE6l/SB+mEsQ3qLs+4XvQ69fkw=,n4aFGGRoSXtUa9ZQEaeEd42/cPmUyJsRAxNdzTxS2Ws=,pSdERuhUB+Li5YQL04Y1A1vXVE4gOOXLX5ELuYYJmRw=
EpvwvDE5/tPhCgkNaoU7bpBVQbRp2T/P+WS39BsQwIc=,NKEgAm/q5inia5yvx6yNEXxeZ99zoC7nshLBfBRAVzs=,3HtYJn8W4+9N8s820zwvaNm3ytDd1Lj16w31AD1EkOA=,J55D8OqOg9/KFKqP2TsHY2bU5MW5FOKQ4BbUXuFPcHI=
U0c10VfR7KqhhtASaeTrRD4UxmcBlsOCn/gSIuEvg/4=,xMSH23qd/Fm0++OCi0inOYoqWA2F8HeTLvJQFS3YPAg=,zu9s7L0fVqZ1Do6oRJIpYXIY+B8ZkvJdfFWDYDfmCIY=,l7Rlo45h3QRJmD7jiqb6pnfmWtvldlejKAtOwjWI7RY=
CO8kf8shXg7DuK6wTPfwNmrWl/SQJL0aqvNMzhJC93E=,xIs3wzzFJtC9LHu8FSOmsAFM49lTNUeAzdCLn6kmWjI=,covC3+XwwRSdlixCLffCog/tdH8p24wXgrqMXsVvPpE=,Npx26EWZBPENvFX/9Njz47gl5AgDFfsSjQhAgWE+P2k=
C+kyVzyc+ZITmf5HePUKdVX1BBFXjPKQL58pQIu20CI=,DJUPt9SlcQzPCzdNGLKQvVO8g8qzC6DhbLbWNlnmCrM=,NKOpemdT9x6PBvWAJyV1Lo0nVUHqjNoc1p1IotoGe8A=,aqSO3r9zil5xtvBqL+J2efrrN2/etWoWc15dZp7FvIM=
zkeAEs0zbsGx92SW992V1XJiIJgkagn+uY8bypzJyEY=,RdQ2Uewc3nJeBgiUp9gD9gWV0fbsgCu15VLqZ7i0ymc=,m+8IW+MM0c9vC+oKLO3Idbye/HbO74vZtNG9Xb+D5ZA=,oT5vqRv7Xm6f7wP0bkTN3HxSj1IMYv7kVkvh5mzGrOI=
hbOxPhm0cLGwAdJf9CahdGsEysfMHIm0c/6nWNTjYmw=,Wdm67/GlehAUJGJJYUW6Boh8IK5GuN9JCJf10AEbhQ8=,C1EOna+jlztRGJ8bFE5dxz3MHy+NB7zJc6W39xuRBOc=,J0kJGQmPOzIRhN2ioIuuDkbBZVsxXNkJng+sWqogZz0=
TLT4NExF98eB1+c2ONMLmOjSEES8oNeYocS6FIeUGqQ=,NwXWGgMwo0/hzegg1I4JLj5IJxzyU54jSr9UWWCtTqE=,lxH9IDNlx3WJZ9QaaSXKTGx9R3iun6OY2lz8PeZQqEg=,qo7MRi/L46Bd5q75T//7yMpy2v14RMpdwdJZy/18Loo=
OKPbst+q5hJNWmFFT8+ZxaOJiiDxXxEwa12CgFfzyh8=,2pN4kvw0paVAHrR7Vcgv6c1n3CcPmuVfXVWgs8ipwpk=,FKZkyHoLhO7IkcZpuFUVOmMpnKY9jw+QznPE2EOqVRU=,KpxvNWWlDglgSnE1KOrmn8Ceiyh07Ido9spucZJUQUE=
+SdrQqfrrvrGjTf2DyFRTpii1Qp0JJq3t02gE7yJsxs=,7GMWlY0m4/X/w9M2QneQqNFoXXpGRF1v+EzckztqcpQ=,DzrNsjE2wk3BHjhjNSAW0YFjWc5yeZogj1+kRDRY5KI=,ZVOELL+Otyo/5TVhC1Gd8NJydXsxD/V8brlQTesx6BM=
N0Jg+caJGc6TZPki0Chi7xtEURYU01VAhma2TI1tZv0=,PDiXYutQQ/5lSWUsqp3yGj2Kc/TGrW1oDOiKPD5TD/A=,6rnvGCpjx3mLtmE1erLKSI70Xn8sKNXghsSes6ZhgNA=,KXvElsmfslksXcKBz8XcwjkzrsYUHwiHfSfmyPBZLcoasAdQf/3Di5q8eJvwASOD
Ihlti1bJGxDwyJgZwdCO+BINa+B4rpJdr0ZivhyxNMw=,tvcjErco9ssji81PbwK7BjfG5gTx6iSAZXLWWZJkZRU=,xUBB2Rfm/lp1nwtXvzQuOLuzKhMo1lXEyO8994ibNKA=,6gcbf+AqRiYi88zwm6nYG7xvi6wLwStMDqiC3cKFc5E=
AFLOYoVBMiIqNbGRA9bKn+VCylSOcxJeCBFzsOzI3eU=,a3vN6fqebnPWCPZcTexQSCj50kUra2YEvHzqIUDIjcA=,lK1r3uS2/UWJrOxSIugqaNzAElA6pgotPGeXQ9WPCMY=,WxCiZXvjScmG9ejNbTGVGzZiG8C0V0ji9dsnioEu15VwA1FvkEDyC2Jx0YqZTled
oGo/N14yR61aCCJ9cfP6/wwunH+bF1pT/TShD5+iLQY=,pYqwBNSHm10fL7bLHa05sNnzwq7Wkac5AQAdEA8/NQo=,FAw58onOoPuQfDo2CXjMbB5Iyks9+5UFSumJipG9wFo=,YdAREW8wSpLAgkRHtp83V+XBU3RuUmZJ62CQ8L5NAno=
1In5CcBDJFbEj8ALMBeu8m71IdkVWArjuFQW/pldNXY=,/hKCKem8h3vGwpo81rPqp1vyN4ujIwJkKX57Cb8tjG4=,UcNXJ0R0/pBtZk5GmrJoiY3JFyZR3YtW+fV1xUcOGyM=,pbI1l2stnXZqe+BP/T2DsRv0omatUmEDPTJbDVHmfbaGAo5pJKUpTG9bl/2jim75
u7FPlH89zBHvzCE2q1T5iUl0YETauc9tJkTyoruvTVc=,36838QrkDkVMrn9Ro6VH3sXb5WEcUrtHeCbWtfnUX80=,C6Uhvbp73wm2y7+9laujVZz+UsJLbzwOoB8QwvvzuRo=,8rgo+7w2kNAXAkmKiCSAAEh/Ck1v5bmcLrqu/Y8x354=
yhv7ziOy37OjVD2LFOiIUeqrZsGlXWCH+rPhOV5kMvY=,L2dQAF/0IvXb9jdhoizoYrux+03rxthndPSluh7/koU=,i7HQxVUKKYErrH4CCAcpIPenSZm6fyYNYrs+hTYbSqs=,QbjYuIA1DnoNifZLLvi0saZx7UcrhR+TLdzGx81TORs=
CeTUM6l3V6L4aG7MK1zpuedZf98BkglT8XCPDsxmk0A=,wrcOFaoEuPT7M8N2+SgYG8ZK1gN3N1Ch/Q5W0Ka+/lA=,AeuSNXwdaCwxyHTkvuwy3kirl6bIhhw5SVAOZrZQ6os=,meEtHOiGYvziD+GDgEHbo43geDfus6/+0ji7AXuUViM=
1QzZ7j8Ue9cZHBdKOSHBZnTqZ7viF5diQM3GRH+kpEM=,AVGieI+jAzXhfocRSKyihz7jxI1bTALHnTdt//3Al8M=,C7C3qO4zbwH3hrY6Wl2jUISyeQj5lA8aExKHu90LL4A=,tCH6VnfnhVRHNhq9SWyGy/qpktVbHDI4izzePht2bm8=
iZzeruE6tmI85PWePoTvSINtBegQ+TzYudXrZuXdKiI=,zB/Ov4EIeMBAbF+vw6up52D1aeSngqfNLHW0148Wbuk=,v6NCOOUKKlxouu+IR+TEErOlPcbfjQs/A+9tCH0yshM=,v6Ed2o4gPTzeOfb6KvWxDGJWL8fsF2LRFHWxF3CVs44=
TQNNrXPGQAb87wodEHaiugfc1Xcz0sFnOtp9yNPtYBE=,Z8vHJUy5Wla5ozPmtqICKrKmO7patsvX2t4YBw9q5G0=,Nm9lO2yyvIwZOqKRLdcfpGeQ5fBm2eJPd3M4jkylTIA=,YNebFqiCD5ElXvhTNQbRrWm4eXBJFU1VX/0oCw+B22M=
El6xxS0yrkO4O2rqBdi6Zw+uaC9aM4JvbV/YUcUu9xM=,i0TI3Syzw8QbFEmblI4G21pCy53IDMaffAm69NR19Ag=,1oXGa4/8IcAgoz+TpsoS8ZF0J7HzcXjapgF+FqgNneo=,dy6Ldob5OILgd2Yg+aFZN0eERDMHt1AjzBQdJ4oW2mE=
LjvHKgTsdjTeggm9YrWfPWerKsXFKdODpyNzX19+Iro=,Mt7cUOKg0xUl1+ewIfnFoXxOrva/BzKj/HVMrstQbD4=,J++sUFPoK1iVOXe1Nn+TgTjB6Sx8YyLuhL0yyR1zrxw=,jSHbyitM1yRR9gi/VzrNdJcstNsIAd5uN6YV3wuIQwY=
3AuLZGGZsmPjLOK97DuUNM88yYKMgwR12PrWaKfMql0=,lxCxW/eGiI8Yqxc0NkO8Y2basjUc3VLvurX76N6hAks=,v/vKyc3I8rk8BMY+0upre7cTxTmVdQ3ftdS+XznLQh4=,F7uvs3xnpKt9uNMwaEdhemYxz34P8XfmrdiTU7XUZC8=
7LeBJmYEuPoZhFsvOu2M6upfVyriUXKA8KNg/9X/Pgg=,a65O9ZtO4R3rhGeHufUXkM4L3XSJfCDCmHzCz+snUWU=,RgZNN8SKhb6A80nJSDokV5TCVa2QefuwGKPLNg5bu/c=,1bXaI+swni5EdA4antvLKOS8k8gvejmRDj3XWOxwP2o=
xzfgYcTXsbtbnIVtrusO6JOj4umUK5KHPs1auUpH7gk=,HwccGYluE1yEOZYpNgpXXIxlQjBC9s/BmDHEwLCVqnA=,63QE3noXm5bzvns9Ajfg8b3QOsmFDOiXi7fVYSDV3PM=,+VnrJnZFCB3MABQEpoSThFt1BvX7jjdgA2tCnTTZaP8=
sU1VHozLUnflHFgfBr9VziacUUf40e1+Cy4QHd0I38k=,n78drGROV3INWM+3DTiYTziCkj/DD8v2WNbR2Tfq3IQ=,Y54ZRWtyqOUY6QxCUYxhuMunM9fS5760G0RybnSyimE=,qLVhtbYPfUjX2d6dajxIPl+aptvCHtKq+ILk7V3x+zQ=
uY+9H9/YYzO6drbL/ANQvDz5wKfl4o/cUiu9UmZTUvE=,yHv73uTOruI5jOCauashu6qPGgwQjYHSLrZ630GD/0A=,kVkTa4rRP9iejAmCnzKLYzLJGFI6+AAqWGtUoaksKPw=,hTIiplLTi5D4liWNZCXv8eJKos6zYOAs7a/nkMpLKdI=
HMcbuzz0AHBGO2iieVhBKHNOyJJcWtGt7EgqlnVML2I=,JrJKqs2B5yPzy56W7GpgOGWohFzZl6SiuEp5YfBDwds=,BNYn4r3HdXovJO1yTjvSkXdL/24gTglbpk9AZUVlGfA=,b3+EACr0gEvRfUBKPp2gT6G5ZYQTc++diqT+GnHlOic=
7uOLhjDQB1qTTw1/H1sSkZj1R7nGSvfXOpv3gSBPqH8=,Q4YoJgM4g2Q49k+M8b6agUxwjmwl32Sul9P3oDRCEuU=,86FVZDWp/juuI/ReXkp0kt6OQIpRV+3fXSFtFn0dbn4=,cvhZiRjMWZQlWUDE5U9PhClHuazNm1kGj2zWVyjsXzg=
51zXKzPlU6R0UEig7tdI5pqJWlLk01X1H1f/+Ok287g=,xoEXTcNZHSCJzpYzR9/wcz5XWM10gcjgQQMWM+RsZig=,vQjCpjGqkBW8vRyHBCpaA0GkFeDx8NgMnjIxcMrOh6U=,i5MHtMTkw16ptUy9unf4xpczNqBDMDrl+z5Xc6j90yY=
f82fNNp+NILzwxETD6+Y3vToC5xwBBez+f0FmOQ3qAQ=,uQwwZNM+ux7gUNl/9rXX0F7WzsgpQzbA0lbkzU7NYWg=,32qsRkSEkKQnaWenSCh1I0fVjPJUVIG/wvxpbgHLqGE=,WPe6AL+Zr+6kCNCsNZXcCwIu1zW8qrfLgu+aPddBEyE=
ehdbx2VqC94KxKzjNYZr4wmnfF7k0yEcepbilKZY/bI=,R30L3l5s1qg659Esy1O1MIN7qYrht3qIieiq1iWjPSA=,lpCkNab0mdTwBLe4SpXTO6rgxFdrqDcucLbDtj9A0p0=,5JHF+0bpHXmBVRKhwga7aJ2hxXW5nL0dCJjOaqxSL8s=
WQhc+GZlCBQ+0ScIjdgNNNeHMclqqcSuRvqqSEwXE78=,/p5Esfpi9vmxgpZaqVg93r4A4u7DFwLZfj3VV/2xGF8=,9BTA/5XnWeUl1LQSbqZAAdBHW50Bkrq1I3s4XAkpHTk=,EA+PQszieHKFVLaOIarvfr3IJFx1eWUW7U7tOGhvJeg=
A3IaDdmnHVzPA+1mU2taEe866e4y9TH5wd9vGOX9Tnk=,R3hxgTbob10089TYEqrGtiocT5X7xCgFb5otmmEc3Bk=,K/LpGfCF/rJwGtn+CoT+kaiGM0fSuZsVFIbmv8nO4qM=,LxNJIDTqiDgeauk9O4dGf9XKQXmsj8qTgFLfeBLQ8gs=
oVH+IWioyjO1dar3SLyeiDcdyhUOOWIv1HDtt1/8qJo=,+40JVKWM0nIRfpAIyYDHfJ7AvXgzjgTlZktrb9yf3mM=,G8HM7b+kbEddB7aLJMYcsuHEAxZzBFuahtssp0eZuYE=,CW/BPOjeqjHV001twykmrB3xgQ0bCKY90uxpEDi53wU=
sGs7d0ZDbf9cWegwZdF3Aa7gsRvn+2Ib/D24US4+neU=,WmhK52zmak7kDHp6Ee+eofLoyvbguKXaEXhQdTuyd5o=,LobZ7Ya0RhR9TQankr9VqhW7JYJMKe/t6NrILhetpcc=,uFSezpjt/3KRg144hwZPe41ykXBV3iWU0uHyzd0sDEM=
AQ4Z8xCWOkkMcsOwt7wh+pAg9uciXOSASp+4lE6rp+U=,hTVcEol3AgRFA2Wd75pDoI4PK1vuc/w6B9EX9RA+TZ0=,n0MmkP8ufnK29rQdFup44kBAVc4UDUGGf+TmWr8F8w0=,DJSYzkW5hLzW2hIPMSyW0P+KUtKDBw0zSCtC9SrMpPE=
vr97ov5CugnJJIeGi7kwSyFsY4E1WfdnvGjSx6gFcB4=,lQSV7m71IyQdfJxrPMOqP55qA3Pbiz4DmAWDYVROrqk=,AhNTOzmoX2W0EahFftvAKkH9UgBMno5oCkIgt4vLBtM=,/mqDOQBMf//em64TIzEP5hId006hDSOayDbMkuVo4Hs=
KwDRbrO9sv2qzjk5GFO0tq2scMC52vDDn2o7mzV/4IE=,Za8QOqpsMy8I1TmIXG+rfEBhHa1t7LzW4w9YhIQ1TqI=,0I5VLkc6jHceiNwdNs/hZZvMpmhMlNckn5yve0Y2edA=,ujh7DfYzQPtmNy0SOfUmjXfcZJyS9WvCOloa27SjaKQ=
lB+mQ7Yo4SG21bHJmkyDi4koDfO+vqW5H5X/WZsZZpg=,feXmQz0mnvU94LjwWXR/SI6pjmMHz3k34g7kL+nTn3I=,goWPgE7XyQVoxLd0uUOp0KUoB/26bSMpNHU+4MwlukE=,g0E0rnaBp1Yx5XYI24QjZni0mTi/WOo5K5lPtjYiKTQ=
mMNzL9x+Xel8uXvYMELr13XZRoRyVHf943cSs/Wo//s=,/hwruPzNALV0DzRbDkrbNJe+ylSPmAsOksxsfOmEs+I=,baQPUkutm+RauIGfxJoKlXrdqqSExWsAo3ET9eoURX8=,wObU+h1QSOFiD1PkrmmGoA08uychTj52sdqDQtEP6Jk=
mQmhoG9ZoXRasZociKhRW8mYKwdrF5NL0f60zoXWP9E=,F1xz3fwODoJP1ug3o7uZw34zKCWk8t/25p6t1yfXfm4=,87Owv9kQixaPADKFTS6eUvdlocCb9cTo081mpGUt0PY=,v8aHa4XEslopTcSYPT82kLb3U9sYsx2oIzgDYwb0PpLgejW9pCLWcA0Oa5yWx5zN+rjiSntffGLUu6EhKaFoXblQ/zqdPesHYp6/SdMiN5dgrDM3rIChigAG7WI4R2RC
nKI3qQ6Pn+0rzQzq9V3V9EB0iwpfOGcQ796n+WOmLPU=,va5z4YXGMFqgJulojPQYcITCl1cdRzdBBbxRGS/DvPM=,2YlHmrhuf+guJYvhoyAEC8KvlMC1WH71jscBRUlkAKg=,Npmt8jztjdPKf4YlQT1zJPmMW5U1+JDD2R+Gac0WTfI=
N1H4rzBaaCyQFJu60AcpSAn8CS3ZoXchwX7LV4L8xbg=,T/QBT7wNuOq8SYjcAK1rZqZEdKDIDWgg0NAugkHkkKg=,fSYwVuZCgvbG7QPYDRHxYpUTBHqG98BpKRUBsSoWcGM=,POnC6isd0ik2+xXrdh57mJSWCkKzY3QRS0J7Bq/P/gs=
kcCTS+olyy7TfnHfRp04pAQaVeyiYYE6aJ2YOeXjKgE=,rWmaCMtuc8x/85jnYsA/sOv85T0iiBVTHEQ4fh0AjpE=,RK+zrOXg2IML/5GHjv4MwCPfPD72eTE/xfYbxkvhZoc=,hCFWfLN5sMmokOV+NBiV1oBgf6cQPavt5xlnVOq5VEBo8JF/BRoWHKMFK+OuHlzrMCJNfhkxpe0Ob+uj1EjRVVTDEdi43/p8d2tDqR6wnPljt5rm46nL46MLMaGxAOIM
Qf2TpXVyXlZJTaGAGH9YrcmhKavhq/Utq7dhhniXFSA=,JnbAdF1LiKuEnDAsZRh3KN8NQzEZOm75YffXy+RJ23w=,wEvWmAc+BH4AECoF5sdl63lge5t3vDAF9WtGJq9eHko=,Xuuxc80OQ8A8h353DDRXPdzWHDdY1u/4ZVEx2d7q930=
PcFkqM6iLc5vkey+rYums1cus+6eLttvAwt3piHvm2g=,w64/qVicvn/uQpIdPjOXpvlCmBx+9AbKAJDchx7xiE0=,H369iFM84C7QLdz7MqNDzkS9JHxE0wN+QxLwfwOzYDs=,X6AWmVFCCxuBMzgfWgnW3xooidibJm/d5yYKSrGObYU=
zHS6UyLU3b0LCP0vHMHYM+I7bgKm44J7o35BS5Tfxsc=,E1riYgEFh3pjSjNiQwzviIhoHu1o2K0QxnTrwxRUgq0=,0kfUQAW3ID1JaGBdzSHCWaIUvX6U59V/CtYNUpyIOXM=,J3zvaE2rbjxgGfHaAFnl/QjoUKet00LYQLJIq113wZQ=
R5KDB+9s1uVv/Ep6CbriLw1ZNWIIjI01bKtXuvYKr30=,ptON8ahkIW38yOgoHdW36PZ5aXtTs2adzATwDQjAs5E=,6I/HldZ31kvqFUC3CfFzj/yrQAc3/qNHmhBlUWut+ug=,48CVA/B+vkokKEKHt0WtAHLJcVRdoYhH/jisON6fxhI=
ecZ2m9r8hzbGt7IMTJfjwCcttWpScG9bA49cmvwTbTo=,vYOff93OLE6haJfdTW/ix3QWNrimmBHKxUbWYt0NBzE=,Kl2yJxNyFJbxa+X2AxXg8VgCwVMYFEuojoTO11sqIY8=,6E7Rj+Er4dI1Sqmgj1HBxZW37Q9TmuS3StbeeE98l1o=
BnT0wM0lhxzB1gIHVIvYcpgTMuTvopytJnqHgWr72S8=,yOWEeNOXzYeaFOW/kTRetxogwRM8VitidXfNpt2QXq0=,A2bCBpFdyZG2odvoGSHpbK1zpmS89bL96E4zj2QWqgk=,1VHn5lbuXgMqMuwlcJd1VUlazsgzchYtn3tL7bLxM4I=
WNJSl0fqOu4jmfsZmnEvtZ3bT3lL3nFuZQ+jN6RuUSA=,6mC1DUA6URyl50Y0/Mu36DVQ9ohMW+2F9K8MKs+bfOk=,Lo850DjpLUiw+w7jxn4FYrqHNEehUUV93PITh1ajqJs=,D4Bdbt8Ah7ErR151IGh3fudBU0H876RgLVM49Z5JKBI=
77ychhR2bwaIOAjElFKhZHw8m01/ok5zLohpJDCHpUM=,ZkXAmoNc5SBMPgBuHJqczHxNpsXZkVEP2ZC18Ii4Kmc=,EZPFVbbXBkaMUyyyVSS6PZYvpJqVbMIx63lbJ9dCjLw=,D1eV5Y9yGKBPC8UagDZorCg2sOhmFjW1AjGvSpTAdgc=
gFUL20MpJUsuECWgzzsLdBAGjJo+zYtMfeD96q1w3/A=,hLVLDdb+vVsXCbMZF6Eqrr9MQAqS+IoQYHhBElaRxvM=,HwjZjDwdq7dmWrXmZ9bnf9ZAcWP1DjRYwdvhmv4iTbA=,nCmAhpaQQCx+sIx2ltLrz1Qa93AnTGIch07RIV6g6Gc=
0Tuzhwc3G3l8ZCRwTcF5fwCaxk9UbvQPiZycX21WAuk=,QrmBHHfGsjPJTd8cJ2URgRTTVVHyNH9FpZmTDAXRqP4=,O6NOneXVHsP0i3XHU3TnJimzY0VMK5FaoVzj5rqBFVY=,b6oGVqEYzyo3tNkabTNBnqWWMzDU3rUgFHtqrMs5SQM=
To4CjTUYn2Tkyqklf+sECj07UsfF0TVEJKkV793g4aI=,cfzyh3902oQD57IcjEVbAGMCY3Aa1GDU+pbUmiffwUg=,MtKM9bhFr/fBHY5QKME3M8b4an/xFR2KUotTIjOWieo=,VHMNcfaAisANZlI1G7YV65/K5am5lWPxazHGhoRW0Q/1C0+lXnGc2S2cmFwRb5RkX51TepEyj08S8lHuhAeRuNMY6lfS0RXW8HxzovOqVhT6leX9fKzmfaeQxElSbN2XoliaIw+8DyS2rQIPZQHHUw==
u1Jku3sj6Ru+hp7qIgejrKY7IIjgwY9WWR6lvlTRZSk=,Yz9hDv2nNNspAlvJ05xyzKnvb2Hrcdc4FrqWo6bBt5Q=,40itTiDMdZqAPdT20ipyHNSXaj91JoDjnjrekwqaA+s=,wqdzecQXtV637FaQ37PBhEnqslO8OsikRm+08HsQj60=
eSSxvQZz+pjvRmzQJ+/gkH1opMC2Z1VGUljQQ2DDYM4=,68LB3GthXs7P9oH5VxvrfLAyK076KM2RG/bJeisU+nY=,XqMCBlPR0bi0Enl+ZxStb9InCouGmzdCrQAPU2NVxxg=,25bYQG+6I2BSsIsPZZW/s6BIpBQSDtA9Tt3u1C/wNtw=
lz2YiGk8CDxoZzGhW3ie7ay2ZmsV8dHv5Wyv1C426us=,frFCdXPatckvpQa2N+aqHZWPMPwP2xHSXBz/y/6VFFI=,lwJPyeSvF9FpG5NGlgd0wveEXoKKgstXx4XWi4td3Zw=,RD2BkY8fJ2k250PD/hJXBB1/C06UUQB3vKRZyC5Zwk4=
I0IhglpA/wW7148+EZbUMiW4+1LgtB8yh0ACKKRI5yA=,lernzn34MWoUi63ygUwbiETT2Hp3CssUHATk4zmTyU0=,diIUkCWHNWgbu4/2dzEebAd4Dd+XJrKqaPqs2XhzDD4=,vmwR2IaRBarmQ4vg8aERGFoBJdO495WUwXci7GFyztc=
GEyzKaL1PJ6up25oPMZxH6Nd8nbj6EZIzdrlh2LlVuQ=,ExqYnl8ZmzDXSpaLdo6aGvSTidU/Lmy5HfV9X0bzIz8=,GCFgufgVvsSjVAVvmisGgNuEO34HEQEbHMFlt79wplI=,lQkw1RpDRakfCvLaV+f4bIzx/IRxCwh87t2gr56HebA=
frRHtjcK/5FFl6uZl2gVNUCSxRYbKJ/xjwGmkmLLKKY=,7po2IGTWkN3wwxaMStr1tONgf4k+6LeRTfgTCj+fvjc=,K87oSCxHWHz83qy+RXoSq1tNAZfVwvlfEdoaCe1Qivc=,UA/4V0S341PljU5NMwggS1wn07XKah/859qra0kuPKA=
Uf2q4feTnrwZ+GntslIVpUDqO2ZZ4E8j6KPyyDtVJCI=,H7Z46DgD1Z2XilDKqROeXaBavuWmojGQ6R2mRMRm1/4=,DY5RQqgw7JssbLvpoU3Uks6fQO1j7YXyQNYcSPKUZ2s=,gfgUx9A+WuCO/EtpCgIUdB7+mcn/3wnPqfo2XsqzoH8=
7C0YxL7xSk34yap6ziDIOSKeYIMGNHMJBqjAzFLSB0k=,0R3x89UantWZM7SCYX2ykAPVMXatCNZmRGjBKozWybE=,AHHyQPsiB763xLlVOHzOZ0js6PGkavVeHq38RwgZfzc=,iBkh5ZvhTHMGzj7kXv3Y8HiBNX66N9bvi1KbA2YgtEg=
3r0o/QNOJTAPEBcPFtrTIzP8t274JZx41jjkzUoCiTA=,Dd17CmJi+zHA6zfwKjw4e2CoQ3pC3G/XhjQkt7DxS8U=,esPTbvaRuHZEoWRXJZP4HUQpSv/g22fxMxxx2h8NWQg=,GO2gmdf7lQI91/ynTEn3OcxlhHBo/7vqT5rC1gnqvrA=
GYEXldR6doJE7+ayRdqmg+U/sfnjZRdEBM6Lu+uL5tk=,vUYzp7pVscAO5ZszQf1yV62sBeMFqJodbxzMKWizNhg=,Jn4t20eG5FbSoEa5CvyNp1hY9z1s31/iyF0fFLBvDcc=,HQxzfS4gK5VnICJ14ZIffQGMvGng7xuQiX7ubya5/HQ=
jwntQLw1eMkUjCdDCQ28/QcWZKeXjOZdmJV5WA0Dt84=,wERck0xREGGx4K9DVdhegz3IKHtVpE4L7t136OWTOtk=,BOel24y5Q+AGbuzJiEL33jRqNRxlBLucgBqOYT3+GSI=,6iCFY9FFlCR6ZWtUXS2w1dfJtKYPhWl7S+6MyWbKuCTfBFTOPphDUIgOJtAM4LXCOOUOg3oWpQg4ooKCyVGzSQ==
ujlP0zJm92OgAhuMARHo8S0FcqV06tIVk7ackqyVkB8=,9i8ipoN919H1k/NSq7mx3AqfIeh9l+tRCvXvm+6prTA=,TkJeOTLhJMMb6mB5MUa+BHiGv+XusAJNfwkAg5FqsuM=,NGCITn/MXubdTJ7tHkQtmx3NclTik5awiUokR1PtDlmKeAgqiascyhZiF00YPfkZBqzF2iNi2XSjzLXB6td60g==
SOoQgTFv/hakX7TM6oFxgnmQAAbfAFI/oasYkYgU4Jk=,AImm/9x76xUCWhX3D9P3RC+hvw7q+sT+5kbCQcamvgk=,fC0oHqIEtrjivaAotcT7Al4ustnq4AM2T6FQK7/ckqw=,Lw8aJOq8U+/gHtv+sYwv5K/oOXxdLxtsULkRtlTTQxk2Ye/x5x4lEg4OFOBUIs8/
M/oT41dnuSy+tZ9CzECGTj7MJNayggkrWeQSZ6KgITI=,2EXhBinA6LwmtnPpRCAPiRG+9kCZ4L8YQhxuLacL9/Q=,I0XAdsiT4IE3kjFnhBr+765i319UKikaXgggffedZOs=,k+216dZ9MLxG4BwhSMQovHxP3rQMQKrDrynbCxNPnV0=
yFAu5b25THHCgweaTgSu7L/7q+9qe4JGMxMilDz9BxA=,2/CpZElF145OECnkQ7mtPQpjRKOI6DZLuNVWDcIakw0=,8mraKuIwbXqV8JgGP4yiUfuWn02m6nWatw0Cak+mCts=,p5I38zPg9dOEGHPS/HJYSxi0sILbZKYMdKOjj2FFKCM=
D8as5tUGa2osCWzXXJskT/6ZnLOVJIMhIg5dY4xrRLg=,swUMgCW/NRnhCOVehUJEQvupDkLUBxfIPaYXqzDlUPE=,DeIdU/TSmgx1Z8Hb8Zi5N8RnpXr4pKSw/1Rewcn82PU=,2xIg3QJSq0zrPrTgAqDxJOstqrDAodB3Tg5uT9cp/3+18JBH1wjGgaCvGSVI5NZF7UkFGpnLDEGpMhB+9C0GhQ==
p671ezjmaJpqZv+Qs0rMvlWIJ7HUUTpwJXjpA1fIEyU=,G/yg/9eksLmguHyUKQfOnQqdNCv1bRuIe5geh4iYu3I=,mxSGyCdfQBMjOt3p2FtA8d9yZzmDDI577tCp7QIJsv4=,2wnjwvnOM4C3ATumhDzQzy1GTCw43Wl6XxSzAMNUpYRnf/bQDtjeJChAWI7bk4jsJrp+J+ogbrSreRR2HAif7Q==
3729EXUXUuFY1fb0Ab0C5jtgRPZAp5clkFgDQlwoy7Y=,kRU1IPdtz3WApI6vpqoEqQw/QieVX6RzpYxPi2TJ0MI=,5uz4uvmVBXNAlv+Yk/9jNNReB5ljMVJI36q78oqkJig=,RVdECP14UTr37HCXOvJZpuW7B8FR1OyVe71B0m36HZH5e6E/JhrQp86231Ansx9D
qVnTL2AXsLb5q6vRNv9ZVbwLgPPfj8n2M7ALuvGB1SM=,+lMB3tnAumVykgQcnUZv6VT46/jd55eyj8diMtCSgbc=,pXTfGnmnwQF9tj/ZXvSjFHELoqLio32VwfXIX7yAwUA=,KVpjxVB3i7qe1I3h2w3dWYfdOx2lQBTB4hHUvM0led0=
tw2HM/b226ZWBhfZMpagQKS4jbmA5h36/cwwm1cnM4M=,FbvQXDGkSP6mzxlSpn83GHy0ongaUA7CMqyvFhRlhCs=,ospuwXiNycmDkYPJr/AJvpyQnkRWqyHfQ5uvVwCfvfQ=,bqyNLiFPjUAYZ1hLdUD8FyT9e0QUYKyyA26dMcBoI08=
A14Hi3LIUT7jfBTjQxHZzyp+YE6/3jeivOZpVBivZsQ=,4idCA8ggwqcCDMtxza7+g/JAzu/ws4k1pi+HF1jVaGs=,QYbCsMGZFl/pLKTjv42WuQcrd8V7QAAVz1Xe8rlZfMI=,YlX9e+FLcEhM3hqtelml7voHMEsKA8k4Poce/ANzUws=
qYa9QfaVDTS7Z9XLkD5tE1IARlEI3Rv58DZXbNtmNvE=,KcIYKXIThjLDHI0xntheUvzbVPIbKsGxHZ+MFbc6r8k=,ieCHDzSAAxEVc4wdoX5huADeK8L+/5RjPz+L7RY3jcI=,qbHx6M7fNWFUFLwwwIy20QXR4km9D1NEx67jm9RCK70=
cEZcT896fmMIl9Rzed5A4XYkRTFPRYaTyqe9v1o1/B4=,Jlmh+e/x4djAC7AcsoTAET9X6f8s+aBSPxv4+ecJNVk=,YwgnAifgUgSla62e1uuyWVdeENAGC72EmAzt2nOOLlY=,I3uUwheX+9I83PNFrrG99ag3g6uigraVWxINiuqXx90=
WCyiFs7u4bAmssLa7YptwbOQX2U2WDqNNW68aq8MWyg=,Pz4fgWeM8AnUZWFK0V/46srQy+3Sb5AUOzuG9OlUmro=,iFTAUlNE0CceIMt1VVRjJAjKVXWvDxg952uguziFv74=,YdDGSpsuxit1mytSN1g/CuJC68STz/xhWWLgyhcmN2s=
b9h/M09Weg3h442ua9ayllAmsUmiyYTf9eF79JIvPuI=,GIU3H+FtNtGVNSh5FVVxzZ9bxkyWf5/JTUg4LakyxP4=,tEMoZob+tFI9RwX7cwlBnHZPTRNEFMxtnMwN1ca9bGs=,MgDCe1MuIR45CMscaxZD+TccB7FNORGBJEdqHlcCHwo=
7HSVnPh1PYjULbIn1m40BIrCihQ8vKmnkJzBHbY2F5I=,jnGHH40HxkSHeyEmxvBllM6NZWWzcsB2yoQsEVLIZHY=,V8UwTK3UHLRKnEIlBFRvg+jsa+7G7GgIEBafkM3Wz7Y=,a/R97kExUPEO5chp4hisYxeXZeCJGK3AQCtpatF80z0=
nuqr+5kvdfWEeGKB+oaZqcHnhse8AlBtL41Xdm3zIxI=,MLig6+sAY7cU3Pneg4++RRpWsX7R1qERPrglHG+fQ/8=,jfyvziQ1J+OEvsHik4XSD53on2g0szCLBH8JhNrgsfo=,h8iAdPz42rvhcnQmvRLVev2jzw7WSn4uAoLljAlQHdw=
HI3Wrm/pe68Tx/oCSDkLjnHQXbYR3sfnq0vB/sZJZRI=,AiIltjHvC3F9I752SCO7nS7oi+rB2c8G3r4UxgpQRqQ=,cElYJ3oQDJT0D0g6uCDtlGyE0Pl5U24NlJ1ROXex/d0=,KKQvmQriptLNKdxSoSTfm/YWZeW9/bCw+j5JgDm/dA8=
9WD33XdNo3+Fe0Jg20NWpeZdwBFdoPd9btQ0Rz5zeZA=,SLG4dTdl48pjkR7YXSM8sfRY1q3hxZ4BS2tNcJiZnto=,Carblkfw1viEmzBMtQamLWUCWnaUbVFpdtClFL0QwH4=,puYKTmUoNFYZ1gzvbK3tLWxDpEnuTaszDCbLrNqHuRs=
itw2qrWe1appDS/4JBNAiPqmVWNGPGyDx9M9OwmYDhw=,z8Bb/MpqmzQD1RrZNAVnMbW7tL+zmFKbum68yrjOx5k=,8t8SZ9+teKKkS5X0BK2XVgrxpiNgfH4BS+mywq33MCw=,vrwiM4Bu5iKEsKsXyZrZzQRcMgLcxDyucbGWgXWSEjU=
BTH635rF1Z7CM9d9edAemxVdxKEQD5tQvUXkUM+OSZ4=,+7iYeREvu/tH4XSxsycvx30BrbMTDXs2xh3bT0MCktA=,1XjhPOEdjwQR8txK8VHrEE0grJ2o3ryAXX6XHrGhkdQ=,P6fh9oKwuzpo+kuUKsAv0Cs0p6vCz0LWW3AOnRmre6E=
Ce+yC0ezHxV9YAQy1OCQLZHO7j1l68B0nMQfL1egwDU=,yKQjtArA6xzdWAdfBYj3N15ehj8HBPrRxxgD7Afs8o8=,1vFLm4Ka7J4X7gRwy8ewvgms1BEeKsQ1oK8mBF43/3g=,AF3NbyTlNH6fgPW4KYk7geYJEy3ykQ2yDU8Gp43RzSs=
NOlHglTT0jFuT/Pnrr/ZsIbWHxBCALsgV8j+yGwKXPo=,VsEyQXy4TftQDrH30JVu4DGv/b8fIC4Xpq8QpW/1lZ0=,tC+NN6WuCYljXAzcw5b3Auo7s7xX/u/eCYR37Y0Cs40=,KHqUIewUzD8ziGvMfquF4UyH3aGjWiC1tF14TX9D0So=
W4GWd4whQurzS1+ULfQ9XX49nA/reicb58SUKwoEhlk=,M7XVDySkxfBQRh4+BXLLcrs2pad0LogqrNi/mRYOvW8=,FdnMaHyrwxEFgA7obgJpprDwrVInsywVBFMashHW5aU=,B7/nehTuZRoARyEH/khPSYoXK0nPJ9Ld5ABMYwkuH2n3kAFMaT7jAptfespzQuG3
DbdGQf6Pnra8EHa0n/0ynUFE5tjb/oRc+N7R6UnzfmE=,SCiHxQMCZFkxGiZiLJLcBPUET2ZtOuaqg5WJ4spNxcw=,JRkfuaO9nLy4V9dPwEPyijzaA8u8BHXZ3Ri8NxeCdA0=,IisnN7IfJZdBNHTIlsH11WrYmFLvIAoMmKQOwcUpyhg=
l5z94GdOAWXRCPrngso3c9zfrbDWH3ZXmZGb2gqiJVY=,FVBqTuhddke25QRwvht/s6Hy1rincML1adUfTG6i70Q=,P0YH/2thp7iule5Q7lR+LIpc2J2+cvK86kYntfmSOOo=,gbGdZVZzXHdr8/PUNL41duTPycFcWzjbmrHZgSyn8GI=
R81edxINHJOTYTDOJZo5iXuPt3NZLcQoBDNd0Pyi1jE=,koYBp/709dIgozqk567BguA87FiqCbM420mxo6lmR7c=,dGnDGN0d2F21ZPofT1yGqFGidheXIkhV9VR2r696jZQ=,rclIFcclPyMG7RS7seK3Fr7+xrB2/7OKzHc/jDoB1UQ=
ezWj9jM9f1+FYeCQeDEJxn8WBOI6zJzG0vUgq3qCPyk=,Fo4jXT+26Gi4JVodH9j4NAaHKZNaSzuyfv2TbbJ9PwU=,A472pavq1WG9Dv24MC234ckAdsmhJsSUDzMMw49M92Q=,0XJSXr5Ux75XBWp+bsyQ24T8kZJCzW0TO6VfJ0XbkL8=
OhLoVKbmFe25DFcdaTE8EiA7Kfx2udgTpqh2pJujhoM=,0zjZIEWmvhxkrKb6dFSg5vYG/c+KTgFuThJDfCxxiOc=,cRDJGfjrthlTXdxlvUWJCqMxD9hbQEiTlPpKl+wnd00=,2YELv4CQPuHu31uqexBaCsPCjsms+07APuZzHcdQg74=
u1arcMe2XyZNtYu8ltb09iDRs/QLATewtSd3hDzN5BI=,qLsHnals3Jp+kPBYcRcmchVnVZdzigf0uVNxHEilu44=,WQH2k5HUIfc/YOUBc2ujjLPxuMUZp2OXIVizf2lyFRo=,6RL0ARt5R4rws51yuOhCJ9QiVh9VUo5/kiUsw3h2niA=
ZlTF5PE1txLf49WJ/DpcoYCMwYzbtoMcYhptMH2wHpo=,OyDKACqlxYBWecRgfHe97taJ9mUmh6uGq/RCfZE2D6s=,mQx9xYZU0ZUDdDAST+0QkShrTEMqTMMp+3UDnvjDKX8=,ODcVRG0wy5A6Citg2vaNknrIqVGII2qc32bs2MDmv/o=
B1a2usUqVXavgNN6ASt9y4vyYYvqwkz307nQa+35f/o=,e4LULv6jee8aOwr6GFlcTlpJ+NbKcCQxWIcaXMM4ePw=,nlmfTyZJDUBYoeO3y/z5GprtvXyyXdQGAtx/AEYB/nU=,WRvGRL8SMbtO9DgDV3VQNO7lT/czpWDqrJLnvcfY1/Y=
SYLbflzONnHW2ekaDPEjGgC6yLCX9apUHo2fAtivwFs=,H7FKKrNlShbCXhg8QhK4xTJqWVYtIPg9JJhyND3MW4I=,d6/1BuPSl04ezCic3k68Zq2OoeGUDrmgaGrPDegNVTM=,u2jkdgAWynylfMaNagKwDJuiuvv2rFHSq11re94/eXE=
EUK9FKm7KFl4joc94eH1AhfO3Vt7NYXTMc6+vyagocU=,gR83Np7mLpU+grYj7Iq4BsxmMqvoCYlGQx/T698ZLng=,bzh6OVzog7Qrn99Qv1r5O3xJn9dsFoJyFmaRNHAT7mU=,d3Zy86LCHdCw7BwJSVIt5ixgnkfQdvFniKurk09kYG0=
TAaCNiKuLWBSDoKNiwnrJGOwipOpKRIxxHqg/ZsQYfo=,xLmb0EnLlzoQoc6DOHlHuJfxi2LQs8ZBSK9xHqXMKFU=,FQagutyvQedLhLi3UXTrq8WIZyV2ha9mjhvQO9ZSoKE=,1SApvCFqD6DhLg3l5NlFjfBW3TkTxJU4sksUSbYebAESyrmDeNhxqXOcjrqxzXeZBUjYTFvgkTE+bWgxvhZh+TnxHfVOAbPtcH+SY9G1arbxsdkM63ZVX0bFmspL7U50
kkABSTb/zFFVtUq5yxWpfr/+n07xavuzreYWUFAcCbY=,nUi+RUMdC4UbQigb5fxTRWgz/FqobGT4nJwI8Dz68V8=,7UiQLM3UQJ8xSoLST9F+g+V29F33bHYaMBwRxAMBmyo=,w0J5/UvmCP7BNCyDIpbyXYqCQrUiuZC9Xlp0IYE1hKXFpc0xXwxVF/L+2ms0Dcfm
FN99Wqeev208lEK92B0H6+9AKzDVvDc9yfRwZ1Uh+w0=,RcGKeAx9i+gwQFCPpDwD4iZTp+pVvK9veoshcpPT5X0=,zC/3QrOHAYF/xTwEIESRvFo5GO1sIaLe71JGUHPQylg=,3R4iWoWN4efnKKwTcVfF2rtMyPCF64i58qKc3WzCNkeHGIfjbfJ8rX25WfG0yESA+jTN5qV+Sq9Sv6dguMxNjA==
DU+VrjxlZOJNlfjVex521nF5wrFC1ag0vya5XgX3fYA=,eHt44Pff2iKo6WM5rSVpaGS7WRcx1rbxn1xhnsx79mo=,aAyxObzEvVJ7WJFM56Bkel/Q7aLjePE6/YtLTcZEBf0=,UwExgS+qlwIj27fOzB8ajiWuYxUdMcLLjjEKk4hANotuyGezOPTNHyRx7GaZ7fxI
sPmtIz+F/wfoyG5ID/FDJHlESSxkkH7DIO031c//3XY=,RxljjY1XAJRH2duJeGtDioReuSyhHbQdYJhhJWJ0VUM=,g83FE4OP8PSldSGo9kgwzqzRgoNzbFNTxIGvcVtB6GM=,8Lbn0rMuspxY25QDUtvTzaNOsUFIu+2VfrFwHs7U1zY=
HTLPJFKQvfGLKaXyTRd9kqcQd1+AfEGyO/v0mLsminY=,83lICR/iUWjrIcXBPQB2hpxVmOUwXn71y622Ite9YWA=,eCCMxZblruEh3CivMC7w+UKVACPTZMWqp5jqD3EB3DM=,ND7sO+U6mneHqWxbMZ4rh9gAy3vYcO5RTRlwnGecx5Q=
KR8q2uMsHgeuhP2KUrUWqDhAjPLjX2+EMqOesqKjN38=,5DPpfkUvfjjOtkqP+3XoI3TUc/0uQDjKIR+h61T/nhs=,lnJ4blz407EDvtEsp+sonXO9cxs+wCUKl+ueadnIVQ8=,Gz8u4dlrdlKSIqo3NeCJK2IAXNn/RXacjlfQZSa/IfXYhPqgGLdN/SNda1hCPvQfodtWs1+wX7s+Gd4m3S332Q==
SNdwXmzbL33Mx4XlWgFdkRNQ9uzoPJyqLUqMhUYSMb8=,bGOOSKchg4ugXoQKGTLdWy3H5I8RpWgLwBODztRLQBc=,BAP31La19rV1ZBsNqjljKCl1/A6yghZlUqh49K1WsWE=,/3JQax1Aq/6vZ9sFK5TNi1iJNPsNMdvdefvj8/DGdjyY98CZ1rwKirsmYXUvgd12
XMD8xcg+iJFXapdlPjNV69Ffwu9kNFg3SkvxXFX3XTY=,YnddJ5JndVbZfID88VciuoEd8b6UM+JLGg8p2lhK/6U=,KyaH8fv+RyXtAPwyObIdwq+VDgeE20NavUGOnjaMFDg=,CoyXrS/CIQ+5+kHsTUGbB7Bm2LVomtycvvuHEqw7Yk+3T6mucCqyePzJAin9OJmMtWwDH3wTspD/IFcz9tgklA==
bMQpolDLJmMS7mSk2YKjrQQB2jTQovf0SHqECut9EK0=,bS7w+Zz6rQtxygTPogdk5KbOo6LSZnfA5boedmh10Gc=,uAKatWGUEpZgCyuSSrJMjHkAKlMCFLKvSbaL1R1/gtk=,xnCeIYZiz4fFB6LX182luWDduocl4Uk01+Cg15nLkucQRLFzT5OkeEJ1ZLKpmSvT3vDzLzCJDh0saQfZR6Un8A==
iVxmuC/wXjYce1j1yGdFyLqrktWHnimYyZ3lV8rHtD4=,14OGq1t/L7rPZg3FCuvDnk5IKrFVGIpK45VQPuOBUH0=,hh9jm3v9j/pA61vAn7P9pVoI1dr8R7ogqr/1eT1Ns1s=,rWZT6Bvm/WpTIQ8CPVfbFo5stOYVWM70FtTXoXUgJw3qXeWqBgI+sui/iScL5ZSC
jr1JuNqkvV/CSi09GRYzb7PVusJgCv0Eaiis2P34PpI=,yVg6TIbX2ixsNWhswxZebdK/R4R8oH1fyZeSzLgEbBc=,QwmX8Csg8+0L4iLIwZlvH2OxdTJYZMmBZ+ZXKZvQicc=,Mgg+CfD4Opo/SRJZYTFORQSuwt1+3zb5hGLniAjBJ0/5UB/TXa3tqKViOofTZrmEFj3NgogQsNmBBn0TXIe4/Q==
Sl9OU6CBvhN3ddg/0gNHQMKm33rmPF6VUT8JfQ20dcY=,S8kC6CafBM+M/mB5hSZEIwCmrt/LSscYDOYEVu7hYSs=,eq9/zQlTBSQijVIS2IgftuIIJSAhzr6XPfdofmrK17s=,9HI+vJRl8955a8Pu7IId3BtweWMZjKwocS/5ywcJkMAuUHK0+DEeFOMpfPHYI/aF
hhaOJkGRiTFYes5d4ibcVu87CLkyuswd9Pc7XmMa4TY=,yn/ZJCzNkd1VbVCOHC6GHbPtaT+El/q/sb8z/e5BWqA=,yHlEd+nDA8TogIsHFYSBsfy62i/ol9d1zpPL04LA/hI=,ztbnIYDFISuLJU8MXESaSUoMHvRx5S3UynXzojmQZ8ZPPVCN8LXSxiPSNkj1Qd+4OG0C75uyFbo5XxUhQgjzhg==
H6KrwnDE2ib2sOErPEppbQSdcqbCYCaglJXW9s8OF1o=,vppe0Q5mMAyQMptpEgR3i/VDn1542mXW4ZzlKoyd+Ow=,SIoHZkFWqbvpbKYqKYSYQzXEjYmYrYzqOhNqE+OoIPs=,9g1SpI0Yi/nZt1rE4ELw/XkDhao2X2qI3wSUR5ulKrXsVskhyK94vE7C7oOm4X/c
E2ktvdd2jJL7wPNrd59zUrMRYC24y65BG9qoBqT4EvM=,32B9rIOfvNFg6MHq8QBdtdfuDzta+iWxiq+fj/qLSqw=,bLDsadoQryloiQx3+F+YnV0tmbhpIaLOcVZ0iplQfP4=,Gcp+jlLnfUTUM7qtiK03o9BZHm6kPl8H3oS5lAB2xSyxRgE2f1dM6pwiBwEI21wBAXy1wTUGNO8SDNg6nfw3bg==
8L8OdZIlWTgzg2LbBbuG3f0DZ1yGSztrrtoF4MIOUVg=,ClTbe+QHEIejhbZ6dgOXOxSXhWbTQKV3uPBakhmXjgc=,dvRes+S9A54BKgaVu/RLANhVJWLtyVGd47nwKjeUUog=,azXHxV3k2TX6/2Vrv6ufBTR+8ANAMmMwiGRrrLh4MizTyhhJVtcsRcW1HvvLpc7PXAOyRpDWF8BMj+fl4dpmCA==
WCYdqW9nZr/DwpKIiYiQwIODdIUvach5MZ7BYrl9Jfs=,uFgzAJjADhDtnZW3+Ov0D15yf9HnjwzaqurBCe95iSY=,odZVWX/UbXAaxvfw2bchocrA13FWqVSNR4BDAUn6TLw=,ei4/4TFKDuQp5LkpMLLAocdazx22DAMCvpmKpTV9fnWA7a69ePFi8GwThXPws/eP
509IUmkOZIeFlwSX7wuaWxshJ6DsDLFSPaRWGxIMsVE=,NZp4tQCKUIT62sciZVmz85YEDP5JLgNLoaYmx4G7L/g=,3ttk3CWWlyElueZgegCAJQE+uzPl++c0wCQ9moomP3M=,rrBT3qaDKxSh14ycaAxLSEaP7kk4q9VWefhGYo591paOskfeas0apFdDmKIEJnBUjns2SAAVNKvSUBhB5tvyWQ==
kaKeSOFupB4V4G3GR0JnMAkzlEU+Xly/sZDiy2pWFhI=,Ps+xnrxV/WCxiWFT51thz+5Vr36+0LY9UZoPWovR4hk=,2TRotMHO6X1FQpqxjLXgV38CcUlwMCJbSzzCjyeqMsg=,Dn6yygS9NRvabbD8HjBVxcH0LhxHeil8iiIT+MaOoz2c4u5GGPx+pYtCNxMuoFgm
wRIbEqLQ1Gs15+0FcXibBxLbgzixQnSU4EEZ+ldmTr4=,4j+N7CQWPhEEeWe5ZhjoyzxxrDvrPN3o5l5e6YcIBRE=,v4BxOx7aOK6fWVthjci5Xg96yHKSc6Z5QnNvA4afa30=,6H71axxYiubM6IIar/Nf5GBauvZGKTzrEimRMNBkiw8=
40UYI+iacvgFVuFC1BZNkKNKJ4PI7VbAH4dpKwg1cM0=,m8hg/n1y/4LaOfoFmkFtpq01w0CO0nJT2Yi3pLkfwfE=,pNZY6/zCdGlVK4G0S9bNxqVftDL4NDdCv2ChzCFJw6g=,1tsN7IoQBZRXRnQ+9bKbPDI1ZyqRUPrfr3V1EmIDGCw=
vsHBhFYBfyeGEuvXMs4ApQczWjg26DKIimfGD2NS18k=,GeHtIwBscVavvFT9OjOCup+zvcVqDnzvOPZ1xwEVXUs=,nUQZ1vij29lrHaDrVWOFq5LLzQ0zz383CRkWrYnQ3wY=,Qo7HCtLBpgLABsF3BolZ/dfWSbvEu5BJ/ic09cMer9DzkZnU2ADH3E/A2LGeP2QD
zTVRgKclXD6yZ9/Eze4GQTla9IwVEixDKN0yQ59gvMc=,G8c1ub3SOE5oQpXtcH2hfVIQFaqPP1bOGCG7Zg6JprQ=,UUVO6hZAoVwteP3NF1CPQ3y9p0f8wAgHt85+Qe07XV8=,q70T/fLEK9jlGz/g+P+7VVTR4PX1gUgMN50LuMjgdFs=
yYlJc6o+Y1cMU6h6SD4EsLPNphddaUnsD183tO2IZMw=,J3EJUM8vOaKLjKur07EGMMmcWXmz0IhYNjr2z3AYRMM=,ytdoDgnvlOKDjR7rGitEpcfuR6KbNjl7i7Y9n2b02Zw=,fJ7k3hbzp4zGtMCFoad4EBitiLxHMgB6QufDz8eJm4A=
yRlpQ2nRx//wS0OQRUKKM71I/K6S8pJRMw21nZvThtc=,gpaWerVjiRbU02h+ONJ0Y5BmqubKufM0Dkz8L2yZsd0=,kXWhe+YpySkC+o9oh125BvL9Qi4XeRxmpZFZJvb8AVE=,bUxUKxj0mmRm1rfCDmcHly4YBkSU+JAHHoY8UfeOxWQ=
p5YIRI2MOokhHyakDbDJF/HPj6GbptNRDlifzp5VT5g=,YV5Y5qDn8HPW1h9wnH54ZF/+JzJ0RWDSOLupPWFghKk=,Q0+v0RDuuQq8w2hFUqaqeDwtVUgELtSrjh+fXVnDfII=,zmJtXbrvc18eBnqarE14WwTUEI+W5q0jKddt83r4fmA=
9Wm/nE/zOcd7pwpqUen3rMfm/n60Q5QsoJfHo5skmGI=,LE3voOx7P34Z+LYhJainKDEfDqG2lxYkKiDuKVzvE6A=,IZP1jsRvnq3u3wmSx5mMkVs++6BZmvozOr3qaUUkLRA=,qjm9nMPNzaCuL0hOILLtc7aZIpJNeH0Sktt0+5fSuXI=
4/bJT2V2cF+sJ0RDCd3Dis6+Ixo/OeDd9b0bGzfc+sw=,845Hcj1h8WN43PfEeI5GXo4SstokIaeFDpUkjFuAFyE=,mLaPDGn4gqcFbRWbgQC38no4hGMagdNPBBX0u7lEOxg=,RoL+01L0RNwquVkpWvA02CCddRczXSkXCBCFEswDKko=
btAw7aSt+T2UlU7PTjM6L4yGb9oqFvcZjTrftAD39TE=,nmTBmArHKwJr7/h3A7hh5AYbBWPccUm5O/ApC2DH7EU=,pPiOY+reeMTkqMqSda2C/RzLK5LGvzbmgPW2uZT1f+0=,p2pJrf5xiXh5BwDPqxTjjyZyEPy64AWdtIpopA2OkN8=
oOGQROkXS8+e4lcoDCVKyGpMMtX5sxZdp4/bSQhlejg=,IPfsPSm5s7zjC8N169s6zOmmF4OmzVc7u9pVyUKocXI=,OPmMxCv2nb2QPHXFwFEbF423RL7LD1UgdDb1xF6Gl5Q=,kCLt2FfGRt0OC0kcHK5XOPDHRncwDbCTBhZiL7Aicdw=
PcWQtt5076y7X8OAen0MhXM/PNaK+aVTkLBtawDtd6w=,UmNekt4PZqjhuBGgQCKIEJ25pi15GrYNke519PuS/hI=,gJVoeqjeOT4kqVtuYmstPZ3inMRZ/BUHDLae/nJ/9a8=,0HUBUHcA7UJx1sOc1plVTJrd+vsauhmGrav+f7ZYsUc=
0DW4SiHr7eFsOXCKvicdfsvfPb1x320tYnvWmY7bKi0=,cAnA/Z3Ru+gSV6tr9MvKK2/A1tvQPy8EumYAxeisq4M=,2tQZhUMAAksonhxLKYnywEOF2caGZH+10sk0GSRzpwg=,ZnoMr/h+//CwWq024r9WhzZ3wuC6K25lRiC/hgPIvwM=
c/0cZRCiq6WU2Muzvs6Osx94susayIVyEx27OLHgRjg=,aNqi6Hv6u1IKrdF78qx4aFIj4s8NNOCNmimsjZAUhss=,qPH4yMCshehlugzeYcmMR+tcRSFsrMLtmLuMNl2N/U0=,VpuLTK3/CgOW+W7uG4Ir7ZS3RmQO22PTtSC7LcnnT28=
kkLx7oIBIpMVZKrCNtHqB9GcsKsTQUCouEk9F9tbFmE=,f78u4lOFyc9sMfUreCmKJo2WZ+0dcaz9nvaF+5gu85g=,WwVFhkABbV9ukOeFxQdOMpyOmUmdVU9hO/RdFnoUVtY=,J0/giUHigzmHur3mxTZK/0WVrgXAeU9kGWHCRhLpqNo=
femc+SEyZIYoCaKMnoGX3+ATQomg2IlXxvT5Tiyep5Y=,Zl+hoUmJg5ov6/DttoweelNK3hNAt2T4IZXRZXWPIzg=,CTJOoKvmbgTAvzdAVy0GPgRmU807Uar6yYThkSYo7AM=,Lq0yNEIFgL9+uGKssGzI+qxVpBL3dbyjhAh/tN6106s=
2sDD3bxUe7iyq3MsLAE+BAZeoO+srx9iZ8mmppTfA+o=,RjmtW2jxmI65+IFwtD/NpQMAtefm38dEQJAIRt4LgLI=,HGxkkTBtLoAEUS/WyX87dg6pnvvpCJe4MY2cXfmWexk=,A/hEtSlot4ArinfIRy5TIC4rR7tJTGwo9dwM+skFabA=
LUKDr4lg1rYVByAgEn7UjtWuTw1zwARYBML7glQ9pps=,f1Ipzf+NaFY7xH5Z+7nbpihLOXNaEVIrk6AahpIYk+o=,n+6wciup80fhxYvC9B7r3h0opr+4eiv5cbWXY2J2dfw=,jMG8TTilEXfofaH7QMK+GjWakp+0nnsNsD0s1q/aZfo=
9+PtlCokpmYYJpN1XHmSBJWY7cU/jPwKb2R18EKLVpo=,V+ntBNj4qMzMwVplVPsfOgKU+OMQp0RmGEaGBppt5oo=,O5npjKh+SRRZ0xMtrAxfVHx/7PE0KV2/ZuZ7w61X0A4=,1qFivEvZRbjmo2hhdzkQrIqU8SA0Bm2unj9UBRH58E4=
1uEiRdzsvP3dzVV+mTlcqPwVllMIpRD6W8OpiPJNJxs=,l8bhvSvmlZ5RR+WGAVVZajhBeBtm/nOiAsVI4m2XUDg=,yKwiGj+M8AzTELaVTRlQyAc7wEF/ZXnjz9JJwXdcCAk=,f2481ofMCO2PRvw7NvEEUcS8StugVxlHWMpPrIzBzds=
wqRXT2eyVuIFztyEA+XNOcCJoHshY/hZbSdUzlbxagA=,dwm2JiQLmBmrI5HeUsZFu4ybdj9mPIiYFcP5dhLvsBQ=,WONQ6040No9UXtfOJ6x5WW0HksSkRQGDMp1krByLdFM=,Sn/zl3erwUS2PPwkWphg08xNfdFPS4u8vvkqIK/bV3A=
i6IIEJgnZEqyJZffvwlQJcc2/UQlVlsf5JfF/n/+T1Y=,4DySJNBO9dIlZ/BqqHTbw84knoz1pkabM4C2AqsVvhs=,SXsLDQKkZjQNxmThoJ0RqzDc2DSH02BnzsWyyHSOODc=,rVcmLhZJt1x7VO/Fj0Usa39u5IDf3vnfMzsLR8qj1YQ=
MUFaYrPCaEbBZyEHWD21cIf30bdo00JT46Nitc/gOes=,Ou8GWL8a7RJbnZW2PtxyhnJvVa6OiLyHBY2d8KDnK7Q=,THGoU+pZaKkV3FJ6h+iSq/BKLUecBLXvk44g10lFFuo=,myNmHHFGs0z/0ypxFAKxSOU69q13I4RZb8HebwkDD4uTLjaBwZb+hct3rvCMJP83PEWo9mYkt8FFK3d3P0vBYQ==
BCBVelr0PhKn52j0cVivGQaMwjeSNGdueMQVMjktJcY=,TPmnt0F3LEb+BP5acLSoYEmku0dBz1BDcN2FoY0svYE=,IRg8jtmZS6Iwe8bUcSTSf9eJG5ZGCxZHgDLNLsB2p0w=,P08QojxqiVU8rv345ncQEuXZlugwVO+Ffbl+VaX+OjEuuR/DuhCbxSEN6Wgz5zAAO9yexaTxETsrZT1EzxQ5rw==
vvvhjEVSlnE/bIsXFOgOTJ9zMBfrWnHcE2Wl3czCJ8Y=,y3E7dd/DogUKm6x0TZGFQfhDOUe2vYuaQdBPWvMgtTE=,obgexkOmEgrGZt3786f1hkq7QvgndGtNPeW7aDb1poo=,tsnD2HqtADLfiz4/GqD5JRjn3+OchU//4jnGEBn65Ssr7vlvHFB8SMYrw4iFzE9X
uFo9AHMxomfikzjNjABhhoskOgfrLPBMNsW5kMEI6pk=,SS+Ys9Ks0SZ8LlphY0yO0RguJZSTWkFX4psLo09H2lM=,OsW1xbbe0+ag6Pb3s1T1PV5tUHr9DmNQDQ16C621HmI=,Sghv0TYthVc7hFuVAZs6QauAVcamIv8x38DE3bKBqu6scUQhNi3ALwD+l4cKsSA7NH2YwuWEB2ZKzsPc6Qbt1A==
H6gGrk5AoVtcmhdA5NE8DfUlOadz9vEjH7qoQJGjnxw=,N5GvR5kpZAkLsDA0PUzj7+PPpsZ4TqHvLYv6Oech47Q=,VxaWFvzXYs9Dd2C+2D3HIc8emFMrRD00HqAAlRDn6PY=,oAm9TE1FhjcrMjAxHr4j3Uk+HMHTo4ZW4bw//t19+PVmS7odj7EiSKWgcNGwR+UW
OfoglEBlJmonLRTOeWPVt0a6RO78Y7ZGJggYGHNQosM=,SThVMPGQH4EMkuBBBPYjnezzSDzoYwcfuAAKYqY36wk=,4a6uHWz2fBDwUEcluO4wSaA8WlpIiuphCz+9wiJy/Kg=,tvBGLzH8JosnpVUKSX4cKLHXhpMw4iNAGg/IpSDGHvaHTk2Teql9g1YACPUuoeFuIATj4Za3ay2WUYxazkvLnA==
p7XZuyV9R95V6wt83vo59jkguddUjuGVUN7OATQS5FM=,GClU5dI0LqXO5xgVRGBNpjisEViaxoNmKSGZGyC4r6s=,0KFJ5S6Q6u/IllDMNgYgOwvyI5D8A4L/GDob3306uuQ=,U+9MOiKUx1i3tk0p1Scr5KXSwzxqcYue/S0UH+I4P4Gsw8n+F2DvuuquhTbeBW0BOR1zxlKrOxkXrYrWeIYD/w==
2TmnyitDrdM+NUvgLKJMM0KtQj72VGgyHEwEev9y4NA=,/Jf9OMHqqJBDyQP/l5Et6YDw9hDSTedyi3ge27niWUo=,nKyCsxC0anTqbMT6Jy76ynl0CGeM/9yJlDv3dKquMsA=,v4pD1gDCIlik/JGemCtzoP4Q6PC/vfgdcaaJc0yd0SmAg4GjgDoZ7lfX56xLI/A4
xEVKFg3aLB7zvClr8cfB3CjDrzgJdnORlh19wLCj5iU=,VbWCcPBaNLQGSGmrPET1KmNRasn4bV5CO9nZkzYGzo8=,KHkZ6B5dySHr7evYbhig7MghqecwJIvOqZLRbxV8LlY=,ziIUplwaxS4oJPvhRuc/jF6CSBtgqkN+nXVH2tK0n0c=
UJWUoxI9Gb0BSkEFVChzq8DIMY6RvH+PUDNb7/ero6w=,okvc1WhT5aGmrA6IiZNeI4eTgXM1I1aDpqiKwPyf68I=,R+aRKvE45Wdi4U2qasumN5wN4Us0gdE4y4qY/UtyoR4=,xEv3mpl+km8cnonPgdPEzRG3kATm7AH97mmAa1b2pDQ=
Zw9pxgFNSXZh0Gnpkoz4JRY0y5dKuSaH6E0b1KBE4rE=,ofr4P3iHmyPKfHUMnY/DIUInAojgPfVKt9AEFi3lSrE=,nNsPwNK+vdH/4B4CgA66wwuRVpyor+7XjPu+hDxx7wk=,GJUnPpHAE2xiP/Pjwdk0VJfOxozwHsJwlYIzDR71LmA=
/PLfHJ1OTAcAxDOIvXPG/T/6eAaGO+7Bg9dV+w0/ZlI=,7ozwtsPivVB9Idmg6KJCSO9kyDGHxfKeAi8rtE/KWnw=,63pQFQevrSKECK9IinID3O3oEgLi4CSmZHE/J9azwrg=,EerHbIKc/BkK6QNpddpi42jQAwXdSAvB20Bk+sR5NHk=
iGWYkQw4f/eHpuO7SENWZdOwI2nAUAfw8p9AV7PvpEw=,kk4Du0Lju4fLNTTW3EcfNVReAoxbHudNICgQkqPRQgE=,VQa3jS2oYedZoVTeSYXp8/0q5rkkB5YJHoXhkRymjAI=,8fYvqbEu5O67X2hmGOj17xNCGQ/qOp8/NwMnHNGr7+yzh83DZ1ewII0IgMTgh0Gf
t/o5AWR7NRl7eaOjYCV39LNyxOOQYzpwjjL43Y4+0Hg=,ldfQyfK26yc12t2G8KhG+iFSdLV2lm4Em76vwWqu19Y=,9GfRGFTtYBzu+CqWvNnjdktxKQyIbM1+CcHjcCz9vQs=,oWS/31WofNjaBjTJA4DZy0l3hoSt//NZ1Fz8NDHQves=
GzrLlJWWr7AkYzvHmgTIWQksTJdZrgxw2k4FzulyEIY=,VQkjO/1nKfUXvI+nJ49gdDvpPAezPxSb8JPlmsq3JJs=,BgMgc5Z1yqH35t3y/TgKmw2hQMIOQWySt2Z6dE5KKJg=,7VzIm/VePs0n2wR39LsRUGiCbzYrd3m4u/3CSj2AP+g=
S402i7pxbEiHT/HhEGo4F78Wm1FC5ZbgkXulRLCQYT0=,c1m7gqY5b9x/wYHS3GOjS5HCLBV8Fx58QmEKOiG/uKo=,5sKblNGs2fXkYNyvyXSzw7m9N0gYrmuQ1KqNGLgesQE=,jYcmVBzGyX96UQqSHX514YUAgBu3V3Bti8EaG7AaRdY=
r2iHUcteN1flNjLkzynUdQEWt7PHgiNP8YGVRF0vzpI=,vzzTD6S0d2s/OTWwKv/qJNCCvzWhzLuE0FhMxOcsfFg=,0C+Owmkx6sgfr9rmDctCczV3klqfFwXOteNnbZu7kGQ=,adRBMhfl4KvrzZID4+zrAU7+JWULxBvGCcw5kqrsAMM=
JzDTWZ8VbV64SS6aH4TbblhA2xmoh7wCWbNWB0gMB6g=,XCRAZ3gAejncXV1nFc+YEFoRoYD+P5HYRAyQTsTnLfo=,wUq1PYnW/BlN7Jt0YbTzNVErj81J+HP4NEHEPWe+Z4Y=,Hz49yCbGsZ6+fesDvB9VllSB83UR3lD3Ttlu6ugLzN4=
sXA7/zorFWA0GGWVtp2wN3w0SVc45blhA6VQNhbDasY=,OhHLmHhPPHLjXv9MCVofYtMSZ+5e5YmMosrsTBEP580=,puEviou6N8tTafjLPzEUAJ0CrWRGJ1Ox/eTdtyhCN2k=,5ch/Ty3fXUNjQtStul3J5kw2aigC+4fnEqcFVpKELTo=
odJ2GigEeG0mq9ZzrOS6eyTTBd4bt+SlAaH9sLw7MKM=,VPhZ7UQsVvA8AUe9Id25BM/aPOhiZ6vUeFn13XqyMaY=,S0u6FvEjDuDFGuRcbPQ67C6reEMy4Ufdutp/vbKpQDM=,tFCWb3dUeP3mufyN2G/D5E3ZJBrXVB1g4pxtT8W5EfQ=
fEY/1AZrE/3elDhqJclM9TZyPxpTeFzp9knjFTkqEQA=,pxHXS681BhXuHsN7OZXGnQnzmHF8BP1nOydwnDlWTNc=,0ZujaWALaitghGyUsQP4JA12OR4mW/xHxo4+gGz2E/I=,iQhspQDqNc8x0AgsTNTCOJ5oS9NHc5tf2yBzoN0RlRA=
4SgQEoMs1spIDLhHDi6NxMg7s5+eM607zo3ji/HVh/g=,hs9JSJD0Yrbv/wzJ2sRI4rOX8T7/a+4NXQY56A1vq1k=,7U0EheRj3679xyNNkmoyRBwZmmTpft4UrmhSiCgr0qY=,ZkLqd0WHK2OkeY8p2BtMobitYHqjw4HPLcrEBBCfjac=
l5MZ6/YrqzJPDZ6Cu/Wg9YWWd+qByGx6eRqxkocTw+w=,2UqTqVvPh8rr7Zl2LaBYJBgqNphHQs5Hjrr3zs36YyE=,rk0pnlJLP3DoxPBZ6K2jamxu31z3zzO/wzYXexMJ7mI=,VvCAfyyrLu1sPn1YF+uXQJhyf9g3vuFHULoe0+RupYg=
Ww8V2/lfIxWrHQXp9g7AWwpmXUyGst2KgiQOlT1xLTA=,tDkZA9E/TlHT0YNm6p6e1tXRf/p/EqwFB2oG9S+5dRI=,sVgv7YtkMrHthQMtSyvtil6crhAsyBsimNHE743NSQY=,BpDbWI7NF4yoC0OgqMMBJNg2Y3eGTyPTZ2NesKrteBY=
AXXqXPuFdbjmZvl7bEEy+qHyAHfSLTJRslZM5xNPr0g=,7YIjYL9vIF/v2fY0IVtZm6omcs1DbejV00y1qr3M9KQ=,j/AjbmTI7a6MphpWXCvfp1Xu3jFGFZ89k0Ii/GxONC0=,+3NmlJ7IdT08Pe1nyW69GEQ7qASk/Noqdu57oZccX10PAvg/673CTpsNbMcDoDkN
Kx54M3BRWuCJan4jqmSuXUTTbEpH2adn05B5ptQQQAw=,2k1DdSykuTX/bEDW7XCgZAJuypbahFcYWsj1rQmBp1U=,WRcY5u44xI/LGPGy2OtRkk2BChd92srUsG/tqM9KNVc=,7mU85nVQfvRDOmye278eDD5FHWNzqswugNDFvcUZqR8=
HNni+v5J4Ev4msemXaErIGxQEUcwViafLHd0g2VO9Hk=,e1ATl+AN1E/avWnLr18pFQWHgB0XBWHPwn0JP3qeooY=,WX80J/N6FygMysRcC7MQHM0EWccMrglcye7AUe+RhnA=,MgiV1RXjqcV5lz63wmwB/PypjnMeDCPvEPRUTGj54bs=
XSlstKTwEyOwva1hjvrD7F1tYeeOO8GV3KUN+OLVS2k=,aTxlCQxpYwmewl91GHhTDVlV2FzaZvNqftLmj5rixBY=,S5LWYZ1/P1hRhpZqwt1BLkuE0hQrx7zUFf1xXjUFbb8=,+6npaSBbJeHEQcuDjEgxxjHYmDUet9WVDaAnucG2Pds=
UyO6+cnkwJ2OVyWBaykhiSiJn3cPaaCZgjQ3SphsEYs=,2secoirc+CJWnqzJVZkaeOxqlUP2EMGmqICIvOIMPzo=,w3Nvu8bq5SE3JDSnR3lVty6gtKTuwwM2ue0cWIqppmY=,0WaQb5eb94rlXs5GAvWcK3D/mCzvkL7kZQfbWNknzhU=
pBzhCvwLKFYTPnEkn2JhAkTXGK+Ci795chBwT8JyNAs=,V9vlRaWVZudB9bysmSPMjUnplFivhBZ04Z2Q/go+jDw=,68ZvBpCDUnmwguwmw8bZ30uTKOZ7ZKxjOa8VADUgpOg=,SntbwTnRhWD4/H1NlGAy0GnH94exkGqta88xIDXQPHk=
5eMZDBA28cHcIYEKMEIXbqIqzsFXTK1yAi1KjDF1Arw=,yhSlLwqb3AuPw4YpoOUZZk4w2/Cq9mlSTLWpbPLUkyc=,uPnLeIBdE3vtEKSocakqEnuLypp+vCuYyABRe+HcEJ8=,4c4JUd9WWMcHf19E5g5jb8qlY5LsiWI79RS+lfYbDBU=
O0lq3wUU3j9NRJApacDfU4fQgpabkD1tRFFvaAb5QXw=,ltLsE/VZXz64GeesSH+2Mhkdb6TuAVhdCNwF95+maE0=,f/vXtRO/qtbAjgt2xZ15spSM9GNbYf8oz/X7qv/pkDY=,WftseQB8gSbLwZR1yjiOy5q998xiMGwOrzw2uqgZahY=
/W19QXtgXKnnns4zA4hU+EltYJIOxly94Qj+Fo63PHs=,CVQQKXUJtgk4d5EvsdSO1Zp2qe7QeKnvh471i37MjTo=,FR7qutscezKHE2B+7EJuzggrjPs37UhVkDEWwgNTjzk=,/VP9oq+IxR0UUv6BN327dnOM7oLVArDH/ucBfTKa/dM=
M5MjWYDYc9cT3dEK6PfwrD8K0tppI6i2FrIdjxKYsi0=,7tBoHudOjlfeLwnkOmRHcRixde7vzg9frcn111cewCI=,NT2XowmLqC7FxrkpEYDyYd/H2WblLo5pO8sUnC30iPo=,rL2BRO++IqxDq2BRiwGgo6fdO1TRFHneG9jfjF4msAk=
ni5hW3T5QMWrEo3wmb+urkKLTi8RVz1EdoACiGr1ylU=,Z2UKu4+efo73Wt5VJmxmIQ2EfEQCmuP3R0FHlHwudJU=,GsJ93gQeMSy1+ZAwJ9hBHBoqJzXs9sscl+Y4De/+F1A=,ortlF7vhsP9f7FU6L2KqHpy+pAWRwNx1LEhnitsGG1k=
waYUp12zlj2GETtlFPOG8yJV+XHH7a9Ee6juu7zJnZc=,l1MJOqrpobMYjSFMT41d/r0jpqL3J6UqriF3id2fzww=,wYXtXrcgS8wLFfKOUHUOmLN9vVkjWSSmLEYN/r/bpFo=,62d2vBaKjrVARdSRiVeEnfcOh9J2wkFHrR8F9xqh7M4=
pZM2e+ErWIJVDkyk0QGiCZL27mckRgfQhu6JL93mzAc=,bC65KsMiAgcTZifKGqnPH6+DQYoj+geba1F1xQquvvE=,yaZN3wH5fNR7Go5zJK+SwMo3IeMM/x0Zdlxb8ETz//Q=,7V5pQARc3neBXjQMKdi2CbopiSDV+sEs0owQvdfQBKk=
Xdo3zgJCkeKZxfXwtyISDYCP8ooVU1sjlhheKQzNHbc=,PCiP+NP9UMT3eDgqLeyeWiOUOgQlzT0d3rs+dRz4jXs=,aidAnGl8QREGaR0r/dVIA+5eTaCtm96cffIS/mGdvK8=,ORSewL96L0avuYqfZJ85OxUNyiwFXhGdYz+CcCN95hM=
CLp1UQmNZnc9fpsP93xMvbe56md98kT+LwFQgWYV2Ww=,xI9TSji0d7HlWjQkWjmDwn7++YSjkrqby/wbn97F55c=,7V8QPRudItWTzGUmrW8GSlunet72UC3t99uKaUfJIFs=,8QxBeh/rrE3+dZSnsF0B4/f0k+QGeWIETAXZ3LCeJoc=
d4GTWQtYEYwA3yTl2kDY03RivpQeGxt+ZiOMZK4gEzM=,LhgrOkyrzKtATqgEr0qGQDBCo1iqHINJa2EG/RSPZJ4=,GNwh8tot+NGA+Q0xfoyKraDv/CvvgBCI5QGBoyhOdM8=,Pzl6CthQHLW5MPSpelzXqUFoP2VakrJJs+4w/zAo0P8=
Xs2WvkndSlBUx63PmEQrL4lz7p58svezXdknRXOoh4E=,t4UBFOk1k7vjHTabI0SQ2AlPgDQthkZ/Fyx7txtB9XU=,54J2+0E6NeEp4jOrjTqnW6qfXVQ5zDBTdCX+O2oOfXY=,hgKua06izZfUBcvDbu0E6dFlGgw/3/wYMaQz9Q0EU6I=
YuVvfrK6oBCN0jVwfz5OdgjE8ATIVvf3UaGm+KeUci8=,l9b2l1BiIg6VMCAEpoL0ZnPksmCdxOdgItp4k5F/FwY=,aHzTw7xABjEp0g7qjCGanouf+E4/3i+f549f3l3wkQI=,9PljXpyhpAdbgsEtF0Mn3zrLZET6FxiS5fleoen+o/c=
kPU1364RJ7Gc84M1d7DZRGFvlck/8wOhIVZ+43f2RsQ=,36fQ2NV4A38jCvpvGGi4WiVlB+MTq63lt00/xGXycXI=,Pp9DTfKZ2ZVrIwQDTlPvLdX+s33W1rJuMMfBn9hvqsQ=,dUsut6WsMHqt90dv36hU0rYAsmupSz4F6MfYZv1EDvg=
/F8tqdCofJmA2b3TCOO6UWGS+acFEUwGvcwFJ00OFPg=,CO1RPz9CroQ416ZPF/jE0Td/zzuQl9ZPHzm6VWo2rOc=,BViFVdGzg0TYGUCnKM1W9NNSp7LfXMx7nwWMCwrXQe4=,5c7jRQUadq06LLqaxomcGXw5IG+YRwhc7NwYmPhqji8=
RdnPxVQtTS5R0Ixe11k1GQdM3KMkNBFp3gBRWTEqx4k=,3fh9frXbmcwyg3gX+Fg/JTVrKIvgeQgciA137dwFs+E=,dBi0vJI5+2IuQDS1HMImb5VeDbMaFPHYZyFHdK1HOWQ=,moss0qvKz82bNGcUV4xgPOUxJXMrFHiORb7SG/tAY9g=
WaVT0HTJUZdKhck0IzkNJlSemc/t/pNNY2r5SovJIY0=,10TGLTOQSAVUESy1TOs0IGY/aqq7PMIuYQG3/fRdOyY=,z7OIRLmHbmMailkS+okMtzPwM2nDbWqhAu3tuyMk/rw=,BH9oLnSSq/jt7v3L0rRbIA/Vf9MajBb3Jro32UgHhmE=
m65Zftqjq7aGRqscYcYWu1xT+e8cBQkZelUoLQmQFDw=,eO5T+Y/7XfURpRfVYHiFP2Q4GhdeSGrUlB54GbqJHQU=,VBrpzLHlmBKnxNFgheeVtoC/eOXPcaXB5p9l7U8k/aE=,FzfKSejL5e/Vj2qXll314TCnLq/H338AnZrwIS4F/fU=
o1ALx4IrUSJejJIVYsksKEaypitQqJtrd6RJsQjLSH4=,rBpUkMJten0M/sukplvVFHRK6as2hm/j9itsTJ1E+l0=,Snkn7jXut8clmKGfMb6c/6p4iYaFV0hz67Cd+9wyIr0=,Ml4tK4ChrVG78SjLxhqx57GfnroD23vvpFGpmpAQcmo=
zY0N9kJyVhuKeRXpfezCQIEGJ1/qrdI9KUnHRmZteHY=,wOvAF2DDQEu6KTbj7bc6EeLHovJNCMCY9Nu9uNlEC/c=,v9QcmVBFbMDjJsCJydyz6+8bOQsTVQbT+b1CRdzJIUQ=,yfRThnSESz8a5dUr4rfA7jtE6Epu6GCd2vxljn+I3cY=
lnNBwC2n+hQyZXpOoa/XPXdni7M5Vn34WgTfRUJkW+Q=,NVtWBkrC+WMy7cYp38oskszG8tkdzumJWPpVcKK55Ro=,CB3S5R8RcALNGy02St4baXNGH6CtwXlBYLBYQzoiEP8=,nyKlXBR46WeesZL/XCV2KRDJYd3dtxq+qSJUrHxeurs=
JJDMY/+rQf2n2V3pGMgWhncX0KboKLi1unh8zG1YrZQ=,xiAfCPSmxzFLAMdpA1wr8JHXDgMR9m1rdOT9hFqUp3I=,rm5CtzBBGg7xv/JFgmNKoclVeHTtS8TcjPhh9Kryjd0=,GZW9mBC+ZHVjAhzRXtbFQ5NYLuhhLWCZFgT4ECF4Vck=
amalBj7ppsbhispLckkBQ1m9sSaGP/esV1gOQtdPCc8=,Z8B/bHthRIRaJgaxFlUutPxQQ6S+Ljgq17C7vCQ57qM=,Zz+tHIRIi0LZLnIWXtha9J282p/fFA/Wos45BtR9F3Y=,NFOCK+JMNOUkbsOlJT5M07ZedoCaZ3MwaR3veezIQik=
V3RUp62DLLe1eRb4KkH1w3nUilfIKzK3jsgNjTc1f04=,dN+/pDaR6PBSXASVC+ebOBwNr6DDiEFGzk0vlECpQyA=,xhRNb38pabZ8qyyCbJRCuo9RNUeqqFUR5AQEFBCC5H0=,OrTSGE5haPD9WSeJbLtU0027If9lcfOed92/2WwDrws=
6fbRiYaUiFIQvoJFHNirOkbaRLZo3Npe9clymdoorD8=,tiWb/Ew15ruZQ5pknUdZrifVeGcKgw9gffukum1cawY=,zrfrL21SDBI6HnDj38bxifG8SmS/U17HimWgflF4OTk=,j7sTqISIClGm9AFDjEaSOh0kgrGkS6VSLSr8zYtEJLo=
pWU4vgUfba2Rk+MF6+QB14IWrMmtitX+nJKW4ergkMc=,FyJOL40lQv5tXD9AInGAkolB2//dgNY4ZujTbBh/rbs=,ynU45SsWVZ/ZHb35FoArdLXZZqyPnYL29ePadHM7idU=,zY8telFrBF2fo2eSKpUadXzNdMsVCwcmyJ849snyOGg=
HdnNBc7rfiRM0n4QF4Jiv29+1TokNwrxm1/PCqyEmEE=,ltaIE2hfl6CiW8Fyrqm2pTVkn13l8SkIezigL/5DRns=,9iqbGC9/OcWt76Kowat6oEw9omIJULj8NW9jXnaUKVY=,pkps01rE/cPo6aM+B/SwsTm6odShKR4RO1fcUSsPyE4=
et2M3Ed7lB/QgucijRMxdG10EZu6w4RkoANyxXn+MOs=,Po3HmLQnYzYOGrJB0atVcsE1uwkfNwcOVOmsYnTQfyU=,+O1i1+rz6Q1BNR8m1v+ZMDEkIIZnXR+Qhs9UuQAK05E=,+kS6l85AEuH6rmzVOHttN15G+veRhiWZOE3BbcII95Q=
MOSCZJ5O6Kj75r9r57StnvuYP3vrYho/iuDSNjEYwbk=,o5vVQcg/q9Z79jTxvkNLQJkoq6aktLcefPuITWSDbqQ=,PvGDH/iuXXf1fbNfzD6inY6NhCVbmMVNorjzVIbP9WY=,nUkEZpkmRInLVRoBq79jb5zB2uZw/90b3K63m5eOJM4=
88QR1ZlbnAY2BtXs0Ua5o9Jz19gwPyEavsRdOF8Jitc=,OFLZl1QcvI+biTWQtlJ2HJqP7KNqPr9+WmtDIryRkCM=,Za2R5uYpuZUuxGuemuNBo6fvAZSSW7B6lK/MEfZ91HE=,XHsKypDlLQhp1QrmFYmHhb27UM0Jg7o7xZrzanwrDn0=
hSk2Q5zgDk/whc+PlzR7dQ64EquS+qg+RaW6JBE5TGc=,vAOt9aDANzYfSm0DrYmT1FZfKoWOyik/Xqlq/DO6/QE=,cTGsx4NPFXCUoyybTmDs+TKEsvhuLSlJL+IkXAjRNO4=,2z5CUoNs3sOqqJmmBoc3crz6OdXroT4kaSowoa/zI+4=
geIUJj4iHu2JKprbqYt/yiX4FIXmZBE713M+aSXEkx8=,a4m6z07kDjGIWW329iX3gERvdnBUZW0oZkq8/v6MsW4=,+HW/X/8QCjQazymji88LnX7vv8NBmPXh0+iIsGTvkwA=,EOBVUYajAfR3KmNxBoBiVJahBpLBRFmRep8rMO0SM+Q=
4LShAvxmRnIpvM26sSykoNDQ3AkmKrtcjysGAL5QgTA=,TjdrWnN5j1q54UBcUQQF/qUZ1B6CRUKvEK6kGyBNUPI=,ZSC9qpKg0zCfVi4QvKh9V1w9RyUVvDCMa1aw7xcs9ko=,DnDpIhvqW0yPHvqz6TC+UgKmSPnF56Rm7ygvwsXnAM0=
wCyUr3atEKPim/m++2FwAvhvzeuH9zOF77SrGX5RbTI=,qDOPI5RLi5xPTzO15cQ/qVdY+RJNuRH3UqILfA8dfZU=,hYuJTwCm/UvRwr100VznXPnQO2nTEgUZ7xBxtEBqmnQ=,RfT+AjNLbw2sgJwmfjV8l5xtyPDcP5omTMXjpipMGYc=
seCKFjtJExKVa/KK1yw8Oy+QMIqZ8fq9qaWExfLX34Q=,OOUExCDHMlm3KOdVwBl8/HMMASbb85Z0awfjNjKEdAA=,qfcWXduOpoCu8Y8RFTImrawvsfsfh+D6TVvo8L1LcVw=,fBrBNhbJPUsNEZb2Tc7/RrMQGlxOYRtnp5K6oU7UqNc=
5Dg3USjmJaUTVxb5g6/KqfdhQ67IIZ+7NhJWEbAuhl0=,lbHzmjQcejhKLXaJ/F3Ho32ERjdcNHQ/yG1hD447th4=,Lg8kL4j4IhVDDfNxxGVD7vYWpudFwVmOab3sT8Qo0vg=,hI8FD7MOnHE3CGqwaqsEEKLih6e6JlSQjo5Zvn6+QaHXg5t44QrYJswtVfNXfF4QIkarBCgZNvypZebQfNdVlA==
Edr2E0vPaRrJekUsUS9SwTXVrRVF0FvWbfE9LxP5x9w=,RXDB2ZbNaJLMZQdQ8nMGLACYoKAB3We4J9P9ukdNfgE=,pj7soKdabMBtWibx/mR5idylixA+JwzgyvygGq2+gbA=,pQSFiFVtfqOLuJPoqsdfcH0aXy5KeexHul/d9GVtu6guBss5/IglCvn6uE+GP9G2
QOApouoMqwMPy2ZXPd+LXPAbc0hQlujoFiDurTZ2C6g=,gceJ5PVGIswzfzCLmTyarSYFlYZsNDpG7YDEefMSskU=,iXoU6KYGHU+nCg/R9DyM9LYGnEArMfMbET0obgUQ7k0=,Izao3/KOmpBsCQTPARfRumO0LOLNNBrfKS/5bZXW/2xVUo4FdUqe1HlgqE5a8aisyBLIMdhrFM3AKRbvbYQzKQ==
YoRHarKgiOjzNvvm+/XPQL3izpgZRkeTmz3JDcIymtI=,aWa15nt1aYgsRzl5I73rsqfrPgni7kw1QfMcHO+ookM=,+/w1ymSHIB/wkbhiMLESvjfDFYkEeylmL5uSraMwMa8=,XfS89Ecc1YxrbUEa/IPdGZUQ8/S7WcXJL0nYtvPJ/KPKDojlqLqt83S9SRrsAtEu
5GasxxmpeC72gwuxAH7VrLFiqqUJaUHDB1FYhGF0/jI=,/zdJjXj23jK3SNvaVunPTRYZvuUWQdOucJRXL6LS4Xw=,2Xi+lr07IOmgYCs69xykxIJV3rVWJoLygSNokrhPWPM=,sVvcubh7IIXDJoEcB68z1JYyiuuPsBaVaJBkK9A8rbGCkApHYS7XsYrf22KoswWuyo881lVn4mmpuYtGrSfZSw==
YjSw1VLbtGwm9nQcaQlNQiNichgd0bOEu1zOeGkm0NU=,3meeIoz0hkX6omEDYsAFEMYXEMUL/ruCbWpsFuriugk=,FAABZYoxF0N+oK34OJGJXJ3+ZsaxUGLKiFChAsxkMpg=,mshsbSNgoR6dEt/wiWq3792CHcpjLpWy+Ukhxkmuv1GWJwd9VqhRZDBtMobFs33J
f9xl40Yy1B6f8whZL6U6CGfBUkcrthiHYv8sqcg2A4Q=,CC34CoaFrFwF5oBf0OOnWnOURG8bqvVxpUnQw8Zjas8=,FDc+Hu2hfvdGi75WYfNYzmyBD4lvKT2TXnDQF7WDZBY=,h9rwWrztUqjKHsC4xuRlPBp8KDDN83JcGMjpOqmCU85df2kT5wNpW4h97/RXo+Bu
4mRmRlc3vQp8KHiKtSLttJHQBOdAvJbl51GeZtnACTU=,IkfUkT2r25aLSArVbvIMJK1zROaeV1EgGzab6YkFwRI=,DgoZuVud7d2jQ6VqfCVJtkgx7pl5ccsoU3RvoF1KxaY=,ntWMcIloQKZbpZ782Tm+5zt4uy4PwF3eADJFq3hm3qrgsFHl5buc3l/21fNMTWkRAAs8Khy5sio9zIx9L6LUBg==
NF0Fk3R/wmBTxEuQtLTtozg98cOxBAczuCVn3FkTz9I=,XMPrMSMCGi8WqbszpRsqpdmUgxiGgbKvzTv4ZZYhfiI=,Ygs0VZK59nHRuSG/uqe0MaR9//ktHrln9iVqp1hTEI8=,0ZKn6mpo82/JOLgfuz3yki+DEAwsh1mcYPWC7NP2hTLKDeOpSzMKFa87UAo3x8hq
DXU34WLbGBqjJNqfgNAZ3x1rdvvOhNkaKI0WbLsvGfI=,L42xxzqUSeZcoIkH5qQQ3c9TNkAQyPQPYtEYOhD/3GQ=,126Gdl8MhAlVAiQ8RyiA5SCgdbZEQCLCFQPEyz6cqlo=,p2HRn9kfT5/YhPIMqo3UkqbQavhU3cCloYA/Rp66BdbwlgFU1EMyKvlngWE7tPj8
w6W1TgPMQWC+/cwU8PUH9NazOqXQhp7KI6X3/v1EmpE=,5c+sUIL9+ZM4whWpLmGEld/ALdGggTdABC9hrPYY/dY=,UZo1W00Bm8WoDdpko+dTtnuHZqgM+I2DT/e+LYIowh4=,txBZ9Aa0QNWspPmnKdGz8MRR9aKZx7jT8ZiR79ZksPkCYWm9c5STzwt9+x+TBqloWGesLSKkcUZadOUJUeXibg==
jldNQ6oqo+Z6rcqTmOG7K18QYHq2DrU4mvkr+WL24YM=,S09FwqZweuY+Ho6UjrwOGThCEJvrtvpuW6uIlkn+RCk=,W42ssvrQ18xAHOU2LsxOcJDOWa1KAizEamXPMAUJilo=,smuSJdodiYkw/XqOub1pG8uLJsPAuOZ8lE2wHVVJFBJbcS6TP3Eay7cVhD4N7B1LJjiW1bqzN3yoe4aS8sqamQ==
IeXCxUtWzQKcj56YO9s50lQxBLXTt/0CfdDg65CqXAk=,7JMm2iEVNeJv5bzItiHq/R1aIvas9SyllGazSz0TUdM=,e3vuthAwZcSdwEBoNf/H3WHV05FaysO3Q4hISQvozdU=,/dziDKOzUKJF1jerYfIGBv/SLgPYg6hRQFnXo4YKL+7F7EWcJ2ui5G5EPU18Rt7M
F5QA3l+JQ3FbrZcw42iKk/YnpfQ4y7ghB21KIvExxoE=,3oiK/SfEdCYI3at7fqvkwIyyTHcqvYREPzQ/uetYKNU=,ZrW+BRQRcCQnHxDnR4jGmYzLYaUHOd5k2IjsEyloklE=,GFNyOiCrlKGYLAXI6YlQeaTBnE8aAQHiAXbVQDE3HY2SqJIkoTHTF7/vuXs5ZwIzHOiA4oCEOeBwPwMqMppY8Q==
mMs8ME7A1pmRulbtrOiL3IuLe27SJEOv7RcdRHDCJMM=,QjgbpAG8cMeJ5IMLj3OoMbtCvTPFiZdcrrKYk9YmUog=,FMzi7bYn+c4VsChk003cbnERS43qQ19K0h78+RnnrzI=,VGK7HNygTtWsttEEqK55mnNjzla8WUQ854hF7BiAl7FyR0yU9HhzSbSdB9MpbUtw
1ayJXOMINtVHtYW7s/cnoxSlgew9Qhy49yZMMSJ0RoQ=,XwAvxVFM2Y6GY9nnElQMgUkWBntYnxzvyB8dfYQjdhI=,Nd7x/bTUdBe+SsQrsXdnJoCDZVg9wRLlTvoja2i/dkA=,RQmAbByq6ye3FVTO2qnxCYnE8mwXe9AjWdyOV9WXvuKUeNVq/LUC4dOX0M1Mf4Od
1fMznjMsrbC1m/WEeggSss8LWIGxDnrpbUvjqrENSgc=,HOK3HIEGytvlLt4JsmLkUa5yhpdbIKbLvmPzSKBFo1A=,vbfhL8DflA+OmnmxXaIB8jUNinZtQ1kbCaFb5jGLs/U=,bwAfLZyGFwJos+FvklF86/5kpavjJXOIGFC+YUfRFVAsYR5ZfuKjgx/jB0I7UiXkTctbvyxBIenfUCL/fRbYrw==
ryoijnxXLe9XptMF7etS/7SdTxVJMS9oJDjetfLvg1I=,bZzlfDPNpsLGUevqV/lYA4m1f8/yQGSshZJN6i5TeIQ=,4ZdbhOXRU7khy+eAtnu9iKNyOMpKAwI9qfzRTdncO+E=,6mEyKXYVJtHQ+dJtflhCdA7eHpM9AJISy5WM0yBa1nuANjL2ScmzDqngD0KF6ynww2DYAUCFPe17rbLj1Ynsaw==
hF+vasHZsc+wWSBVGrv6VcOH2B0P1hxxfd7WqJd6mMQ=,ZTV7swirsQ7391BeHPVcR4zrCyru1fvpoUTvSheA0rU=,6ffR2Ke/fZR+RLZieEc27PCAyilkTzHYveoRi7/9SNs=,dneDqUBdhWGsOFuCU1JMuMz+AC+ejr4gY6hN2i7ECqwyOu41X4YmZPzWTsbxjH6Y
wBC3Ti1rxmoygJB2BEZY9nI3+crD2JhvK/NQXVBfHus=,y4A9RKknXT9Bp81rZfmrobQBIr27aO3nAlxtUyEdDPo=,kvnicTShLIppfE2ufoZdkQ/dpf5FZRWYuTy9GvhT9uY=,e07+kFlVE3mxyNAQHHufkegXSWjt1GmWFkmJ4zy8asU=
EEM/Sx3Js5LhNZi/52fgtr5AdIfNHywItokcP1mYxcQ=,oGCOuz5KioIXNAreACZ2xRPVwcUZcHRZi6wRDR0+n4k=,bO75Q4Xj9aIwr5DMNIxMd0D7B5HzdwaSmwQsaeQDeco=,vxykKudaHI6Aw2/4iftKEtOEZyQd5CEIqw9twTy48S0=
9dUbcs15HEYftjkYIq52iWLXuQ8LwE88wduQRXzq9XE=,h3zPyYeWZh2+xyekjIf8i6TVBqrircsg9xHzrnPdNDM=,Lg4io7Lb9+RV9BEgTOsr5loGuF7GgSUg+NGlg/y8nkQ=,WUj/wdit59CcZeG/Ff7hyDq/WjPLzptWSNuFQ8IB1PCvz3g5gbHO2kgEex+uJgWp
HQFmmFwxp/V09PUnr9PkgARBipLpuwavzrd0IpkiEk0=,kMLc4yta2iJZ4O05rLWPl+JRu/ZGRcwMr+QeIfau++0=,gcxj5/hp7NUT7ea/LDtjQUL1W0MkXyW3zECkuuwPdkQ=,2CTrpQqWjk+9fVbXS4vATKpE3QXyRKfEvYUSXMR3TDXv3Jzg4eKdKFvfs4NYqcZB
1NKF4PeL1Dzj9MeaRDunJTw2QhWlL5e9rGQ1wZ2eBMM=,/ZKR8IDW5jDGr3ErWfZcUIaDCUmMMSUF6Vf+JouXnkE=,SX1xvy3V8Ve4sP9SvfgD7Z1/l8lIN8KZe1891aZJbZo=,Sbl6oKgF52Vdc8N5MHqx7Vp/I35KH/h+lnmd5GkFR2+BAdeLvT9oYcqJhsf6bVDI
qTZ1ZwqSzeCqVpGHiyecL8kh9R53uT8EAZA0MzDet70=,/p7TT7TMUMJUPCjcpKN1n2b39Fkmm7wd3Bow93b2/2E=,7WtDBEswAHrIk5tj6ZNvHH7DLN8GU+8htMwjChXOkAM=,JC9KLmFOMoBwNFgtQdzppdi93ya0g2YQnLQVxmG0Gy5wvz12XeQrc/dnWDHC1B1DKqnSJn2EIndjhSP3bxtLVA==
1FQHlXAxVL63wv15LOi1ZJt17GsyK2S1SUbaj2loOlM=,kSqLlWP1a8FibyodJ4hPvQyegvVaS9XgeTKcpjmkEjY=,8UgVf1ycCSgznGlkw5R9fFI7K7Ro0DLdNqYcc/sIzXc=,Lp5fmlvZSIfEgv2t/vtTUXPCTQWJgKaTTR/YBT0vwl7KkU+rPQ2PMGAsoaMer+7n4Eia+VmK6NN39B+rb+Wt3g==
o0sY2Hy1oVgCMpaA8ofm4amGCuOiyleGiFl6LbcSxCc=,9vfNMENuGuNNnOaVNnU2wkgtp5vKnBiH9msRvsLrXQk=,b9cBq8IkinrhGd+tztlV810tcqX4enuGsh0Qw8WWrbY=,n/zfHCfjoK2K9mQoUWKBI0HloKgdMnbEJb5q04LEpsyuqP9Z9ewjB5CI7ZY5Vq+Z
+gV9CPC2ojLYKMPzGq6KQfP8zlgY0ZWkSKVzg4mNLPQ=,WnwpvaKz7STuL1B2BVZ3LdAleMfXWts9cW/dZoMTla8=,2EefQXUk4eL9iH+bExN246doFyAeX96bI+yCAIyxG5k=,BGrkT3yr3ytpHeSGevDlVhEaSjx3quKeQTn5GjR4H3g6n2PY8wjxZgPMyEGWVQqoP5KyJ6cgjNCjV+pv5wnllA==
YVIyShWzjBO7f4ZmAUgmLKSOhSClS4QAwINWF4J0988=,wH8ehkWUc/LMjOfsaSxSrEmDXeVdkODjCFEGpfcWyLk=,S6WH+bAhcJnuNtIYWUOLUBof0t9JSu+Eftc6tUxJJKs=,3ZlHsOraUvjGTkpS0VBrDxj8VpmTk43VB5R/ZoF/FPA9/eof5Z/fHa5aS5c2iQ5X
UJL2E4guz2bip7B+akA78W1rjk0f45iggcyOFMuDB0I=,27hS+mc82WqhKc1cpwp7LvIrzzT6Wzdgx/DNDUrrJoU=,i6wrjay0oFVfcTj9e8Xkp1VyToAgREM4XwFNcXaWxas=,M8vCT71tcrKEv2tny6x63y5b0rHOAC/Qbg6E0An9k9J3h6JUIaa0EdGuRMrbZLdjCyt+P3HNU9N1Wut++lUG+A==
awVzcWzg1P3R2we7ENs4GcV6RJRgmgt7+TCMKNs5UPU=,YaeOUNEkhE1WnYvV41vU/2IWw5H4nXncXQdIXPjBs0M=,Sn18QEQ5EyId8CPaEZ2e+7VTWqpRLUTbGKpoBuj7vL8=,jUdz8cq4tBC6UD40/XIWvKTQH+dfn1eYXuqoFqwXdauNUBHhwnYYpcbKhjA8Gjwl
kSOFAihFVhsqJsNR2y06MovuAlS42ooULczR95H4XeE=,KV8abkgK4RDqDjilEjv+6Igg5RKAxDUBpuML6n89MeM=,eBXJbpgCvlQCY5+Vp9vpq9hScLvAH78dIBnIPsSNTk0=,DAZpU70NOku6FajDr1Il7VPRYw2rjbDpjScLWL6WGNRe9r2IPiAMXI6x+B3gUKf1dEUMCqAYVsvDJzSNWuEbwQ==
ELve/biztUnWqE6QCNOOf8Ad08Xod+PPbQ88V+kWki0=,wtL69o1z5kdhIV3NiQ7K4NwsMPYI1MMVpFn+zbpajvo=,I7qVWImLD6Rc1tYwDFfuFPWeKpuausY0FoaCMLKFOL4=,fW/vqc9lvlOAEKYt2t+lHnfusZhVDbdxkPSTtxe32jx4X8cLfclj3DqVa2ZsQO25
Bbke6fS4c9GEdwTLDJZ/28Y3zZakpGcc8xgHvJ01w70=,6AiCe4BP+1PsYaRvLX/NMf6+D9+NQ7DYUDOO4f7wbCE=,ywARjA2KIQzZ26h3cU4B92zDJWMobkHmObMA91ytgaI=,uRzUAbvLs9KVsSHmX7aIe2fanrK4XXFWv1wWyRwZVQ8=
+ZvfMOV50rvSlTOw0lHCMN/GuZaCtMd5tSDOc6eTPN8=,OwGU00ugoWvRdOuE2LzVi2fkN/pyFy3+XLNNO5RfLrE=,kB46Y3Vg+bdFKv/K01dMMCnBUjg+pRB339RwLoSTj5M=,IPIT/O+4aApm2zyAEZ5ypgC10fSirZJjSlOKrG9AEGE=
Z8k8SfsMXI4S+lp5SzaRBkp53sphRKbF/8J4eECf8VU=,b2ygqlg2c8opHLBb3FiCH023piFuLVjr/OXGgBPtPa0=,Tm2ONO7CPfLI6jgbwf7wP+7lKHcS0a/2jNM4/DM0IB4=,uw/uKm7NaqfFTZaGAZBEzFjZKLDyc1ROrUYTop4H5JvcH51oVTArnniAFat4954x6sgLKz01S3PJRFxE2aC4Yw==
VpAnSPA5kOqvy2Up/zXTk4QCe6vMofZjezbFj2A2qKs=,5bWQT0l/MuomxABD238e+VJNwlI3koW63u36/+jgfVE=,iyb5r2oJ/mQx2Xl0qyKzkZu6Jn7SNbs9BcijpgVahZA=,o4GniCRwlZ2C31rS3WOWJCT+fkGfiEYO9KkuvZ16QeeeHzH0heYI5xljE+2kGqXi
zL0Jkh0QKUWM6YJW+n0i5CzLEb2X3IiFrA/6ioGu7vo=,s6E6XMokYKo36wGFBbeFul02o65Lj7ZdS9L7GtRrBRU=,ul4FKZJACfiXEQ+XKUUXGJMNsuEzQYHKLio8Eak9H4g=,6qs9GCC5x0Y/CrTAtcOkkPrHq+c6RQ2GypxPXCapZLS1ZUTBxcxY3Co2eNY6zj2DrPvLbpITAGH/su9C0DnvCw==
15rFhe8Y0MCLtswTmflXtSMg9EpBBDwega4PFPlWRN4=,SRW4PamCSMEJqOjPJqTBeGeVK1u/zi+osCjfq6I985o=,yQKGa8bC8J/DzVnkH1HGMkxhLVWzGopAN22nk/qoKGc=,TsRB1LoiJnrhU7o2fqrE/MGXddbA6k/40dbRwpqpCcpJ6o8sJ9ltepc/RmTWBhQQ
SPSSX/6+Vu2aAouElb/u0wvsSExKVVFJaHQeFELbPAw=,8a4NYsQQNatLFPsdioEAvvEhJW/tgd+qKF7S6e4fZsY=,HEO/m2UP5Pxn7YqBFNK5l4F/ZYa8fDYsYmWPr4IWnag=,CwL6NT/wzRrZO3ollCtl8T5F1JSLsJGlziDh5s+dXCNvyELIjkt4RhcH5H7JcY1w
fELa/YIusYjL02eItpXkzghG6l43TXrTTzt8WGGyRGk=,vZnvtoQvNlxSLb4+wKM+6CWBm8+atQt3xX4dzxgkOYY=,BU4iM+OKskpMv07cLLj2H1LplfWf3h7W8VLAuI7AMlk=,mvNcT1PfDi9Pg8gvonyE590bxVoGk55Fzb7Me+Sm9xytUjQiAzcQ92hDR76nAJ5Z
/+fUzkWJeXLLoR0BFRGROChBpBY1WUGayETrSmIKAPY=,InzRZ8tkrvu+lO0unI2xfCvwcHjd5DuaanQCcolxwY8=,U9O6r9KcmiPld8z8fKx8PQTn8B3FzRMOSaH/vVrIj50=,mj9hc/QTZgg+cX9mBhZQ6jD/TWOPaL+gdparbuEQCiOin8Xg19fikXBMXNJ5eUzxyI9aI7NAIOtAsdUB9j+XjA==
goCLoLuhM3JPAGk4QLnfUE01E14rV14gg34/rKd749M=,KRnaCrfOmJOyV4dm0fWCgh32Yuq5w0GmwwUlsqBHkyY=,5R13Xqk/wkePVighUoBlQVrzR3V+/jVCbKftm+a1iwk=,chXi3diEisLi11rnuZb+L+rqet3yXMDgE9KuUEjsaQ5ic9JlFoxCXQJcKsGDUO5W
Lwq5PePAI0w3ml1I9upZ5F0AJo1C27lBiW9dLWX3RG8=,bNOXUS7lZPTvGBD8Ub7e8OraG9stmtCKkiUAGJYXJoA=,r1tuRujDmoZ+TMToORebUkHrWCbVKD7pcutnhvpiruA=,ZhzziK/uk6cIKjba7kHHAIMDkRDY/dASLmppXyS4Nd/hkfXEHNjvaZxbR6ndWf5P
xJ9YDu3TkjNwtvx9fUEZQ5FA34Up/luuS69hLm8HKGw=,zAelu9pGdPlE/O/RzPqG4ZKwBR5pphsV/mpfbWmACg4=,z8GMkAKSXUnNW/0VWYGiRP4B8FK2IQfTOGKht4mhFuw=,14+b/0eKzssYsJsEIhbjtBc0F8Jhy74Gly/tNBZ5TFrquVCGe5lWPNp9ndvnyRQD
2u/B4fdL2OHbZEpIvsBOXUXz0klZi7yvwWIeU2y4FEY=,r4zvnLjJxD83TD+qAWsj/qvEOpcsFyCusbBHSBAB7Mg=,HbIRqn+reOINJnTasoiTP+LwyTf595J7JdZBDPC2qAs=,XumIHbXN/8y7ro7TuGh9BnFjvULJCXpNzACYy3LhPmdxsNepHFoED0BuimA48H/slEUoPSPFt9FcJ47IgkYjog==
o2t/6HOQCTD2qzHeyPbOOWWAyvcECodLR38kETdtr9Q=,G8oD9zZ8vpNYnL8OyFI1tuH9S7gKxq+l/kouo773sqY=,raxxgWTvgYDYlFIDxducfcM2Gc/PZogyZvZoUNOvFbU=,wAfV4qenDKwVvgXs2LQdiNmhj4/KID0qYtnvkizDVR9Mcl99kaBvIqqvhGtkoFia
hRfxWUH9UbhK3/hi8guOlSdheluKZKqrstTTB1VLiaE=,O65yNEljaW+RBfncr/Y/6P8VQGp94VfsgBB9B6T5iv8=,NuDjXLoGNTJBDGd1PLDksgG6DvJhwBWnGR2zRWxbeG0=,Odb2b1SJWhgk8Ig0/u43RM8TLo7ZBDsmVH87E1OWQDF92Oiq89wWyd3iw95NvX8J
UGc70PZGiwRSS9CUZAbaL3S5U0gda1ONRmObbQGRM6I=,1XrnFgtFdeXGq2oCCvyecUA8anntJ5iZ00vNl21WYOU=,l3C5JaVLYb2Vh4Ea+9ywOMrLpVZuvrKVkLY+R+kB6sA=,4aauitBBW3gH2IZ3lvZRggQXxjvbUIJyC/cmi9tKG/b7ohtD/6SB41ioridz7opr3/ggBxcQJ4vN3CpdnOLjZg==
UrrgP6JgetO4yYAoGItAnJkqEZEnyEvNYoUT6I/6OJk=,8VL4FUDCDI8nz5yQRg2B44mvrYbCC4QAdATNxg+B3ho=,DINVyHh+RlyLzi4DaXNY/sm/ASK33VHwunu6fQx44AE=,mDD72SI0dc7EVa3fi1S+gMvHGR6PYaTPYRqrBiVdh9iTwmhwQSrcz1ibFQCfwECW
GCcHqXBQpVpKf2Ooua3HtvE+szn3+X64IinHgGCs354=,luYs2wcoHf+9IW/5jRVY++XaXiviwzU4zzAPDnN2q4Q=,2z2jfVSkhJHkrlqfC+L5Ze5OZbQAL5OY2SDWLVJ+/a0=,2TWXGY5NBBFeDYrn1L3WEsLjO75Lk4x6+zrer8TVaoJoYzpvv3VXT0hPUPm2YnGy
qWR6JtHrKoHM7aMfzpddFTegrPV1LAXA4tZ1agZdIBQ=,iNvPbn8S2G5Znd1nTa9B/v8Df0bH5Tf8Oh3Vc5cRM8c=,AlnopPX6mQ+op+a08SToTOEe7t9s9DvF/M3zR/DcvTs=,sGHOc9cJxH1UrTA23cTzJxh43XGFD6XhK7YtiSFQ3FQ=
83ReuxV8LYNKBiQQCk9MC4u62JZWJOOoP0OGcJU12Ns=,4eMneChJPTV4ralRVNW1/XbyRaqzYq66QskvPOJ6iKE=,hlRa2R7fD4x/Tls6itR5Y5QKSS0Q1VgHZbPDZ18QcdQ=,cI2X4lPOZRrc0y2LQg+k9DB4G+RkXSFCzYEABjBSxyg=
6iJ+HojhLvI28VtO14TIMjJ8npM4gqncsg6e9qzS0c8=,N2hRtsYttBGM3ZiZ+MnvMeK3nTVBbmkvYd2iLNb6XUM=,AGkSYon2F8hucCq+N/4SHHZ2m7dq2/ZlJpJjm52PI6g=,eEV+ArDrwxHeNluJXzpvAZn/gUEhEAFzsx3dSEOtk5+FSg8L36tkyc1Ds/LOkw0M
HR1u8uERs4aBm17H4RO5sYDNVyKVHhj5PEXEsaz++Lc=,pPnK4pqtHVTpnEkS1r/9NzdDxttTRS5oGjhWw7KQTOo=,pnyUXaPnX0pllNbE6hF+5w74dqeJ4x7LuAD7Q50xhog=,G7bq7nr18D7uO5wAWyuO86bPOETHawOF5HeL7/L2cHzGqlWkP72r1uSS3V958XxL
glHuABBwEpXOnncQgTdADsSbP0gmaNdTabUWX9f47g0=,yJMkUg/yCh2kvVzBXrbzNtqXj2JNstLxSq5ZCrnBJYA=,mxSxboERjzXKTgNRpt1YKRX4lkADpNzbmsWNkiwbW/8=,pwJSg6HpQ8LQ5vA9CpZnSgsb2digIM0+PsW6bHZdrXg=
8mj22kHYNHPc1S3FjVp5hn3xerAx6dTNpoOKc+uFNOc=,fqZKjiA9n0oKL+ozhJ66h5IbNZYi1fZlZ+/pBLoPMf8=,tn4vARXcZezS/rt9X4ok32zls5O5mXIVDAIiCGubTj8=,kb+wGIQHflEL2Nv5zKAXFvmTqf33b4JL2G5KkxiSRk4=
LFraTVCIa5tmh/PYIQd/J+BNPDEgzOcpxRGTjlfkvYw=,XiNNRT7t3pXzoCGw2Ac5JaO2D+VvN2G43sSVc1XfcbM=,I7dexQWpdUXKZWKgUkkSro1Eiw3Q2xMOkF9eWg7D+88=,Rd6+XkUS3VQlN50NbzTeLUgRcWU7DE/d7hr/oHdxIg4/yteSJBxDW4xekkX/6M4w
2VsxNZwVqnP47Yoq0Qbnj+48wOWDZ/toLDftepoZcqM=,g7ZcqtQzxTAZ2hsvC76xr9oRDwvgMvFQTimhFOCT2dg=,CaEXiNfsRiprl6wsib2a87Y/LGef0QZyEEZtIJbB9mA=,9QI6W5XR6nTcA31o3PKli3W4zlpsQSxZs0PqG7NnBNvqgbniJLfsXlznlzs2hGoc
yTZKhkyaoE4C6dKyjLYR0EHXscRWcCptOdHBkfvrerU=,EnZOtzh2B3gz9Jd4vF+Hy0hIQu6vwsYRJkJ9KCd87u4=,tTXpxSuOexlpQ0Rv5ANf6EJAda7k0hRShUzQqqVVWRI=,1woVpz4ppi/0XKyixzSUpPjcfIVrcbP6JtnFUwtfUQSYzJ7q2aPC5ZcxAY8ycQmF4k9o0SIIha9TWJzFHCr5Rw==
kM+2bWlUBKMiDyqswiH7x8QYU1TvBJ8wCxJHLi3XqFM=,WBXzOoZ8Zid68BlqzrO1o8LCFdWDjjnrarKCF5QLVmM=,9wuXaMVbNyLUBN+N1C6S+qOH6kB1OVpnzm4VCZjAZaw=,Em6ENJJIOVCDIaLMt51mIbM5trHMMIHMH7fqQT9uGyDqUY/GYHb7G3VsliNReLOf
vxY3TLtf9SzxoRxNxyCoYYqBEvaBJxBu/v6IactJDnY=,1WKsvacRrSJcS9rlpqBhYkxRTcqY6Lp+5debfJ/SfBg=,WhQhJg70CGtOKPCBSPlqrUwAx5GbFKMvQPwuwG4uYyM=,MyTuyXHs4fFIqhje/gps/HjGfsCP2oLtbZaN++jX9OH7c08HTolPU6CxdHN90LM+
/z+YknG56TYPwB18PCmTvoyVPNPVWOpueL30xXNXQyw=,nh7V7/jPEiyMzikl0uZFsXSEtoMHtL4DjE9wDOeFBCU=,zpWgJvOrUn8Sh4RAyAlNZG5qvLhLWHCx2nMVqnQVgqA=,QkmoLShU02kLsNw8pp4A43pMPPPF4UsQHnGt0gNZgM8PNvnLk3QSt11wx/lBJaAz
32P8motPotnS73J9pEbMpQG4M39y4T2oDE0iYDYU6Fk=,k81bnCzKv9qCfmuiBQbmdsYeejY+ynt0EpJgPLx8k0o=,5zssHwjooT0Rad0Jopg+3rB2BV/6rN6JZME9/NCImnc=,VFzQSc98qVaH/YPOFXYDfHJmKX583taMMjMCzUC7xW8ri6tdZReF1c79t3wNaQDEFu4+8BZDHG5kqNELdEuyiA==
a+YV0w49dbZWyOYiK1TtMl63/lDCp8WbUpSKV8HbuhE=,bhzJVEhUpKnV+V0pc/m50c+6xwhfg9CMZuGaTfD+orc=,befrqLM0MSu6ND61c/ugQzPnwt+deteqjXALeco0wfM=,1eXorLGVkrPx4yEMjBBV05wtb044CSdCibWaih+DimZ81/trcHsZF9PmsFRe7JCh
+5sFA2p01KeDcKoXGPQGW4xX0xLPcuggnjwOtoKWwBk=,0uIiC7HKs9H2/+Xkl2v5GdPitiXlcr6iamtKuXU3krg=,LKk+UAYC2r0+GmJUslc+DfH+YtOvVUyxuiCXCDuHHIs=,zu/PtuCp0qwlTzsFcuMME8lTSbAoumFeu7HGZQbaeXD8mPy21oiMQUkaZNynH0esJx5GeeT6LFBhWDpxGXlmfw==
RGsLH6JWYACo9A2Tov1TcmvhJkcqWAGwxfj0ehPI83U=,6ceXoqmpdYU5AAKN+V55dOtp5oYGj4vEePOUahOaVWU=,LdMYKt44qemqyZmZkBNUOvHBSK5G865vLRr6IlSUER8=,L3mNk/75tM3DIh07MSwmo0cgu8J4fNdRvoQKK/t1xZgPsHwk6yta4Uxr8GpHwSsU
5hsdiEDV45YITlL5Gwp21P6Fd34JAuff/frjcPehxaU=,/Nliy0tBh61RrFIbpPICsYxMoZF5yRdwpax7WL8+MRU=,N9YywCJJT6oT2rgu/Cqz9EGWUX1/mJafUBKV6pyCEZA=,awToPKyMFNMGnFuK38dqKHbf2kQhWduxuD177jdoNII=
o+eKddDbi+ejUcnB5SKivOkvZ+ygPRp4sGGmph/XamE=,iiFchvy4ahZUuDha5ycHS0suTxV1he2DX5qCR1CEx30=,kfLj3nJu56hVeX0ye2YJJJuqeg81vSVMzFxR8+aKX1g=,iTvmh6xY4PUFEeRc8VW1UqPs+E8t3NcEsKI098L+B/M=
duXABSx8Bl2RX/qycn0VTzCnLyv7j2b1jbzFVkh3xJ8=,FvhO4XIPOnVh6bSJ15qmdWHGF0x9u4Z40mT5XWSlkYM=,ETWaKuCBcp0P2r+QDYy3qxSI5qJrDQEEH2ARDA9zUiU=,DC5P+SpfQtnDFWIdK1naZGcofBvpjZQahskrPGRrCPM=
BpaQ543HtxmE7xnfUTcVO+bi56aJNfu/inH9IzdNluc=,YijLUgcN0T/VChjkQBCCG09T+cUGtiM6oTY59xGtdJo=,EADkGXkCj6+XPe/tSZnVYJhTZoDqCIzyWtUZKsMmsUQ=,LcNWwNEcc+cnpbyGIH49TnRFO1No7Ku1nMcBboqp/x8=
/0CwXH03EeaSYpck5EEFeiVX0R/AEmGJjCcqBL3kG0E=,gjhvW8Om0wgJMVVGl8rAdpV82bZsl3kyqEXUy+THImk=,rosPZQDz15KhJ0v6GiuWfrYOAXhuXrnfotZuNEk+TN0=,mcas+AnhPnCG4O2WZXMJEfnHDT7NJ53vP2ewYAa67Qs=
SUc/dwdfLUBHlKjTpq+Cy0TwnnJj0rie3yoq4p4A4XE=,vaBnoQUz8Zlzw3TcBUGgFwwuF1MS0lpfuTgN50O2Nl0=,i3qynlFjLMB1Y0hHDrfOopAMApNIvfsNafhmc4xucQo=,f+1+3i4ek5IGW3vnDLR2mzBpkXfKskKFLKZpZS5p+067aWFrD3DrqMXo99O8JMgu
FySdDeR6XFrX87Zw+Edeav9IYcmUa9TC3Z1+krEZrP4=,B0ScQ4Nfn+9+MfRrKHtxUJcDASq9qdIKkTJIcZ5E+ig=,ip/wdFZK3mTU4Rf1zJoSm6IqGb1kcXQVONy5AwfOLeU=,9l8RU3BHSrttJ1fpD9M+btZQ0WTRO7rrP8JFyt3uVNtCZD/Qf79q8rz9PQ+axcio3J620LNduvwz5exsLB8TrA==
Gpu9Q2shyocKzyeizTNZXt8N1Th3fywr4GqvAXJc+eY=,4qbz6gI8BQn62SpcYK6bOUxJVkAStG+MUfCoJ/vNjlQ=,/p+2N9BuNDUQGSixNlB7wl4oS3wyZflM32ClllPZ6hM=,/uKo5SERAIYarbpidleOq7F9MnOUBIuvRm3AM8nhH6+TnX/WHZj7nuTsL3QUmyxX
eJqNQ1glHL6f8B5r3Evhn3NNndY3o6KHQagtBocGeWE=,cPKUBbHpMOUQPCeLYs8ezayQSrPNZNMRKG7Nplnq4LU=,/aupkG9ZCs38ADoQns73hYCErrMopmnWZynxCldEJxs=,FbXBZs+AHQqxOyRSbH6lMiiAZadLxGLFhH3UWRF19D9WO459S7FCyvOpbgacEYEC
/EmP/Knu5E3uAm6h/NfNCKqlPTSWjRYoWzP0SwShB74=,XD7gtCK9YPSzPCojgiz4lEAGAm3msvo3PGLVKVsYqKE=,I6TYp/oHAt/i30xb04d2vKvKzjjJYp4hAI9iva7HdpU=,tQ8d2kjqBRnl3siQSx4FvxxGjCvoegu/vzFSSBf1kuY=
B4oS1cjv9sCTtF7NX9OKVXDjOrLW54NVqcvGjfu7KLw=,snNmIIKXZjpPbvxA4+JNmLXyqdsyeJ60BjCCHM9grIA=,fxSZ1npvSiBlLzXO14XOEFYENswG5zIlYqqEN7j3u2A=,l2504iBoWXAu0peehUM7vbAAsU04ypzTPbTcNRz5rC0=
AwZavA0GTeqHw8rhsHel6KC6hn8/6kWdKpSEOIx72dA=,cg+GyT105enP3l91ThxI+MZ70VkTv3F1iuH8HUfnJMk=,48c31pkSmx/es2Hu5fw9cvLUUTJK5vsDSfji+dLSmYQ=,zD87C1va0l12e6uNYqP/g2CDGE4FPWHwsunznGu74Rg=
Ty8+1Xw9KJaeBn9l/84ohbO5FPUNbtfqhtdJQGGPUjo=,+DNgmeYz9bhYJlptH5GEKURmeNQYGhqlCROXvaaNEec=,8DSZFV4J4f6kHCQy0zw4+iYIGzXomJwk6+7uWp0QTGI=,NVLeE8obXr3Q14tONGBcqRdQBjaWwp5JEqcxYVK9sbQ=
0c9hWHwCW5R9RZdjbxfNIDwiuhap0P2iiK4DC+YwQc4=,11LWdn952K1je5kS8FmbYq5sxReuncuZcdrWowC5T7Q=,Rm/yxD084N6EGLojdH92OGt84ch2qHqMDTXD8FQvBF4=,lPgwTVTDKNhyHlcF68W52f8J0+uZVJSMxcsdTHpT95I=
kDuYY/rH1eCx85cTo0Ba2TRQwoBk4OMp6BGkq7BTItw=,CxdcDpF+iGCNbwo9pMo4KXpx1qHiq2OFa4nR0Au2Xr8=,JrlPGsMea1pyEhrKSBtRB2mGU3XYx1VqEAGpL+ThCyI=,AZXuQjdSaEZUchiYpxYu4xBOMKIv0jpKN0tV5uH3hKli7zoNvuT7Cuo/0BMeAW5l
QTC57cn4NrJnlZLBHN+SOo0x0mhqmTIO+oib3P+fr8w=,njtblIx3WAqKV7YyfpQ2mUw7t0uD1fL60ptZqgvDMi4=,l4iQH0vBruV6hACwehZQlVSmpgWuGe96F2ckW+nTGb0=,P5XFnaHFca6/11yv3UsppaV3UZpKi7dEMwpax+b/XL2Vt5b6o2laG9Jy4C0OQPeSZW06ZneXroBITAFRoh04YA==
0tFsXLDbNiG1wKHuknxajS4sRQ92Oo6ZXsQcfLuuYQ8=,IkKjClH2o0ay0g34eweI4kdibgK5lyOc0juNKlnPsCQ=,cXBFhRjZJP7lHAlOwgLOJNX6/BdumSyCZzbKVYwPQlk=,ab77SFc5R0+/RMgD2+CgJg/o3nfTayA7ifPstm6jn0X/20DHzRYYBEvxbT1TmjkF
ksA1kaOw6hHijCY/4XR7BN0jG9bernx1MURE8LtwHho=,g7mFLWKF28AKhjfTpBnQ2OCWParUrKTBorrwgFJR4ns=,SoebVxUbeOfs+GABHbtSRPBG+BQeNnOMgBcPzNlVMUw=,23VpH2Y3RvMk7PMSo439BZxWCyuB1vFBdKq63rYYO9F+5O60rGTwgL7Evp/0CyaP
jIrWR+JxxlZm8HETYkTxgHg77Zsiah2OyxSGTtpgLiA=,GHucXnPX23k5+EFkQw/tnQadfzm9KKMgwRAme6oqBXg=,1Zci8g5xdcql0x8hbO1fhdbrdTPNuJSJ2PkG5nh4G5c=,RvX1S9aSJNzRU2E11vCNPw2N1mWFN3ycPSBlstFtmpQ=
2mA1gpmQEeS+T1S5OtJMoMtf9nDP+WTtk/BKFHRNlH0=,3qWQk2NdmDi5fkSSHaaFStyjPVAf0dxVDK9aHEYOnAM=,T/wscztghbZnvyQ2/q1qtG9qgsolyuM9uSHRXebfbzM=,i4h99k/e+6gCYt7s7Xjk78NPF8q5zoYg9LG3Np1CRqg=
mxtzPgQuIdVj3Gz3JcEdzmLhFi/m5LdJU4LxpELD4v4=,fgl6Nd5Z6K3KEnl0hg9NyvBNhCLkAVIA3aei8bHOkvI=,bKg0msZ8hLVhT88PluS59J5a8yNpNC7zUUO8emeob/U=,aJiNqraufADN1RAhsWif+RBBHNgAg+DGuFscHB3fbgw=
6XqYZJZaDUke1yIQvYbJrm0oOQ4Py9xYVRYBsb7Db9U=,UAMu90RtdPMD0Chfg5ULnMXhwNakn8itAX1KFQ6/F1I=,bF3xM6bTUiPH6IDkp6TVDLitGnUA3r/0olxTb2NKX18=,L/HRGmhELsX1sG7Wr55R82oXOX3fqtFiRQ7NSDS8t+I=
jyH76/KG6xciCdIoi26OifZ7qKO9IdNjDf1ITN0DDr0=,bcUn6gp8hygLvdsVa/iF3zKTN4y3VDdNx8S7XLeTqa0=,Ya3ftYJy3m439MJO1Yb5Z0rTxsdAMmiqinoPAdQQTHs=,kK0LnBFbj2dvHwL4r4kstVFLNpk8MpyHlOw9/21w/Rk=
uzv7gd03/cuAqMTN+j0ljLlvkR11ryApUo3bhr/y324=,fJ3vw3zptfa81DelEu2S4+adqjuqgQv7PYe6HFKHrfk=,+BrWiWU0kVGrBwqKBxnAIbmAVcqiqAqz4IZvP4W8fI8=,LU0dfb9nFqRaLzTXLirqHFiUgFD5jVS8AkiAm1DOAHQ=
qL1bq40Oyjc8Flo3Ye71ZfAzpx87pwib+A5P+k6ScYU=,lZauSp4elNZncB9PRLlfLqxV4i8Golpnbz+Aq6xKbmo=,QKMxudXH+nFdhaJwzM+56ol8pbxan+H/8Dqr6Uo1nG8=,zgf9YtR4dEsvO8e5NIRf6yBFlfkx0Yc20ro506m1/1c=
UaC+FWW92H7Bhd3ffn3GYgLDg/nt7K+16Lpc+1hUYaM=,ABuNjIk432t9oW9lHOB68bHfhU7fu2CCMqezrJPNtwA=,PqTORcJI/OxM6tIMURjnayM3+QE4nLE4nCLiCY34rfk=,T9BjPDORFHTgsIMeYuNzoCpYGNH0AaFejB8EU71yCiY=
WFds7vT/lP8mHrizFAqnKYHZnZXDbqDw3NLJhBOhHkU=,2GDTc+4HYZvYvs+wK74lBnE9MF0aBysJzwXVPrjCkQg=,lZV7tPqQaowXbzgnq03AWHDgEH4pNEAzkBUoTMaaq3Y=,ChMgqPX1WUVk52yCC55CM7o6hZcGuCM1UNXigCUXnClhWIaCWr/NMSaMd7EgOHAy
lrWTzp3wH+zVpL6IRR3HahqXLwInj3lbnUDZckL2h14=,diEBOswFAYeCGFIcnEJ5+/rR8B8fOrDz7PUCtpCsLl0=,NTbIoobztIuZ9b69LaKgY9CLE4dUoEoFWjGI8RmSDV0=,9zSMpwNyYilJbgQpkMZ1C/Qer5ivaRVgj7i9e+KwImU=
FU7N4Jjq/xKfFXY3ELImcC+iet8CUp9VQrxyFzxRR5M=,PMb4sh4ZqwLD7zY8R3MDneMS9//ir/u4QhgkbjPxeKg=,431h11S3RkKY3zN03icZFOE+iFwZNSOU2SQoWqzAk1s=,W9MqYS3yexSc3k4N5fLi5wI9aS8m7kNXaO7tVl+ZrbI=
nhoLJwsOM5zaz2E9VceJRCT+qIl5P7QDJcsi/NI0wys=,DjgQ8Z1GJ2+v8tQUiIyP2arpMKXMrl3pvqhZpCBfDjU=,lXEevNcIzC0aEcqveoV5l47lSvvh+syrtzopGfgl6ZU=,jAzcovyxA8IOyalLq4LnO7bnuW5uQgf92mWOONrWGTS0NA+0ySXdCuVoTwvEHW9M
Ra3x4b7Otnrxxob7HICicX2GUHYCraZSk0BDz6b0DwI=,Y3JLd7tPXScXJNznHe5jfHVJinz9uYYfCVtTnHGigfo=,MQqB5O8WNLRk2aNqQjiUUrA/DBU0qGlzePhPzFxe7gs=,LSIbiL4UA6BFNFwF3aCHTefJVa6F5chDvmPBXw485IM=
4dQ1FAr82DwERYtgYaQO7+lJuECz85LCndBeXRcH8uo=,4UsGZ6HSOzWtsaQ+4Xa2/Bztqz/iMFpzWdoqxx5a8uM=,PUM1eHAGsFXaGGG2AB2k8fqQ7bOzRt3sIbnmOsmRXvY=,lM77DAAN1OMMmXoTJNQiWd9eBF3HvCq38SjOGf38yV4=
n6+HLHTnec48laxeP8IYFUdusFCufiI6RXubAlwspgo=,BrBaZDu8yIGf6krHi9kybQCwFBZ5twF07zq/0z6e5Rw=,U8cp79C9uCshlnePykwJQCZvQlXj1wtgvEPRKuMVIYc=,jWN7GSLqRof0LlfHQM/8t68R/EXhDIgXl7CbIBqKyUM+RcEPZnuDoARz8TKdA3ow2kN1KZtkjZh8XuSkrA77vQ==
Y6at+BYPFL5Zi7+GMWmYTi07tjbIssjmgyiFeOfu+tk=,lSOP3ALbrThPi2n8RMFJT1IPfOFKnpXcoBt2ZO7ZXZM=,GB3NiapIWIkIfPCmHj6fGf4S03/DYe5xkA9t5E8maJ4=,XvwBLhe/hQEBBgJJK2mIknBHFvtcMp541CpRjD/A4zPjMjOI2xhBZU1gPHMIbea3
6Fbw2+/UfzWl3xIw5IllbvdVq1x+sp32//pNhTUHEvg=,UU/N9woebrHwjwURtl2UxM8mE4M8khkKQ/qQR7w0iQs=,p3JgTyWPUeiBSOrPV0NMXAPfXidjmP0Dv6bJpqlZoA4=,BRqHtjQT3Cm9I7AOLV7kvcbNoSMnw+P3DXNIMIPIyA718QsfvAwyOkEzUNNBnBHp
9/5EkR30m2WZahZOie2fwKPKTb4vglRc9Uu6A9ktDgU=,YMTWG1lNQhLFszaNuvmeGY+b98hAKfCaCEsynURsKzg=,uLZYsr5WTE6mant53hPO0f5ycW13lB547VNDiqPHisQ=,+55W0s8gIvusvmmeAN/GmGe8NYRYgWS1j17QztcNja1qeaYEZJ7QyZJ12/mpxh6qfewSChzHlOQPfvh3yJITeQ==
tyeSpc45lQEGpA7bQqMYih9TglItXX9drNR8CgY2o3M=,tjkKs1ybO9V79SwwvIeOuuCFAJcNSejR7iBCjh0+d/k=,keEkWl9X7eLno1zGrDyDp4wn9iNeqKalJwSnrucZBgU=,xV7Mo0fj0Aovia3oz6HGBxyOuytV3gNb84advD8JXUznKeceGa0eJJlYiqiRWCe2
9ahq0vZP5kwlyF9iD1wI+d75kfuhjFRqSOudDH6elm4=,QIwQ8kSYrnyciiMztVhxhifh/vgFuPyZ2dRKNGQOC9o=,IX38uGU4yOozqemIwMRvh/Cj6KWUi1yNcQAMAA/WYxM=,YAOqkUb/0ssZJy0rSthBmjKnPuzQuIQYmU1Y+vbA6QQ=
SusKko5I8Xq52u8xVEb8aBnX+2JAuJMTtl9MLmJE4FI=,nLCSjEh5yYW0bZYxlzZ3R7kfLhn7UgH9xT59/YnuJJ0=,VZf/2rY9CA4pmz3815CZZQEUiU+2OAzXvWqlwnHspkc=,BXvDoiDB+mnnfLcO9PP4NAYMfHIBtp7sllNg2dAmirI=
iA4OHfaTVGFYz5UkaMNV0KuhcrPDKme3HJ749+SgQdY=,TsJaEcw77GdPy18gNJe+hoUqq0vS2Q2ODX3sk8a01g0=,+PpCs4/4t7lg4pn1HABzMKdyeYl4Jw63/aofuK5MUUg=,BpN0EcHMaXX8wz1R2ivXCalaEiK1gKbO/kT7YBARj0of8TYTSMIBa8IJ7j99yzQWp1nYbOIKVhFHwu6ZdguvcA==
TM8op+K8OEXGiissy0yopyFUDpq5yttTPBTvd8O4YaI=,lHxtk+ucRfxVMz64vboMHPWFnshJiBxxzepj9eT6CTw=,fp1cEFNAzGC+vKdF5SkTq9uM1tL8otzYsMtV7SA43jE=,29jd4H8jz6jekDjWity0nfu5L/WgFnpmY2/AZqVaX38My0ke1x9+fLIqywSqZ5td
XHkntCKvvCNBjKLamp0JSkcwIMKuydCd1E+Le1LhFS8=,6h6h5GhuOiisjTCVUwcexp1X2OOes3R3S4q2szbAcaE=,yAk7jyxw1dNWeO4cOjUGNhWZbpBFOblbZfeEeslpjL8=,Okt3B6Dllv/PXB/hQBSLpRkRWcv3K6qG+AQG9ml9C8wOYk1S7Nn2itvtS6IJRsDJ
O9EV0J7WODviCBQdJdfjxT5zl8P8wnByfkIPVG0HyQQ=,ZRb6EbgB0SVwpiYCAG74Ishnh1uc4xltQUrlWiUwIhA=,zoX/TLJQMYjpf+IeXE/u09bhSIqQKSnlRBVjkD87cMA=,XjcQB22HzU5t3wiwukm3ZnuIk9gW6rtvf7nw/ad+oWKF3rwwtRrJAYZe4ThvzBuL
7lFvYflA6rB9S/GNtACMBUFMN27VlciHYlkuLVYpgVI=,CBUdqXYBr5qJgCqaQQkmTTjnsUJKwjC5aLF7HlVbTJE=,2hlT5xz2I91+fR8Y31ACd/h8oaTfHWK8fkVVxVpGvi0=,pXK/9DnNlMML1p6UyD0mqRGS5us2D6kJxoK6+sez13w=
ixeCbg1ymtJ63s9EdFAy5vbgJr/F7wuKt1gH/SWngGY=,2dGZbKpub1fcjed3UXuDe49+SCcV87Gfku831V5VMO0=,S8MR8x2AC53M9MnZv9KQ3fcUXNN6PVO41PHzksw+JZM=,TZg+2Rglf9KGv5hmacln6aa6IYAXAuDMUa+iTsGSd+o=
2Y6irxoJMDXImH1weOm27kPdK5JxThMdxE1rvQ0rQIc=,UNiI1835wvnvPghjDwGKK4v89TPtNipzYnMb7bum7hI=,zmHUlbNmh6qnLL7vvMXBGL2fsxioGWcz6viypVqWbsg=,fm4TbGvnZx0sF4PaCBSKOiDzkemkdAN+S7G7wXF+BTE=
DHYcc4z2VBTo3V/ii5h/QbEKJLFDHKjCdepYl/GxJ3U=,3lhjjTa/+to7d34mMBZcN1epz2OqqN9hAa+XwxbkvHE=,xIJMdqxryRfrEGy8d4T9T/LIjyxl4FiumIeTr2126qQ=,F+L7oYGEDgh42e25K84uXkbtB0mY1Bpy1yVHCyZRGuU=
9YS8fVN8dKYgIKI7c63oY5zaXwbJV2BGaYgHGWquucI=,RnD9nu+wCBxBOuZnnPY5uHJjaGSHb//pYlOQx4KTAwA=,WoNfDwGleTYim/dPk6B7MOlHWJ6Q1ZbfqAod36y4q1o=,f7w8//syiPkfwtibOQY6lWeb8KqkxswWe5bbtkrg4l8=
EaIaITIlFnOtjkhm40p0+TGcou+JA0rOECD0hYw8CnQ=,dkf0ZYejwACfcb0XIOYBkwWbUpRVCJnMZ5X05ZEkf0A=,UKlX/UWhrs9+zYFNm7hMlsodX69gmegFpy45rVs1PI0=,MWye7hbvbfJss5PxMhFTnbD6zr5TXhO1JVHJXPVrhAo=
bogNby+F8viNZK0TCYJ9Hbiu7ZJap+PR9wHj6jYPdDc=,ySRZCj8tlNtFkd0RzNOStFVVZWEfoxaVnMdz8JNKKJ4=,YwO0Q38LuLq2YJ7b4EJ5jUaYHoPW+Fe7/CIeN+kjXRg=,h17gpt40CPGkp4TGWjTmQQeQbVDxZbFtJy2iJTupD50=
SBdQVZ7u3FUmp3xKVWMI5UYRg0ENbCptYM1Sz2FBfDc=,rb5MoIyorA28GEXIRcnt01jWxzF/HFKlRWcuIhG699U=,YoHdLCiiS0ZDOYyh/ocmCJXqi3bS0hpH9tmVhOWNbsM=,iNwA/P+TazK4o4lbLx3Ii/kLyL+SkS6W99i0csR6Dc91yt7SH8xCq+fZEoUTK11r
wT8WF5fKtPrfJLTbJY0GWRifVCKG0SybF9viPyIw3Ek=,N6orV8igME9WzCTwRCHsK/8e5e6qoCPS5RJYdnfVN/U=,FRjf3GO8vnt6utnwDmLVjt8C4y269IfSJhc5s6tyXNE=,0mULGKBAyX6dAn3AeEJLjU80GZVakvuwVjGtkKSKCJ0=
6qVEbYMfCYRb8LB4HoSH+D+5pgpnew48i9GnH/CZDfk=,ER4htNjMXxZQsKC0YFawdaedLO0S89DjwHevpMTQGK8=,4tHv5pUyw3KWt7ivGhYzbKyhoGHzUCq01hIoPHrcUlA=,JVHnCDQtlv67OpNThw9cGRAJBfPkKIRXtubBXIrhX5w=
EMl+3hu1M9x2c9QTmCkiGpLTSOaxyko++N4cYMv10Dc=,hgw0oszpJsYRkyuIOHBn+TB6lMv/EAVCmJYiiE9SqpQ=,EmLIT5Bq1G7njddIx6VGeY19KAsuqG2DHBcBKkxqDfM=,edx6Kh01y4BvgSCL3RxT0R7EXj4jYqrkMu3qW7qvK9s=
ICLLipDn4XrTnK/t/h0o5cNEk584sZcY43EIWPrkZ1E=,RQ5v2WHK8aOLuwd0w1se8uZApo5Af9tFgHwf2C3Vd/k=,srHn8S1DnTwofysoaJdKsHjL/hBTMUOqE6YZV4PMjPo=,Q4PG22GK8Czo0RkXUBqNOR3r8uiSLbowAezVFFAuo1c=
JRc6+ldGaCACHB8/C6v/ChvBZnKYwOwRDua9/1mhLvo=,2nKX6xCbtQjNE12rqgw5Tpg6VOjM2eiB26/Kcz62I4w=,Qy9ejsPU1qykago6g0oEv+iaaN44A3t3+lEtOG1xZAY=,UZssQ4GMWfVXzSnNVpbq5xon+BEwabztFV2LLCdxYJ49aI5CqI8VOg8CYcl3hh/W
nv94exBatWfcTcPNMCw3qAZZDmPCX/DrIvG/q2C87Ek=,SvjpW3L39DiC1nZJgwTtPmCbGdLRkQFnxXN/HF79QVE=,XHM5HG1forGuo4UfYhTo2bc61X8mf3rY5dj8utof6ik=,Q6+lCvISk2Eo71MTQyPVouV5zbRkxdGz3y4i1Vj13LY=
i4oH5pyRWZbrbYRzEDT3Cr6ImQFZXvC32VceBJOwoSw=,EHcZW6ho/cDpJ39EpRy0r3Cew4FeRPhbx4QphSWOiKw=,ryei4Bzzgjz+1OZu2QYwR4r/tEfGT3dyOlAVWknjmhI=,9BNccj0cblDKHJWZUWCApGLcSpSm7VLrlynWrR9gs6w=
02B1vnRjsBkpK+rEEiDsMJQCRqyq1nL3l6p8NxWSrl0=,c1vlCDVqQJUIpIuBQv21nCAjH8HEPDK/LNhiYY2s0OM=,+Figb+X3bhGv6tcbp4PRCQxH5/orIfscUMpj16XJ3KM=,WGDxnfN+zqhzktyl5Mt+r+6lYhHXRBZxR/WntyVKbLw=
4ZZqqqQyZSWygXpxz8k4fQ2cIpszLwdwViCcU0/PBpw=,bpZdaAHEXzmwlO8ekNBJGNBquMBoP6cDqIzHKGiwBIk=,JKGuI09ZqFiPGBK37e6VGw38R2oux8C22ia4JcT1o+c=,4v8HBhyDCBZNqSOWGVyViJgxdM1XI+o/JOv83NszOWo=
kDOg7r3f0tnKxOzXLmooXfPd8cCtcR607xxaOptpXho=,m8e60S3b7PP2Uq/1fs00eefzi+qEtvzT/TP6AUmdmqA=,QRhnu4CdxTU8HV+yURdZmilwPmSwap92nYuxBf1FUFo=,1vDc+iwoNVcPmvZlt/70flI4WHp37YrKFb9VdIAV0+c=
lhNgjSeFeQWGFWkYoMRZVqC1ZvmYvenkTOsg/m/+asg=,JyYpLZykQDvfQNyaNLAmpXaPgvTRunswn6wKc5cEbDc=,b09m3iulb/4Z1+4/kSURcUtOFwWGNmt/Omw4TZ6eD+8=,PMxlF5bDlcSSBh3W1vcuIuARgaF15syhcvqhcd5SFL0=
T7MVQDF3tZSqfK2th08GRkUNkEA+y0yzwCIKPpww1Zg=,pMOPtl4Vxy5Tni9ORiunOCOOb2P0NCFHjTE64JSsAFE=,JjQoJ63Oo4p5MPTXIQOkBQ8EcU0Y8H/+UVKELnbAa6k=,t8Qm2whDKz0ge1hGMwPYqb9HaZ+BgnRG7QMP3jPkwOY=
/jtGpsnx+Oe47gQgiF/Ku0JDdivJzIdUQlbjyXfpCAg=,pgvVphq/n26daLgllLIz0ue+faGir+SFRszUng7B7B0=,pVv0w93Yf0kJhwABZrJOnREpIGGl7oFj/0kBzxanxpA=,FDC2F/q3Sqfg2UmyXL06+PGEl8pzpfBITXrL7nOYnsY=
5uf/gTHTkfueiEDiDQ2ucrNGgR7UER/yqzjYEEyw0yY=,73YVQmBkevK0lB5c9XBDnGBR4d73jpCUthSTed2e1oU=,oDLYqww9wmAWRSoTPrpuddxiChiHs9i4IDPk6mM1lk0=,Rm9KilhaL7MGlSZ86g8xP87uhjkRfHRfud8H2Tf4cfTqo9pPXVoBqa5o4weYyNiTcmLfo5xm4ZQ7NfbQ56Q9tw==
bgsJbVWoXQA+KP+zwH7uiIwPY3JRTL/EPPgfaiq43hc=,A3e9QA0ZiV9q7oYZO7+KN/uXdeRWqs5L8CMoobbnbeA=,xhFv1SYeTwj3pMqKX+26RTvy2fHtJORkVNiYbZiPS+4=,63bGZK532ubrm4CyNTo31FHSgN2lAHF+9ipPTusBzI9eLXwyzMeHH0qLBv4MVS1w
QB7QPZyZZZ2bP9EKxgLdlQiyjTd+0YY3Xw2ksW9Q6Ko=,0oN69yoBixA4aQPm09g8HUFQjyKzNfd3lCaPYLPudqk=,5CzJST8ttBq7j3XeqdcnsqpzSU8ls8kZ231tm09SBc0=,Em/REjyu+A62Ova4kEM/id66nYidxdHQ9Jk49QPquy0=
RrF1jack7lTe9Btu8ZN+s6p4fG7NPzT84jkzSeUuXW4=,ig0gaOxmQnt3y3ijj1Q6ifEDA2LgmmPEPQO3gP+SWSo=,FQEBnYzZVBrwVC0ilx96P9BQl6ADTwJON1Z8rviUKZc=,PzIyN/GXcW8HW0jdBZACSeS+DqZ+OIZ9L+1YAm4uSbI=
P/9kO2H/bNH3LXEay1oxYJpljed8CC86pDx3VXnh5b4=,QGvUJW92wm1bO+e8Oynrsmxio6C04VskgF6VJ6jcC2E=,0bOUMAUDSsS1iemTx3QtGYczpBlnkHCRIuF28OE4Tig=,0VuunUVq5j3UN0GW8xwF4iB8N82oNrHiCGsRVM2wZL0=
IUIK41V6LR1tCzTaVqEg2uXow21MOD0tAd2VqC6VGcc=,vlhUc9dnHR9Sxn44lhFWZRX6Z57lhYu+xcLIBG6Qzis=,hlIu89IPG84+ENM6TDTW5ibFwwiJ5K279JgfIe5Pb/k=,J6HnDI1BvYqkpNZOC3AI5QoEovndqMQ6w5AM3NEEdq8=
myn9OfPvIS1teSItOubJ2CtTJFbIid7TzXL41hJgIpU=,xE0ikzd/gxeQlRXWXvUAvFBHq+TMRF43rTlgqIbRp88=,WS6sAXYj34+oAPQTEJQ3U6FPIH0HaMZP0/Z+dRvEyoM=,XAHeBuuyH51y6ZMwFdiaTOG+dKbkO+JowdgwgOOqUOQ=
WQkiUsNR+LZ7DTqascMhSGIYYe43MoACQ2iQ55VugME=,L8iWIQ3Yal6ayKlPQiXPqYmtRcoYI5mOcbn/AHiahN8=,5u44qDvVSA5lLKN+8AGNe/x3NXqXZTAxpaR2/iUEiPE=,kTMGvgqbeP0j1ob0sLxMQljWtqJOrVj/phmRjrlMuZ0=
foS16J1cAe4z5zUycpDSIgIlSbDG8sTv0S6GsOc7Lgc=,/r/Je2d0zlD4aWnjFrfxmBsAsj0BQ4EzpOYLaiRygU8=,wR/uMNEdzg4LjVKLoU8j6hmcnbW2BxUj9JwygEmHljI=,gWDUUmSca3flAKHc39fZjdIhuiywyFGultWbVB8wNRI=
5uyEQSurDzbUeMY1Ni3fBOJw8qstwm3AR/qlPmmPCyk=,tzb0CYN5gXIAy77yU1d/GdQZqNjUnsB2gfRj5bO5M4I=,HX8Wo3lq5Tr9vB1TOzUNuqOVsRdZ5yyboOP1cnYJBpY=,6zfZTGaeZTKOkF+BpURvuBmsodRwlxclAueO0lKGtHY=
u/dMQAoGHkz+2phQ5VzMfvArGFQME3mhtqZTx6Jln7A=,uhZ27EFyGDwXEGRmSomE1QBfyA+E/9X/44BerYWQJbY=,ssLcbinivV48pPEmbWN76wH2VaDZq2DF8Wv6Kw0SKf4=,IBSTY4/DTPmZqMb18VbKsPRrsrwYhrOV3xJ5SSeC1TTqoSQxnYIveEa9lOP4KTB8kpAjJWjWDkcOH1Hgkk8KiA==
RFNCnEJRmkkNyTM7HU2vD0TPVaL53jIJHpypkze+X/4=,odZHWdnIrBKy7kwzxU77OkvSuJVbx0iDOWxQWIQXXrE=,WWjxHG1YQPH/POEktUm2JvzRSmqQjQ7Q2zEUtzdOxkM=,J62ME0IdqpEwtslmTcOu9A5zB53Rwy2a62BgAoPQv4WrBgb8hOBS9UFN/6B05bkF
5UQ7/2i1pnuHnVqCUx4foQpyR111y/k1AFz2ycPtU0g=,1JG6pWepsSz1sexkd1S/4IFIqpVfvtv1p9r3DObSFh8=,CaQ7bIzYJ0csragnpWqMk9J3hyTWCzuTOyC04Xr2Sk0=,vL/9xDUag7BQDe6G9d9m55dKEOnCX2YVCwgU97qi6QdQ/xPGBQGMCuL1JSLIFf64IdmE1FA+sV8+km2pv/ljlA==
vx9QLTTPX6lgmZYhm+Wey+sdZOVmD2IT7RKN4u63o90=,zpIWQboYtxHNumXtByd4klXMT84sfKTiM0/v+AZjObw=,JY8Wz5g4rfx1n9tRkBOxWfYUewa05NHPDVTVET/yejE=,Hfm4yYG/Ws2bNMR+6G45WQXbahnuRcaZTNgG5kaF4MaWQvd/gL+bOaBpqYpEnpfj
h0XazHKpSLxnBGnyYvDNDROMN8FAy8VXzDEk1qRqCes=,+QrtDDWT9ocXs8qjd4pn/rSNL0im7HRyWSQhEKTJTW4=,eeozayPmrdnAdt7RfiDBpdJFhJErayHKP75RUehwDqY=,YFOvWb0ZHSmPvx1UH5vJ048yvuww9+Av21frTaIPgfs=
plpUobdVWJGZy0K/SggZVRKSpayz6K6AYj6rlohFO7A=,ohtqls7W0XTMDiZDOeW/pkS4PNVX3LJXks5Snm+f2bY=,y9xB55/C5jByCI61Swp8gpwxZR32AI7dUOaCNmLQMAM=,t2Unpa8ov4cy9ZBRY297J7Os/1y6a6pqrRbbQ0HkNXU=
747WS+kCB3qetQgBLrfJ23gvpIGvjMoaJ68kOzDBQX4=,ZufFmvccUlP3hQqGw0hM+eJJ7OyrkuDkTvSQxQCbJ/k=,uhrtYcFGaAlKxGe8AT2Ult39iaQayWmCx/8ut8dnhrk=,mO5kaB/qxXE7nOFDPhhnY3Fbg1A34WP80PomFYrsGxs=
eH4LRkcV8gdWc1T730I5WZ8X7uFcDiRUr9zRXfM5/1w=,lGZP/6DmF1H/ew1zH4mjiihDgZ/A9sYbEr4UDqx1kuI=,HXXOs7oHy0brdh7bFkXO52xQZStbNFoO4dNF2dBM4Lo=,/dAji7TBSdtWzOjgbO6W5/FZHHoC3pP8Gjhs0PqzAyY=
QUbiOYVEHUzCPCCZwQIe/EHVKYITR441MS0wip1H4RA=,aYqTMEJSQqVFeQpN+Um7yroiSDm94cPeZGNPEAYu3U4=,8rKOWBFbNJp6HrAuIn/LJ0JpZoCQ7QNyKBhZiD0lnvE=,rZqOK+m1zfKe9sFuvvhR33rOdyh0mzs1ZorJdizpa4Q=
LwW46h8dfe1HTaNBvBRfFqKIFbOhx/vmYrh11tWI2JU=,9Ut3hgSC3oURkv9drxzQPvOKqes07RMp2CUrJqVjx3U=,5R4L/eN7tnvjHUNIufMN9kQYbwcyWTxYSu+b9nfZ9LY=,nqKpiUlh3cLoGaoEMd+fR1lErSRBWmanPrrd6Mccroc=
AK4RMKgtsoB6yn9E2qZhabxBfq1HTDC3KU5wIJ9FxSQ=,oh4Q16eEJHWRiezOTPInuyWOCKDNEifRRbC2ispKfKA=,D94cu+pxwHkNJ7cAlk3o2J38d58Ei9a3CYcWXo8KaBE=,nds09dpswrqZDqz8FK4GfAS++KbKHSo7dRrItkcKPBs=
OCBmq2orIrYRwIVCTV4oPXk1VS9wtf9joft+TaLyYBo=,ehe0BDZVq5hE80UhkPx93KHn7p+s3wb7GnIozAjHsys=,ROl3nHv+ADrklbrCcte3+bZ0/1N4R9yEKK8vTe35v2U=,Q07N4W87X5FZRBzt521CdwHLdwVk/zieeZyUhPh/NBw=
DLeLjTHBKzwkgijsNNIhVeDiCK7I6i3oGrKZhSZUMQg=,lQuoruzPQBukcV37BtFrJUdvexeo6tnu1oCCGNgdNvM=,ayxF6vCT2ORMDoPMo+QOgbUgwG5+hg8/r59SaxAOGuU=,tL9xnLodZFOUscCxD38WzsVNfHu0XftJJnD5dNQafMo=
DFwD6OV9CkQpocqWMUxCIR507JXQ4M8CwcGL5dGVLoo=,z0WqmW2gSIwqh/2TEoqaE6DsbCmuJKgcS42BEy8MlzI=,uAEKYqksMCaSHjVKUXnXWr4+85TZEBdUWPdi8vFtlDM=,ydVfvciXg1TuVY/En88SwPYgcUnAX5rn6lvFEV+71rI=
HLqzOQHiLEIaJEAuxe0lkovMVoelVwEL/WocRTUdTys=,ZE7D0+QjeoNg1qPCU7veTumEbE7T1/I1TOfNEvgmfNA=,pUcgyDtK8tJBUxfHuZdkHR3Peh1JLREypG+hKQLHrnY=,6QWMPeqk0hiSXlo5Uc1qL5IJec7uPTaC/mtFTfTuoM4=
ylPytrPf98EBsybQiZJ9u519yWDlzTRgfzNI5o1fnv4=,beVFgisM8kwjJSy4rhQNg0WdvXawDvJi4lptb12IQIk=,Ks8/DdOfSMiyVHgUWBj9iHt8RBarpd8o3rqLpIi2ysE=,WAMgP+s39LROmlynoCpVyIE5mK4pOFN+tVwBx3BSFj4=
MILSgTtK+SqJJRMTowuSjjETOMa8DGRhqw8UGjzIPXM=,DGdSuVEJn6WUy3fMo0qrfssax5HHYmNJYnrh/NCuhsk=,t+Ns36VWGtMyevENo5RnO4gF0hV7dt8Y0Z4GJ5hYXXw=,z15pp1ubJwU1bRLNj2Ur/fNUx7TgHyb2IVIs83xSMWA=
33ENL2YiPEQVVlka4RDwmKq3YW71UNOpyIlRGEPr7uA=,5hioaofTGF6UgJkD60jvyca+SJZOSBfbMvAI7vdh7lQ=,0q4zGZahr8bvO2ykNqduQxRk1xgLDt2vAFYj3m6BrdI=,e3EOyTNP+X0Dyt7qb92okQgyKsYkdOpSO+mMsQLxMAA=
aAIptu8ruKAppLu/MpvbCD9YT1+bVGBHsDGSOYi4Gjg=,lPC7oV26mQKFSkQHesUA7gLznsgUduMokfjzebngjpE=,uFNNMTXh/G4o2/UitcQ6k2ENkrkqHas/iUm8WRk2YGU=,34wxDu7Yc+scqbynT9Fj3oUaQM9S+IYa8ZUwTdtjqMI=
cz7RqUeWhuwfbXYkVgdKcI+Tu9OUehfJ/s+sF2WyBNg=,xwVCUYXpm0fchVf2dLpkPgU7Q5+v2uO08pXxSuDi3U4=,ggHFSkFXyRY8E3unEwEZDhvlTTROxr+sWp0loMaCUiA=,zZD0M37Ynnid1mC3NzlQqxZLltK47TLqjqmsI2O37JM=
UlNuOTYlVTcXFylWehOZDtL8g6wt7SWpiGkETDwlBHU=,7jpFaDaHlYpWcAfs6P5S3xDTrG2bHnJP/teYs91m5SA=,4fzKnB3dJ/B6+bDMJQrCqJj55hCrev8vj0BZfEQ87bM=,VeRFkKF21SgyQKNUixE6yewURATmy9PKLHqy747Sj+k=
Wy0S2bAjPbr0RsFLVyFDFdhMjyp9aYvB1w/4f2UAv5I=,ETt+S0uPsI5G2efKOPK6I9iAiEogds6ZK+XsGv+14N8=,Tj0itBkLGxLiBWLl4y/oNm0xHFS7QrMI2Lw1t5+fjdY=,7rlXWHms3iUMCEc9s8PWSG9LV+PF0+ldQrezSHWrSro=
7UFsyOxWqeEwEAQwr243N3tyu4Yfj+6ybGWHrtwueDU=,VX9D9YdFyRVVZx7c6pcD6vliIwsLReYh4Vmya5yQ4go=,ZE5Qo2RIBVmRz2nLg2n2/QhjU8IITp96K5/clcggYDs=,YntbI1j7wCyBS+/nhFz8vrJ9iVBk+smBKJ6qQjtn894=
qjjp6xQoW6H3qnpv+KTRs3/Ypd+AUjvM98nEjtydivo=,FIMtsXjWuJh/Xh3ecM4SgjKLVvOsBQU9dd0tMYW2jO8=,VZ8VFLsdhS3dNsDbb8jYnZupl3cDl3K2xisOB3oFCPU=,9bC+EhQ8AVODPdZ/wGRPff3rWnTB85Kx9DWSX7UXDLc=
ZDoP3xDwZahGAGwgdGBQlKPXaWd2egGENZEIxKQYR/s=,IQx5kdz+vQrQIz1tDt8RcLD/4LShaw4a4PsldXFgBCQ=,vrOvwXz4GB1xYTPbqkMsbXLbZyxE6OUn7/XGdAsKTDY=,drqQlcElDnnjbiaVSWQJMMlj4zo/7zxCQx084an3fd8=
cfavU7wrUenooRCut9e8G9w5jIA+vqk1sA4VNk8WI5U=,qp+RIATFlIudDQw4shIqRXn2UF6VaYsAsdpavy92BPU=,pWFMLoMYu2zt17lph3e26hCyO/Eve1dD7cL9lVderXo=,DP4OBqr6bRUeZoQ46qWYxHw/4XpOcHrGq0C14mLxcmc=
qU+aAPvcWeaUGprTP0I9w6yx998e49QYGPhHjBmuKRY=,q+F05fQuH9/ghfQZhnujKhSX9rqwmVwzUMPqxextaEI=,T57MVDIYVaUDp0yXaxltex4YbAJOG1RL1eW6CYGk/xE=,MCHUlOqULhceuOATHdP/kasNstoFnostcf7zWtM070g=
u/mM5T/JcfaALD65dUEgGd5f0Ev4I4oGXad5zmOHACY=,1lF1mdvwG1bFeOczRq69zwnnVj2g55pfeQAsYdzgoKY=,cP0fCo6YAtHtd07wAPF/0F7HatlIjOAFW0cbsUIDJjg=,96OApKQEpb67Fsms3TaGYjLRc0JFPFfA4cnvvnaw6vY=
hRGCB4JfkrM7UfHPHhgk6jYUM1SOwSO+T/OjxNW/c4c=,ew0L1y1B/z3w9nxsg7rcs6AlmQOc9IyDiwWfZrLgyT8=,LOdUfFDifBwpfXFqQ7OYGtHUPLsfEYOGc7hCIa4Gxb8=,yzU+8LUe5riL6zyaOrWjBbWRYTiAA9sR3Hb6hkdkUAk=
mcZvHc6HpOJqGQbrtWsaoIQQpeONrbKE0P1PHkQOuAI=,wJBv3+vTb+B8I8t4NUz6NAxAAbUG7wD+P+/IxAHfnac=,yinUq/5FH1EghIpNgP9aMdZek11QCh557ptOTfmHxMA=,/QqkhbxEPwEs0ueIuppu4QKw1sixoy39OROwycnyEzA=
br4sPg3ArhdVq/dTM53AqLRYxhd/YIGR1q5CJkgzDOM=,A/evvZ0m+gnQk8e9Q/0fkEc72NczsEuSjPBYAcpkBwM=,wAymE8jsVWBmhkV6wE9uLPcw1PwJHifhRH2+V+QjIFE=,/E0nIYZ+EQgIjdOjv40pRXZWQqZPhdinXT+cV2x3/wM=
JpzwoiV8iGRSA4/bd6BvPY3Qn+K3VHm3V5+gUeokNAk=,El5+Gq9V7xAy/9RMBHe9syzzphLISEGe7cCW1apHTdU=,f4QY4yZYwly3UcmCywDpv05uFLy36G51sgQZ/PxwFls=,jr0HnSMUqJfSKGsHsIhMVDH5CpIIzojSBlzsd0clMR0=
SN3mb51daqU0mIUtWOUoejfs38QcbOlBNhaREK6zmos=,3M4+x9OUYZC+kFo1PIbgLL/FUsbRzGt2th8zGeWmrDk=,3YCiTThAbmaj7TgW+r5/Oh8YMOV9kPNLk2HsxhN9y4w=,CuS7nAuW8VorsWQsvXN37a+SrOsNEw0HRcb380uHMPw=
x7QrG+OfrYu0E1/1kK7CAMiiRLhKvlSk5yhr51KsWn4=,atUmY6+hBmW/U6jbYQNLlwLeuh7t7xUwJufdjmWU8ts=,+hzQD/iEBbLv3BFxA1/RTuvxbDy3d5a9JCNGkscTKKg=,GyVuRi5SizYCsLvVkBvzLs19Kkg3iX9izgp/GcZqe14=
1vgjISq062E/Cdv19BDuDJ+/RFD6jfiuGcvbOeWyGWA=,fJs5476oRuyjh+EtjtIDA0+71QmK0z5vH9yx5J613ts=,G3fkH66VmNJMA05xtBi6DM8cq/D9RmUgeM8X80745z0=,0PJ5o/ia3ojldy0fM/k53Mj39HuVA6vDPrSk32sxZ+c=
2nuzfUDC7MjiqWm34PNbUNiQ6+tgaoWCp6lyEZGPPBM=,sIupNu8nmmctwacnKs4CPh5VVy3fh31z4dgO12D6X9Q=,GmdZVHdUi1+3JYGHadnEpAXACR1VYX0B3rYvZwQ1gIM=,bKvQZOLJ/zkhACJ832rpC2HCbA7E1QiSAYdg42uimg0=
iETsuxTe7fCcwhtA7dHD/3SZuTCmAh5usEeaAIZnyaM=,hfAtMSB6G+HnxGyVw1s6bbe05tzlJS6bY4uhibOpuC4=,Aq4hMGB+xEHL41RBWG+/QDTaLcp24yGHfj8JuaNWXig=,nyA/zVdDqu+gfGUf4eRQvPSV1+S5s0g5Jb/rNL+X32E=
HNYRsA1/Cpf6Kr0K64C1Ir8e1kEdjyNSPfPsDTSTm6o=,3N+dCaTwhSQcOPh9bwLaI47y1Q2h+zflU4vRcJGIzT4=,i0qVngRCT8Vb9rG/YczAqj8UekGB9atfBqqiuvTf62U=,WkGtzjK6EKYvQt2veomnQnt3dxuj0d7zkJOcX+abcR4=
cRNptIJmGvPP7VccvcM5E6Z0H527m3fhxAbG9cvk3e8=,2sIg6rGaewBsO45iqXVPD+z6cfrGhIrw2xeeeWitc8o=,lrTTzeFVUWLTR7vmePkqS7QbP9fq7WEHeM93HHL14lg=,1Ue+4pCxO6a7KqXWbjfuVj2hkc957zmXdNTt7wzZzUE=
R2ImLoCCIAp266O7OSNlt2nEvv8iJxlodxgI1RZ1LJI=,D4X23WBAijWA3tE655aZqHpiW/8gaN1NxxjvTO5fLSA=,ePidl0/kyMQNYYkK0JP2QEdSx+tn1Nh0tuomBIermFc=,ylmZRMafC6F1uIZNPIROk2dIr/sOGHLqmFJfsN+R6z4=
ScPZHSfOc8t3etECkrz8hXQCzTjSk7GXvJLFv3qjxAY=,bZa4zVQOYpsqCU8MYuKPhAWkz26YN2L0C8dGntKmry8=,hzI/7Z/7QuTVtpJ4XhMcJtQAA/C7GP9DShUq8Duebhw=,BmBJGPP17mbn5sExO++rumi2vQJ6r1xSGzAEeJ4EYIU=
xDOI3XuPhAjmCGKG6ET7Bv4jFoKm1v4T9/FNhMS+Xis=,KHARBf1ffcoxQ+KUGS4WyH8cGU596cXJPncmxo2idQo=,lgIzyoUXytd4R9FAJokaxHZevw2NWi180vU+xWa3U6c=,Xkj8rQnz0eMn5mGypAcUOROV43TA4l8YYKKzsNaAN0w=
Z1teI91Dd017ACTn7r7BrSeio6OwWQiw4Oap3YR14bM=,SISLT/E8/Va0B7NVQeKhToFHH1Bg4L+IJ+xqqMkKHvY=,/1X84E62QqGQ+yW5SrnJOJB+pVQrWa4qXshXZoHZ3MI=,64trhDc8r1ThajGwNykjuk8IfENGPDjbmWdncbcjk0s=
kZr+T9FeQSQbhbs1dJaQxxXcdhlVKUEJengV0eyPXsc=,FpL4VDiYKLabayvlkuItNCe2IAbNcg1gBBzGvHKzMfU=,mXUMd1Tpf7n2+9yUaijPtco0UaS6/bLFoLYepxHtO4A=,aWwg3F4YTtEVlgL4IMUa+2gdPlrNyw9KK3j43CcNxjY=
xpbg04G03Vhl1xU0iLhKb2kGvWHHKs26NFWuA8oOlKc=,J6/uaVb1hli+shguBH42lwH4x52qUKXHU8iGx2ckFZ4=,KlH3LovKHPw6xtIREEL4IAaOt+NVHd5t12zJMjnfo+Q=,SC1Y7ZxNsSg6cS/TNp/LCOEFx02V/3DqvRkpFfJ7VkE=
gpniqj3qnO682iQYb+wH9FH7NCpk1MXDZa0XPGkCDKs=,FzaK6yWBsxlC6/6OUQROYwA4Hmp5ykYo6AGMORDT/Uk=,ixXXv1xinXwbX71XaXU4McTOUrOCyVGUdYCBQhJ0ZBs=,/Cy4Ith2Q/P63Jpmno7m2uJHetz8J/Y9b/RGVYbizvo=
NFV0Hfj4azvGbz8+hiYP6irguP0rVW/xMCs9jUnUCiU=,eKC9Y2cNY2ZpO/Inqv7Zlu1tkc23wp0wq8973SRfqOs=,BLwokjS9zeWp3nx6uoKCUXWKe2czAsXYQPah/WZqME4=,F0/+KExLACkhMhvCGHc0XZ0AnmapG5eebP8/YjIuVZk=
Uwsds3q+YZN4DWpki2C7sWbmDWW6M+MTwq4Vj5plCBM=,tcT+M4auTk7x5uvLpyqXbjBU1fkYYzIjpMvzhvbqO4o=,xtW8ivTubxcDNZ6GQR+R8+SX4S0FzvMAWTHwBEqevnA=,jaRRlMY5DmhAGnQrQRAL5qCW2fmf9GknWlxMll7hW7w=
mfDKZl3efp9XzlWayHMSGo2LJktxokriQ8iXHRNRmKs=,fmfO6tGAPIVZX9bheujhxaoAjgJ9QDiUmiZlrry5Xzs=,UK7JpL3uHaL9EkhjXIZKsAQeoLq9lmJaNM8NQ/ljAAk=,IFNo/Os/5v7+sredq3MC8WOZGpNzANpWN0uUKtII/9U=
oxtgs26PvvpZYxOHA0zO59rYYPatGyiMa2z+P9O41UA=,Ex1qio0H6UKThleks1W/qqrMhgRMoYTr03xn1fQ3lK4=,G6i5oGP+lUhzmNeq32AY5D2U6vhx7XsjnwVtfjCoZc0=,NTMfl1pRtGp1vnDRWpw2LsviXk53ennLZDvWjrAAsak=
tGc/XIWLwF0znnTLD4jgD7b8OG0mHTMLPpaU9H3Z1KE=,TChOoSXKjOu1VrkLBUWdGi+rZqz7uXWlt3c/ljnP50c=,xiiHxKctG/FFyFSo/Yg2pOvOJ6cXNe3xIPRqSEfS0tQ=,tY1U0Pi6AUJW2de0W7OWNm/qhYianjbQlKIw7T1uGVkk01LCob86vgIsGDWjnF6FkdXurjjyr2VqgdXwtAdURA==
k+MxXSyLImpwefqghcisp6Aryr0nCsTSbKlJln104Tc=,3NpXr7Ey2uEIn/Io/tNtMBkELGvSmIr81zzDGb5vFdk=,syVEAxRa1S/yHYgnhC6bikI5navcZCZTppjvQg+VDnA=,nCJy0gRG34trFXr5oKV1AjpuQwswcfJpNum/htPe/ahEnVBWl+CeAUsFaJe/5WT3
MEW2f8/4o5VbAtynUR1P1s0wME3qxYdkTQHqn4Qr5Fc=,swDS+rSWJUYAhRCVaa45pYaRyoiPL9ECE2WJPTB7Psg=,HjBXjiMg+s3I2QHp1n2gz4p0FyyMh78KoeDtDSBB/7c=,S01w4dLULhiONrF57MnCPqB5QTOZZEcE0Py67IvVK/ht4u1qgGfnnBNN7nSFOnFgt22/pzAD57evaL0MTQbdIw==
0gliFCQ8VcZb47k5DpTdfrTHYNO9miC4tIB8CSFZoBk=,aMkmjSspon95cN7rfPz3Zm7VtK3ogfyWOhhK6naG4AI=,bZclNLe3kDaaOCYVN4E+93GAe6wmv1iAZKi7EbnJn7Q=,TeZbS/XAXxEXUxTH8lYtwF2B8GN28KcaaT0VY8xm4VSbF2/a6RTE+4yUyUrs4jmm
U//HdrCB5kQ4QtXCsLPLfrm13W/WPxYV0rGwaZWmLfQ=,aBfIVf3x1oX+wcfZ82HvJgdIAuVt5bjfwPWico/naro=,p7HJGBZ+okX05Ok46zoctIA8CX+J9pyJ7pxdx8e3SH4=,kYHkD/2NISewg8aemSDUR4ttyyGb69Zu9ZvHMKVupFYvpBEC1Ja9P1RVwmoHWDT1rStnuDFH9c6kEF8eYzSesw==
tRX99fPEuRqaCAliXBYg1g7tqKaoY1h6MEhHwOE7P5Q=,JdOhmRNg3F6Z06D+Bt0QqOFDrPhF+VVGYooZbEU1od0=,R3X2Yxp7EBV4/eq+LlxLhNuf0P+U81nxN/MAJLXoh5w=,Q7+Qj5yIJTxWfp7fIE8XsmaxSIxPDblyA6cfGD69qmxCd5kRtN99Vw/1Ek5SEtTJ
g1a9Kqr7IvU3WYeO/3efENUCVd79Rk8KnT+9peQ7p50=,gGfuFk7ZylkTh/11XpKgdYT8NnW642krAIBniPm83Cc=,tKqf8cRbvjAXYjwTD6k/rP/xb/kZxthvs884nb6yqIE=,fuT0OLR4TCBDDd7g7SLYmw0Pq9VqogBProxan5fDOmQ=
8mPGt1X6ElpUY3n2FUBfs2G2qLcYJtzI7oNmKi002Qs=,TTwYIdZzX50VDUOa9C2Hp1uEhrQNSEeJRM5B1cP2ybo=,YJCHMVn5+ddBGUfYUBDcU+ntXCcr/vfyZVhGPLnlNy0=,huNiUCy3OTtK5aaRlbgLLpgi4CMmAYIrOEUIjZEGp0w=
awZnGwpfGu5krEeVNdLvidouGkIn2ktqBGKi2kQXS80=,u1UetK5iANbnLuOY5kum1JcXKPqOKqqLd+O6Ag8DMhU=,Se4g5KFUnXzXGPbApveBtxPArM1jMnOWJIPD8rxUGsk=,i6fU/z1g4x8efbDlMH5mBG1qDmU5ZHrys/WUaxZCfESbc/mPr6lQxzcO11LEx41J
3164wuH1LefrIbZPLzvJisZrUw39z60g6NEyHpQOz9c=,tCK9rP5+Bx5fmmgy2AjShJN4qiZm4kun1aqZoIpF39E=,KGQkTBYcKUHNKVB08W7m0gXPPOBPC/HUV81+BRP7jiY=,UD8GMscxE8ZQtoLnVVFxkGL+Jro826WOJnJSgx4KeUI=
bAFcoUFD16j4V2/39w0/FcBPY2IqVyh+TUrv+/bdspo=,KsirSQMh0stc06ynU9seGKaXEE2r7hzkBdE8m5ygOZU=,wfimqPOtqI/baGUfRPRB46cYLIoxhudBcWsbAXPes9U=,lOH6MkWGfAxQAHvXWYYmC4TTTrRrMrZ8dhTcDsWSNkw=
9eECrMT84l8+eHDr/q2LmJHzUr3ZsnVtm+JG4BUBtc8=,eGBg15cxTBTKcD6zLfK+KC3vtLIkjLp2ThYLkbQOfro=,/+BwDxR2v8sWVpzUu0kNgGG6fLwnWCdS+x6+jhrJjSk=,hvdeIKIGuB7iZbGbWeLB/kYlIVsDsdb1NAxCWTd/4P8KpxcsqCjybxzkj7OdvRuLZM7g04YEN1l02BZcwEU11Q==
W/JqgRVbgPhwfjRZMLPlPMsOyzUZJ3SiEfbMXMgP/K0=,YhJ5NgyR2QZhlRMqJ15a/P//JQCIFlXnNYTR8Ze4X70=,EVYIktfNJzqUbG/+Je4zGAMrC6IGa1x/amYZJVbbFNk=,MDOfF9yGV0ElHwVhciqL9NgBzvOEdMUPtbdjbqyqNkkH8unF7t8Lt5o1Oxxh8khqCpLi8reDW6UenJDLRjCpbw==
zq1usa2YpnIW+yVLkQ216jvyS6D++O5TLRUX7udPhRw=,G9Tv6lI+FQTGGSOLGdMqR6VMX5C2c4KL5dK6068NPy4=,QfTfwxul7Pna9/XkzfuKUAnWL79gI01EXrf6aXRynZ4=,vfFI3D80cKDU1oKP+0B3PzJ9+ptKToyBjnwFw0LcypHse2wPWZhLANXdeF8VLE6sXPHqFzZ8jl4adt6fCtV3LQ==
yoNT4oZkOXNl7prkX4QMLvP2BxvStoHquc4pyEaVSPE=,g8Wra/mOfsb8S6JLCnVRv52bgxhSQY1QrrWVal41Rvs=,bi81q7cAupvaLqPAjD1uTMf8eWLx3LkJZDI3TBKxw10=,b0OjQqggo91tmzPYEZfJqkm9W+3vjG8hmHJK3qTbxvTOQvmGdu2T07RhAIjrd54W
UGwBwK/WmSKo2ktOpU4jVPZLmBFzd2+Uln5cN7/Xb0U=,Q46YMXNixhRPQBCiw0YwXIAYl80Al/Ud3iHd4CumkmY=,ZNmHzOvotc4k36GAasqQqVCd3FySgRKn+46JTEiGwM4=,XcLuVa6TPN1zBOM09uENGoBUzHS1SNdJCDnByvJMWshlZsu/FAWtNrM/fb3tYDdI
J8vscooHqmctOA4Gh2xQyWl92ZOvqm+RtSg+15es1v4=,OkcE+omhfL6khTyqaUvlVRsm6ysLTdTHrqbWGlitwZ0=,LG7PumHewLShCdm+L82B9CEFd8NlpyXNWshGTdY3Kto=,AbQpWG9BfSLKMjyAl4HGoY0D16My/9z49d4xJnLxnio=
7RPlRxmiOC3rlBZR/qfSXe07PBg1C+oIUjwuILQEYGs=,CUfE4hn85ym0eQOk5X9960OOr0aX59+yTu8tT8rqNqM=,9sOeyOD4HjEcpC+f5/TgTDHMd0UuizUUSp6BBTHVYgo=,f+Ju9RiaE6i31QjIp2O2WgiHTn7+Lawr155xzjEiGF4=
KH0yS0Du94rpI9ZEZndUYEnC11edvmZue+3ifUqjCv8=,qyRJee0yOxKRYBP1ADjBg5gyetvAi9hSe3L3viyYHeU=,O90MFITFueG+b/qYz0CjKBEJumSd0LQA8kidN+WWWzM=,AfU9frU/ncE3GZ+0A4yCMF5IYVt7yKJdetQla6Lh0/JowV7/2auwSHYp+0++yLyc
U7M41YKm2TCw9qQQUvW0Wnt0kwV2uDlznyKm14aBbLU=,opfXFLUjPN7+U64/0+hrABsT3QEY2SF44hyy9G+e1FQ=,RqVU3xkyhLmONt0SIQPz97P841NUCfHP2caVaiWUBS0=,Tnz8lTAmY+m9a+ar6Qqm7+XOwDyfWdyoo5TPs5pUpxPPsg0DZqZvyYigoDaPZIMcrSyL4U54HKC5WY/Ajtimfw==
gncwHq4Ogxjmo+XJNGnhh3nb7INum30MJIwXEA/hVjs=,vYfpQarxZ/7dgmu8NtxyoXb3lAtSlvs038OQm8hl2N0=,KsDYXxnxGTapVoK1Cp3P7gUVJil75tDWarUiGCXwJjA=,486JwN7b28UNVTZD9jSYMVSiOt29hlHf0bIltmWOflQQgH1rhvQSiNkf7puNNZyPSKRS6QMcL8Gg0bvmhqRTUQ==
lkt0tUxvd8qiqhs3rxTCi6w5vtgpZjq08qCdlpPX6L8=,5/LMkjpffceYhB8omTofgsnd7VLDE7B322hcMLGFui8=,9L31wbQnhZMx8Gf51Rix4PhjaaMJkA65v2ySzZvtF4M=,W412QLPHONKZGJi4PR/CydSXlSnQ9+FcjpHDOLES2VTbP0jJC04t79Ce6tMaujSSgJKA4RNANTf5RNAKXHwaJA==
21m4Su6IxestP1uMRRnv47nkZRCU4Pk3/we6fxxmEu8=,6cSD0FRficFZN97FXMXPZSFoviltWnzulweIsAlPNvI=,UVswsfpXU4s8TQtiDzHBYXakIIbY/1pu0cpGEiBWKtk=,ISYnfPevu96e4b9ilOj45pgJO78y6AKAeZPGvqdzUCBah9iUoMhwhs3BJhOYMJjH
CyBwuyu7f/WW3BWyLISD9TyS2d8jh3H0vK9QXtj8fuw=,oxOM5HosDtHSHl17czZhJ0Krh1uT9G17SRu+TE5n5Rw=,tEphsRl3N7XjIjga4Zog9K1OKAzqME2G+f7T7qBnZ7w=,HbCaWX+WqU41GWm1THr7/5Y6/Vpep1ZRwQrkjXztd7WnqbqUlNSWbAxQrfx7OJst6cEuAE9GZdt7Up9+iGQpOw==
9CIyad4WeBxqwyWwxP3gy86BWNjkh53wHPZxHajrhQM=,KJtPGS4IjhG06QNrTQsH7yKcGAxapiUGjzMYOxcmAbE=,ztHMu4Xbg8vI/SMo9Ge8LzVSkJrzrrwRQdpL30+L6e0=,DfJwYyQ4oQoEsOUQXChiFQmrCbGcTxVVSzrJi4V5tHKsdfE0cLHe2z3JnhQ9Vr16d2iducaaFVAjQsDHuyNM5Q==
Dq7kt3YaUW8FA9UWUq2W1ODxof9vOF8kYGEz9aiuhMk=,kInBIJAAICZgeVsnurLDNwiOkfOG4CCuaiTUqnuP1t0=,mednF8/ufslrnFTZpcnVZxMOqTvXamlFVn4SJ7YW4uQ=,CC/3LUd6mAhDoC2hrUXsvRgaTNmBhDzud1WdCdVhE7xg+pT2HiNxCaef6zcgLOBU
g3W+KzpF/ABnTKew1HKTynLXwqk3oJbI9p915xU01as=,SILl/0SOj3ya+ZiI3ZqOj8LD6vNR8w6iudBzCzeXwlY=,nowcpQAPLfA89YIeQx5HF3HSdK9e3melqedYgzMpGtI=,8ZFmhD710JTE2sY+7rRFE3OR3+EW1qfxgcPI3SRQ3JULZYiVP8xwd9Hb9/bbc/pA
xtMYoXYGE/PIDH7caBbEfe8sPLHgULaNLWNPV5qoNac=,W+T461xYuFUjVLxYAvPOJKNyLtePB3t+Q9vvNsFVqSI=,rxx1Qzj3A4Ri45yrO8f2bhxH/A3coImEr2MrtC6e/NI=,B1PDXfh2HcE/rP5ipYvSHEeaPhTLvZjN4EKkY7KMvdXXSA50z25Hv7/ZbrMp4zBCXAqwKaQo+GDZaM7hmIJOUw==
tLE/orB4PP7XS9HSL4iXNdjfWgStVZq7215rB4wlLKM=,kzMoeeGTcpyAnUYOYCSjMaaaMP87lu6l9jPreKACw5Q=,sWRIBeSm/7U5bksu0ZHFVGjYHACb+0ynaBnCEfv3R4k=,rTnKArNQJ4wMaqZJd0/LGaZy//SORFFNG1YA+buxQxqlUCodOPa73yaYT+nv0ypJWVGvZb0HAmQprTWBMt0gTw==
aCk5URK3m/fylGINQZ0nncBiFxT1iWQ61XbijvnUC14=,p7geIWYtpKYh/bhsm7yRujZGr9BFGtsdbmHp+jp/nFY=,ytXP22ANyGQ3Hkn7TEJLpfzIk0eNRQV5wUyt++feHYA=,55LPngkFEE7ZOZH3Cyu8vSMGsV/fG5F2lo0VbutV6n0=
3PjyXHR6zHRm2z3RK0AeZCvMvykqp/eHOsTl+g7TVA0=,0vOGVBrQxi4OiMyilYw/Cm4vrTVpLkbXsLrIR/Jrirk=,l79u+U0SmGOgyEWWpRbn+fSzbY9oS9wnAPcrRcw808w=,oOBHtQqTaKj3AOJLPKzHloOxFARerp3U2VDw/CuH2WY=
AjTKujnjUWhFejqRryvEEn3fbHL5hg2M7C1OKJZCid4=,2YdXJNdeSdY/Qy6uaI5qbT2uX+9Vv5Q0AH6LwKxAKJk=,/ECUhatmQSI2hwi2V2DqQqxKaoQP/uFVGfEaQiRvv3w=,oZuxXiX1ns5ZS1cAf9Xb9Z1tvo0ddi+E697526wN0i8=
m33PcOc2cNAw2jphYOdPLgQCteYJxph4/aetNocijw0=,ecBqsBXLfhdiZAwXAQwem+FsFHJ0I1V8eHbBtE/M8fc=,wcX7z8fhxZy+ha29GHlnFu4Xda5mZ9Qg0+WCG4JoN+k=,S23xrv80kSx3pTo+j6TDe/YE+OTDCYIxV0gFhVHDn4U=
k1Wh1gArKo6Kvjtm4Z389/Uh8mmTulh0bDK/5tyMSeE=,qBlpdTa39VFiIxRNgkxwjt+cO1FMkFBheqauolvrwls=,bbLxf29I2O125elaiSLNT7rCxuqhfRzYvaXYhoC4AhA=,SuTgMWM0HjTigEqyWEnEdpOrE/sCywrVHI9ylBR5eDAUwRcfgp8Ejd0aISoEwbi7
WxSRhRnm9mCSBtmSSwuaY93sccVdDC1qovGLJh8r9pk=,6R8SdeVDfiW3+Yt+TuY71tTTBL59eI567V1XHxAGbUo=,pLlGybJZYl6Oy9KW5i8e38dHL/mZnPnxrLinhHYBi0s=,Rtusq80lHCTDvF8PHjtRQdKYwAwxH7gGdEiL24FRk4ZSydNcsSdZ80k6Z8p0oLQ98zg1ZNsS6UmaIbOJ3VPc7Q==
6PCblG1Ws0hRXWfWEEmZ90UQRoTr8oXcMGwu/8xnEXs=,Bnekhob7ZPWoCl6DdGLnCEXclUjIpGPjw4M325fSEo8=,KFoJUaLXzkX+Dy4DJoiJGxonWiBQ2M8iMLLi6jxrB24=,N2ZKXpHPwIM5uKAnRalIc5wnQpkexyUGazEYQyUDuiNgCWFO9ZaqMapVqn6dRR/J
Xm7FsOg7eFgW5iJc/VdM6F+verm/94w1qIjIxUlCIGM=,muXOfS+GlGb4UdR7b62RWXAPYUt1GqVm6UL3HJkZknk=,04PTIDv1rt4EOQvtVHQbNPfGkQkkxEGTcBE/Wu5/20U=,5BvFXV/NWZJehTSynEoIMVIbmB9BOP9BKWJfFMYLxiRpXbkvpFoz+JaUeav6SAfJ/q3GbyQszmY1CZLzc1heMA==
yfEIB18MJ8hHN/ev5jdJg0/6gNkChUzKeeBc12wfXvw=,Ti9siaPtqopE2lCEZvpnVq9Ls1nHm2TK+8F/dOAvDeY=,2uMccBole7ONqFMHyJTYd07meR7Ky5G0wwtBiInXJcQ=,E2bB9M+drRJPRNLaAPgVM8MhLXSLyyO6Eg8ksotaZPEQAx516mjj8gRBz5Ghk24d51GOUqqWkgvmIEgDfM2VRA==
gXXEVMtI7v8zqzxwOXmIUKsg11ESHRwxVjoYoVlmmUM=,0mzWQyEj5U0uVagJJPmJCBjGuYOECrBvgGrb7Vd51sY=,fc5fjiri7MtqGI6B96XhtcOocfC0bLBmFca8HZR2PoA=,mYXrWISv8Cg1n7OlKVvjZlwxPBzWZUmgFDm++IoR6eQ=
17bnwpL8wnOMxBYKoQtSiERIBFJCkQKWs5DruqWedrA=,Jj9B0bsXiFrnLEKpoMmddeSWGBNdAu6nHZMeg6JcS30=,AKk72u2WLtQiQe/23fs8731m9Rl+fpxVuottuiVPOic=,4cC6SVwLUhcvlTiwd+FzsRp4gNMJYhjLZ2Qh8esc/5Q=
BilT/OGScU2by5gIeCESKA5C3/OsYgxja3PiNShJdtc=,T1KRxRnc4Tdp98okgzABKQymF478oqgj3VyK2k3ULUA=,PiIz7LSK5bchI0lK9lK5VWMj7wg9fraWXf3DDtLtmq4=,smmpQGNSqzb0aVc2F6Rp32kdFG8WRwW3QrihDBa4ePY=
Iaf/j/b7WdXCy4GyOupV7GTy25XuDcUMjBgF079o828=,fvnWfZ2XOakQ+naRJxP0nfR/GfHG+RA78bIAS4Nba40=,ErKctWyQbzgUfatdvpEdCr4r0ucmqMWNBiMTn2w2puA=,6QYPjduV7LmUaemiMYZYZwuZIRQ0BkXAq86CJj+/hiI=
PAUNmSyoiyBp4GobQirx96BbtI/Xad/SFHyPW3gUvXI=,dDDCfe+jFcLc6Uv3WMH5Dn1aLuKWkrkiHZQMBqk3FXs=,q5G8dR7RUTB+mixLuGnWnh+MRfSYPoA81/DD5pOTc7Q=,mrJl72KTzr5BfLsSAdXcj7hLsTDObcUJSHXYL6cmicJKeliKp900oLAwL9CqocZyM+8qZk1rNzhFXSqBINN97g==
woqR1jqHKyhYFV3NYYd+YUcNrHXYYB3Q91f9h9uiV1U=,LUgwfqhZU2q/7lMPCBlZNIz6Z4Eg9DwJSnYyOsbDJTc=,0lSDmdQf9yCwXXkLAQBkLj33OU1HRbJX3p7dLW08/UY=,snbRiwAQRk7ZnL8DtWYml54L8WlNPWBMX5XsAuTaXILxVqeIgbam07/QA5ZkvpLl
7XzPRd97vLwinpHnbnth6VXqygdL52k79sS9WJKwpm4=,26lUaudOOtpwhLTORHDdeYqCRjIoF3Jn13AhH/iYtzQ=,EBLRilXPw9KeE+Irp7DIf7q5cw9tF3kAkM/jBGLm3/Q=,VLlMVvCASN0LXBwnK02ioGKWn9jff+AKqOcJabWZKN7o6ovXfwfg7Y2s0Vbt7r59ZwjxA4VnqzEzttt4sbnsWA==
v+G8uLfctC+y/I8uns8wsSUZ79U3J4o2XIa1jF/Vznc=,aGmD9akaHRlB9ZWIq96npTVIiT35WAEfdcH7fYj39Lk=,NWxFWtuykHKGQi4sRflvUHVuVgkplyV0/mVURzhEkBw=,1fO130DbLBhv1WbcHzDs3+ZoUT50wbb/xc0kQRO2DhpAe6QwrmZ8HeWveN53MHni5ULdCNU0d4K/ok+M0p5BUQ==
UO0RgKmGHziBYV9ZyckhhfqDPI0dZK/64W8VKiu9x7A=,ZRNZhY2IuGtjbtt9h1ozLEjABPw7DBQ19IoTawL0+UY=,qh36jxYZovmr1imQnoYGET6ZMGJCsMnLc0Zhei3Eil4=,R9xFcrM8QodqVda5NekWyNwxnUzuDG6kwxZv+Dn7Zp9ju6jSgSV4cFQtTMg+h+wo3QcKYNAwNuu8ajLTFST2pw==
GEkzxrTUmFH2eXk3zF467anctA+7Kgt8FYJ5LEl8PIo=,pEvCFGABRdjQ/JEKF1WrH6dEMf2A2vzafSy5WRaWebQ=,jq+nE4p/dWxOAz0NT9b3Rkv3DzaGi5nUnhihaqoVudM=,Xguq/V92KS5ABqhNjZXS9o0fO36vm2ssOKtVvXRjSRmMq/3OhyUJ9Awlr1dkeI5VJMN5e8Y6U8qGR3AQAgLtxA==
n9oKtSmThCq6gyOH0+87ngJrlJQ9kloKYTqFxGYqkLY=,itKUgpg4SecrVI3wtKY5NXtKFb762xLRiv64+k1Aok8=,JR1+S8SBoDe/r+e2W0TUEgBmGnxvz9JfGD+seBEtOo4=,gsofyPS8Zo+w31qTNyC6H8H5jJ+McqOt17EBGJvFRiLkks697n6Mo10D2LlCktqaQ0XlkAYEc7QLR/XSnhmK3w==
bSO73++3qNhkD+4FvySdO1HCRfkCGiAWYk9xmoThY3o=,WAhihFsFcqIi1MgwXcBnpKGbR6lDXDlUtwNa9+sQOiY=,dNL/wkMP7FL64+VeadFWaOXdCuvv/nOl3pyHUHN4d5o=,1E9WeYwdijKEvLnealdUfleUqT6uyUq+HP4v9xb9kDFrGp4L1EJJp5Y39rhygsYz
4Z6gdnmKdz53HP5QS7Ju2q+sASuk2xakiQScyZOu5Sg=,9RnFXLzJ+h8W4AjXXNZiHYPC838bC99nCwQjCgnsFWA=,obuc50tEXYwtaV8ba46XL4Inr1zJ5LjgLdYvrpYeVL0=,HkrwW4W/AnWd9xpwzwSjxqapYXwSZpN+5sygEK4QaBgs3ZNlDPoVg05cScDh1f0gtikfN0arXJufNT/e5tHMrw==
6gRjD8hMRLsRjxNnOWT/QG/cO+slpEVERibty4tWmmc=,YbLFFieR/2XNOsNFgHO8ELozXq2BtlZbp9ZXT16wO/o=,sx2sjuADOQxrP2AKRqFYvO98qwfkUR4Kz+I2oQotuBQ=,ACd0OPWBfqFfNxUDOONVPjLjSa/FutWF4hfOJIyJkCvA55BMzWvsB8eQIhILySnH
WvJTO5PWM5JOl0koDKekzZCe4fiBmZr84J8jEzjgork=,X2PUhLdt1qZzFwZt0Hd/7LZVvfpx/JtMdkkxLdbBvZg=,CEl8irF5CVR3vLfPd2P74HO0pj5R9Jm0ncCqOiQ9bBk=,4fFnC/GanipQWEW40nip/RpJZGAvKODcBjrcd45uHN5fy5U5Ir+FbEIWAEvjMi/TxzwdfcmET2HCQcaPVzrD2g==
RH6IHpWymu+4SEY1t/zfL/qDsWtDJSdZXDsWj4PdVXs=,fSA5rxZ0qXxNcaaYzvwsxM+AaTph/olZ5jwL0mNhG4c=,7ugLv/o7roFkwxyV2L9y/o9qLHWD7bmUnDxIPJONUtE=,x/QraPiNvUTQocZgHoLT4yC7Ghh2mqfT+/icejfLnqU=
mkehEGL1mATfuotQuBsdcutjF/9+3aG2qkbYoxBJHIw=,iv8BUwmT++fLa5TEWpB6nIg5jpDWW8lpa/mNRGaeCSY=,xyyRWs5UVWdK5K3hhgJ+rVW3gq02D80Xf2+EvyOa328=,elJfbd+/j4T7B0jvXA1iATgDfTRnDwZ4Vmpxesm7omw=
XbJGrzzAqop+mgxj2R9EnS6Xq+s1mihkUt5M4LvM2wU=,F5oCiIq76so5Rjq5odziilBxLBPabEgj7LLnXJ2l0YI=,1epDNTLQvdK4wkLoZx6l1K7imkydxeL35xW3mYtysw4=,X7CDrbYEpe8UOXYdMokqxzHVdZE7g293aRDAVVq88n0a8O5kPWwejyDiaxudi9xW5mFwHjS0ZwnP32fZ44DzPg==
6/SdaW2hf29L6YSq/tDi12TEpFDXtMUeaz5ubkadq3Y=,8L6zCv6GP7Rl9XEVQ1troWJZnaPwiH/WwQmrtfBH3W4=,VUNTOsEklO/7tSxfcykEXPzfeQDR157gmmCPvim1I8g=,F5dza4FqXwHnRsAks9rPaejV+fqzxjwneAlPg28mFNE=
zvmwBe/pGhNFFbOCRjG0b22SdIxxF0sDX+NCKWrKT10=,9vcBucADNvY4dgXs8okDwlKrRIM1oYhvqYiCUP49+5c=,MsrgglPCxuX6QjKqVpFipCYqQ6FDPu8UtRM8fEbD65Q=,tQERvEAodaxFIY6iiXhFIWPUgBFn/KW2dWbL7GZQmp8=
I7tqo/wWR3KT3TcKJ/yMcKU3LsEPFOINeUh1JkIonIc=,RHXCC5Pti/BGA2Eym9j56QA5AqfI+amlMzaN60amjiU=,WMGWtYXcvxCDhpikF/hggioGE2BF0uxymcfDYf1V+MM=,37KOxmHmv6c3pdrbmDYAcsK1dEhhf+mXxQVknlSLpbKwNcKIe57y2Fhp+EX2RBvfgImVoIQvYZbF5IzRXaQ4WA==
jYwECEeEOcuIMnRpA+gxCbmLpnNjBuMXLrx6e4rwXXw=,10vyQ3JkrIJwp47H5/qhBgJGNOXrbgiu1y+g+VRbXQs=,jgO/JISotgnZPVOlDVRtHGaK6aflQX6a9oj1Z7fa6E0=,ySY2xYRwbSJGBW+739qWBrMb32HpgwJewduN3RZnORo=
+SqF2rx9H7B2KBMLwV/oC+PF0NUGlwtNmZcxxoB4TAQ=,LDSMGmjaxis2My88dDfXA9lHX3e/RSXNXGJPsiTtsMw=,XYZ0T/IQsT8F5o3/ZP/xA0u5wOZlFOsCV3QeLhnI/zc=,jeXUQHfgIFq+GOUyRQM2kDMrGguTNTpR5RfiEVAhz0E=
D/G9nm9t5o0Dvqh9KuIh1ggkFbaK96pmjn1nYM/f1wE=,Kl4Y2KoHYCk88M74kkjVsrWAY5Zc/Tqf6ahaXoQF4VE=,2dG3baIGSIlJRadTAntah+mbi7nqo9gkPYVBVUl/2BM=,Gfv0uqCDYNa6OLnr8F4btLAfTHgaFK4pc5x/Vbgcxxg=
FuLlIBpcR4buPg0WvQl197KIiTCPwCj3/meTXW1t3XI=,7bIp86DrHN0n8n88AUZwirgEO30uQEqd8JDhfZZDWZs=,p6ZWtQD4A4XxCyzx6sW7vL3A8XLac7iXRv3yWOdBmxs=,cXo+qpSpKPZU/XKsMpQrw2hd6TjHb8f88JNmwmYbIsw=
kxIKvjnLyveEzU8gTzjW+8wzk9aqDGpz1wHrqjDTOT0=,OuQEqDVJ2xJnVFlg99pYe06cvb0PhufPspO7EpMMMzA=,7x9lllg4lQPEWfKRPHA84ty8Ol9IaRzg7GM83FdOQrA=,MjIsk6kSMdjO8if54+nZSBypDpyZ6C/ryQy+7yWj5DA=
tRgSmlszhLqoJYYwAgamOd2/pTWp6ZKXxUMaMZBRZdc=,Ls5+0VzmzfihpKdePCWGJUTA2Wf5+VGVAVs71Pf/gQU=,AHMcsClVHud2aCiXnB6w7yGe2FVAJ084sPHPFpBqtfU=,+UJDnti2bIirPxGEcq1TV42Ma5n9m1vnmWNo5xoTg8Y=
FiSvEqjPlDc3wgU6sQho/bgVTceGU8vgei/IQ66kyag=,m4HSC/56OqAdLW4b8BTH3x9UAiZQlibbZxcKuKjzmAs=,UtRgOoS2nprBSbPjp+9G2Uz3ccomGvDwY+j2aAXNQs0=,yiUH86RJVRPIuKRKzGFCF7YlN3IWLvADQj7yBbNAB/A=
xsBENGLWzV21ZoDtDLTAD2ydZXItg6VuTlxugD8z/2g=,Yy444V+ShPKlQ14CrI8SeGKETjwLywtrMI+aYC3/8cw=,vaPVJjV7DF7KKd2EWwy+8cR3mE9gSKyrRV1AJJVmRHs=,0dw5PHWA97UYtI19XDMJqlcXRYRyMNp6FDvzis8kzlo=
17JH2kQi9Tu6hOeFUgouJ2l+xo6O/q2wZ6tACQbyzEQ=,WLCpB5bvpPTkiIILqHkL8TIA+G9jzAplHzMPoMXqhgE=,EMoN5j2x3HxKnN8UoQsUGuNnoGgChX8rs5AFe+cDeDc=,mqxPH67BK8Z18iW8r+uT10G37pg/dNzlfg58+kMAy+4=
hrLMaOIip8ugVnjKcFMNewB+RnY/+aszJ5CEM/ID4y8=,9qW0hYHnEmyVM8wMdwEtokS3FGedTgTiqu4cHa6VyTI=,q3pZttrNW9u6VflaHtTHWXmFn1pt8VZO3OZAbXwMOh4=,clUomm+w34LCvLIxZ7gzAOP0gsO4OwQKAY5V4Doy8bM=
e5Z3vFGAd0GOsDvMkTt3VZ/1PX2b66b+QDQZEsaBVic=,S8P94sTY0FDXpGqoBhDs5RFCjXxRvnvduMev3cDnS6c=,vfK6y8gNWRLNEXmj2uavGNRGNpejJe4YyRmzV7rY91g=,FBVjVkcEMlxduVsfrUDAqp699b9I63JZzgyiF5Iqofc=
mjugxQ6KlDv/L40wGYR/ZHjXCPY1DpQShsbieI9jy14=,95vQ4mneb6GUjUAjKu7mww7K9+olM37yUR5LXM+MibY=,aRo/dNgpHCUd3Fx2TvDwsCGhhhjtGcJmx+7+yNJlaA8=,bN3Qqe9s1oz9CdoTFBfBT3AwKLelJTAXpW8Ppx7yTOU=
5kD25o+4YAtcDFnyoAelwZnInGKvbzSIhGrzs6asopI=,lSOpcFT3eUgHCoDW5ZLUNdppi15CrWqLr8Aw1n3UNxM=,W2gQqinizQT1rMtgW9UMVwc8G8GR0n0hY/UssPae5vU=,5zOnsFF4320JF5RYXusic22wNdHiEYIJvPMV4voYct8=
y9MHIQCxOW2F/8goG8UzdJgqZ8pn/sUx1be6kKM3bhY=,tE9+lwGEXbn4hqHMpMMNycs7iS22CNAB09kuPwpEDNU=,k3cZ0o38BxT3GHPRyAy9Kxi5wydKtOD3IDGHxAdfRS4=,I2UsMPorNpLiJyPiLumbj+OcgyoBwtIoslKukZsqDjM=
4JRKDYWsMkscZMwPZUXCEXs5tN5/uoyL2M1w7g/XkX8=,MfpNIlQA1H8vS2PVX9wHZlBtJJzN2HH51lS3xDmG6d0=,PCF8qOT0hh89SfXHzbivY0TfeT0vXXNJ0YdPLmUXp5w=,I+ArOnFK4Iyn5J1fvIx38Pq1sUj5RuVTZ6kguLWHzSs=
PlGJUExoPBdGhmABbCuOtnou324LVWb4lquK4ktFqIk=,Kp2ncrEZ76XZOhAtcrcRj5/7pQk1VHKTKb9ZkgBFKHo=,Atk8tqsDFE5X2QC2mAM0VwftERw+p0t5eCbvQ5aQzMg=,7Ugig+J4SZxWBn1iwKJ0kbnzwst3pRiiEFhnvniHS/M=
4ZLHxHpBRSM+XQS6AfHJyyzG5ibOk9ta3fa2OKjHax8=,peqPJZCoryBmnWzBozdRbjvbtcE4U6HA0QENSio8Y0Q=,On6+on7RgPwRaCroqi6f0/n1JfJ8ZbC89sEECcurj5k=,DxqwRq/HzXD+pnfiQAMnK0zTyLcrdl0/g4rQyEkJQzE=
wHbwZ6/lHtkZ2r0HY6LH3IUYNLuQEbiYu7F2ACXDYu0=,3vvI+2llOY2loLvrRis/mfhGArU+AzNRTE2y0XWnGA0=,N879lfc5UsIx7pGkaISh6HAfVLrubF9L34vS1KONBO8=,bemSR5P2iN2Vu7G37WKXuz/hJYtjXzar7peRyDNLFXg=
WiFZW/nVSd1zDMHM08jHRV5Vd3PnnB3TMIBLe+O3qok=,hVru7G90ZhhMVMb8jWT5I+xBPlSYg2EjXsWPKVIckUQ=,iSqi46B1EoDTstbDvwGnsMSHaGYz4I6Li5wfEFgKyns=,IjzAvdNZNfI9YSK6h5o9xvIgOYaptFHwF8YmkAccqfA=
Pr/NpfpBHLIzpsHskXvI2r3IYq7sPUU9mQ73nbQxGWU=,Ysmqo5UCSwQTP/uXyXMj923RfupuHig8dBU0ealiUlY=,jaEFJsCOFhH7XKKDWF5BpYn3TD9z9m5rdGE6/R317Qg=,SGJphPLsUHjasghurvv1GJevbX4H/8Zok93vZYqoWho=
/6vz/sCR5IrSe+3dPfQm2nXYsblQU/Cz4Y1nP8cdKxw=,MHTKn2VLgifUgjsYSkqhUeIZmGoulcxtrhtrvos2E6Q=,L3/Z7eZy7l5Sdbs0U+TTtBj+awy745JjDHi23MYIZOw=,vzVXsDetiuMXtNEy28hysRfFyutjp7iba0o1FOh5812NjRGFsZwE3DtVtJNBgMHY
SID1yzTwTtqIou4B/4tU4moZosJZrz7npTvqsD2V/SQ=,RH9bPF6/4d2lahG849OP0+mFjsyVU6HGQBkaxIpWkkk=,9cOMneS+RLh8g5FfXdzXYp09MAbpNZfsOaR2DaDk18Q=,k+LLhhU8OUEJ72s0CrtNa7lPLik/XPPhi1BEaqfd1Gc=
9II9pSm6Y0s9nWNCMhu/fYIvQMKDNxg04PlrJy/OM/E=,BEOzlxJXUpwhp3/k5NNPusVpya1zj8SRUItgDet89EQ=,NbX/slZ9sdRDMHwJ/RcP2xL1p79b3XtK1dKJC3bnTS4=,hqtlfYecA9rtbwldJhLqQFoXHn1GAN0CxVdGtlcFfzo=
zR+VI20uNUDblcm+uWe1Mju2sqsb2LrJ2ZMIZe+1iZY=,5yvuse4Swg6EZqlGMMgMC3yz7/QXikFCvpY7JfVN87I=,gB+kQoTUvaBDYjfb3UTY9yJ6TWuZBo6Ro2vG4gEYe7U=,0u0nDp2WZoR2RlAnSaGTq1UzPo3cjw0sA+yuZH/IDCs=
VnUsOt3BOuU6yo0BPvp1U2V59JUxHX2dEMkMTO1SAag=,7/zYtghRPC6wrI2mUXBGI9gxr0HportNEnCoj7QqwZA=,qtQfYsddlV6tKwPQrN6wTubOqkZ8L7QmVN/QbshxdrU=,MAQasJA2tE6aNh6rs5h3H9y2mNz6cOa6l8LvrGYQgUg=
R7Frc0OdC6oyDfqEEM/0O/xj0O9pPsQrEvwEZNQtDY0=,G1m0s8sLuUtdQ7Q5xVf9mX9Hn791GoMWz8lqNXAPMDU=,fJnMUwkG6/QWyhz6FkkY2hPma+IHdAkpNdXtucqlyps=,A9V8Xs0c+la/OPZpO6o7TgV7djOp6EPMtbaCndjvZqw=
mqNx4XuiqvlZQPMnRUGQnjHqYOIJ3MU9/7TQUpRvB2E=,e/5l2xfSEjlbJSLoLaBTZr+B4SsfP6tGuxYpsEe8gm4=,7k9WScxplbijV9EuBf5K/UP0sw+dE7njk7TOZe5WCic=,qlGjMka3/1pQGlPvV5nkh4C+BWFl2H1aTL2/GynBOWQ=
U21ezlorvsg7qmrEJ7FDovze3vjGkSZecGBXT9m7s/8=,QvqOMYETRsd7QAzTNBol9FbWRqR7kYFgNQLFWLvOfhk=,PeoEHNHsMc82n1Qu3IUkSixv9G+Zwy0wn73i3Ee5bjI=,RI+/RA4DP8eqhXkLNVjCKbW3L4YGm1mgKqycTc7yH3h5wGyJXjOn4EYUMCq1f+Wa
2nOxzIYUUkfVap+k1dLJ/T846EPeuBkYqo6FMVbpEC0=,hvOSxPzXpXzsSu919h3Wsc+ulFmWGhFPRE+J4K5wMEo=,rk8BXGFjhF4ey+SGMXuQIZaLmkfhMO9Vkw/be8PBUsU=,DAPAM2IF7bv8mU0Yf16rZbmN8mkSzVerBavYL4R3gjOubNJ4xCkQxIGdupxAZPk3PPhG/10Q4C3GS+M81xUPLg==
ex4yHCfr4/OvtikKrA2hsev9TUnyIkmxNK05gw9ouWo=,9CfPV7frHzBgNZc1BZ4RiDFauLOSd9TvVwyP4iT0M3w=,7VheTWJz64bVOAG1QIkk2q3/GcF3kxP4lxoBvPFxFmA=,upafCKPxQb1GMBV7k31ymfHkimi79mzpAEsyKSySSmxmh2IUCKeLtvLK2jV/N9CNhT0fFB9uf52vff9yU0MUZA==
Fa1aAdAM5bEXvxejwayUWPIQ/P7700g0s76zHsu6p+o=,KUp3wiK6QvQGrIX2O4hv8KKUP296zEq1yPPHiVzS4iU=,8durqBmIfpwwjjtZyPpaYO+X2f1krD2jZmm8VrMbejU=,35bp3STY4YCjU984LwnpcDltJhKfJeLohBEcWwEjQx/DQL/Qt9nDMZ5x2/CyFAlbwL8XGubk+yzEpbFw2BuhVQ==
FRaMRCWh4hlTfaTK06bfHmU2+v/5qfw1b6Hg2P9aHwI=,Lxma96OePVG63ECOlGoUXXI5jp9rqfm4jucADFzusyo=,e0feL68Sn1pI6edkchK1IFIstKklhXNP+FhRaWXjgLU=,sZFy04Azqr7EjVxs4j+DyNxaNp/Xu5qYZ4/fPnn1OJGrDJe8l8QJ8MK0s9Ed+rXcbvW+kr3qOfUNJN5BNOUGsA==
VbKFDRPgYpHWKtyzn1+5MXs6/945LxB86S9deiphcno=,LFzqsiAVoyc25wiLq4cZI5KmMaoQro79jE6GNyZ9InM=,PyEyXuK8dttORIa7nC0Iwdq3/ytDk/zabvkrMMLlz7s=,0TR+uA/UCdcC/wYsIzRYEEtrlH66ZSuGhbUqVXktPSc=
ep31iTAjK5SRPSjUmo9N1czihTaQ8uF6DDZZHNTcKGA=,F8OEZNGyzg0kcNUFjXFY7kVstDC0QAC1vuYRYm0+CJw=,Q5kKgEkIKZ6vadcui7AmP/Nv0f8Fmj60oVxdJKahnNk=,7+F4scPvd3mqGf5ni7PWifT/i2LzZQGXqh7GjP3vu0c=
4MRdMSsJJ8n6TfN6GqScdqqE8slaUwEOZdXWvQjve9w=,veNYR1cwukOlpLDu8wLWeCX1Dc1hhZwX7vHWJ7iQZQw=,IBNAaPIVetcdgTemKpWyijvDULgU3QYlV6zG5308evs=,y0hz48f2IvbHMZcMl2Cf1GuDxeKCsv6DQVC/1JwzebGCG1TbVPFeLDjiDG4wTXVI
M7QYpQhT8HBPJ9q1jyH5+DRxCGBfJdeAmP9l/L12VH4=,UtwiLujUaT+Q7ACb+ZD1v5PEV8G/e6AZxUfpsdGuA6U=,GAF/XKLzrDIt/ZGnPnkeAVtBCJedlKzV0xB8kPnovHs=,sXpOWOXKXASwida4TqIdmS0U9uKaMI9nTFXJxJ+JtzU=
eZr119KlYVFZOQTw2wCdgfIwIiXqjmwX01791TNG3f4=,5KtUTLpoUmELxJW4cfCanJs4bB5x/eglxLldwegLE7c=,wHHGfJ2j22E3V/G0YX1PKMMEkhe+r128LrGEthuXTFM=,E4G0Kvua8V4dQlQ6jdf3lV1uSn7gApuELmVdGm1pNPI=
0kTdsjeJ+7NeqvAiCg9xDEaHrSuJ36lrr1eqyibs9A0=,jcGj+yjDwJkyBQkSS7eWlaOHYemcOw7heAf+TFIs1Xc=,oFvwKmX3ZIYiN+JPL4h9ixIGba1WzUi2hp35HQ+QWOg=,90Vcz7f1iYoeXYKmYfz4Ph4a/iKqzY/S1dl3tsyNYmk=
ex4mqktBLEtyTMvknuTH75uW9L3MQNoBMax+gF2IE2U=,Ej0ryonXfByPpdTqp20mIZ66VSQU5uD7cCUeVnCFc9I=,R3He5QBd5h3bhddTLFU3gNcEaiDK7a+/6caRgsoQUY4=,Z/ItfKx/BwGumX5dlf59R1ItUkJDB65EQknvBfFXiak=
wI3nQNaiW3/iwngR19RM7EA2N1oBUal/j/ytEtPaIP8=,zQ8I/0UIQ/6DnnZ7fi2XUkx5fzIbIyjusenzceNWDxk=,9EzWj4FkBTStiq+XAkWGT87kbd4ADV3xheqo/o97mxk=,TSY5Y5/ZAvb88oxZmyW/PzY+UFSGiPAYvdSTeAOZ2Rk=
NJXI7frTXy9xhrE3Vfyhuu+GcqqR3Ql3iqB9hm9+tTU=,JcWrDd7DwFl+lkykSLhVn+YnuTWUtwDe8Puj7GecCns=,4xv9gV+mKe/CmzJ+FlMThfyS/8ZzKwo6pLM5Vm0ojyw=,FHJ/BQzysxER9nGks5+U7J+1Qj6ofuo966xO+R2nA20=
VKjr0aHDiQPeEM9PA6ajnKviTotfHhVOwxBjOZBxqKk=,PnHtzSJd6O3TCavEysnroN8rWmmLoPyidKuFQkLGJ6I=,eJ+h+oi23YQvJ9jhRXuiQd7Q5EIpLJcHpqSnMMYud74=,MTyEMVz/YJuCzB9RjW3Aa8aFoMgkMv2AMzgLSWg5xi0d8UbZ8oQHMubDNqjiNunA
+wQREFsFxO2eFpEkIhyXZzIrAtiLNgqnvlG71eFXuns=,uQrKs8iLiXBlfRlyyC9V0FtYO2jeej+h1TTnro9EFFA=,FWBcN1NBVes0vBOelPZZI+CKC2Dw0gJJM+yX3jW8NAg=,4rGsrmS3UiR2buQqXeuteFH6KnKIW8e/jKJD0D/E6pA=
B21H6vm8zRFEvjzQ+YzcbV5BeAfRdZSJMQHAWYeHhrY=,jtEtqwKNf4gXmx4qh9qwrtz0K4aVw0lW0xQR7/7jDIE=,0k8d5yz9Yp8Clv65wuf9LQK8pyWUJVmd1cSYfGhFl2g=,FLXjqsH0wKJjmYU3xzpkoAeXYrCQcH1WeEc/Z4CpeDA=
lflH/vM2ARGhp4FFrlvhwqcBL9+Vb+HmCN1xyZKc8ss=,nPE+VlQ1hoVnhdVgdFW8XsUJMab55fBCX4mk4zLlVQM=,Rt9ZZjmbhNhjPSfgrd0J/YxvAsjiSORSWMuQJ/1M9PM=,pematQ8ws3Y9zwLM1v/6vPD9mE4uJdqV2KMnVhu4dGU=
VbyS2qmaL15f0TCkUNlmKvHePOOO+LQIqkIuH3Q8G1Q=,grPH0UM49okmZJ9Mmoodxdlnm5Z+P8ejmQ55iHNAs+U=,gCbi61/jz5Parl7LqlU5E9CfPnTUquBb4Mh1ZPBj9TI=,tCKD1F2FP6/c54/Lyz1QMHg3w+w9AU5lpI/guj3oPjc=
aGpya8bJ7HsDfSnZQ7uqi/KNg78F++BMQED5I8Kyj0s=,SHynqIPvs5mf95ElyuK65ARDyjlTscZukhfonHARCik=,XzAVSicXz+c6ZtDsSdGcLF/yfeLIdtYu7ob2/DhCtjk=,XRrGf00nC/a0TT4xSBbG9yCCZEClLuzAFH6LpARYd83AR8w7rP6SVmE0fv5pevmB
A92btNcMeShUYig2n/+h3PO+sVe32xQ1sm9FKoVmHH8=,3PyenjRILG7wpbYUuTHZvwuF8W1LY0py/bmKqpZfC6A=,Va3c/TUZPIk/LI13Ljcpvj8NnHi9s5JD1F/I3wrPWQw=,P814JaySSGJkaRHP9l/L0UxZ6CMoIGqCjY11x/ltujM=
giMAcbK0ihWxTvv4a3leQy7qbo8zTgDuHUorEaGddWQ=,VJZzWSjDcoh5ojLtCARRORk2K7YEICeesMM80twXEQ4=,7CCRR93tJSslwe8DVex/F4EZRSyBnUbsMqziAPTTW+c=,6vjAUrpDJCYk3Z3La5xTT4m6D2EhHpIaer/jcIExrpo=
nVbkRCKxZKFJPcRmcv3IuIJ/nVtR9TCzRNy2r3luBj8=,eZrK2EyY+pM+oCYgtHqrmP8lTFGmE9FZzN1ztISHL5g=,GH6dnkfsYugNs+s5U1Whd1nvczr8F669Bbe6jhrCY/w=,SwZ1zvUvGYvUt+APAqANgQQtMvj/EJZmFURWT5gZxVxD+ZlXjippZeR3udiI+8Ap
Wu3encp+00r+4v7PVFJxMs3Q+fP4+uRn4uhX7shR1mA=,mc+JM74YU2eVFo+qpJjHQTOe55e+W7u5xCHnD4mPmdc=,Nviv6CSQ9/XWzcKRp6bSq9Vj1hcsOd3K631PRmaRneI=,LVu/34a+Ul0cB4xXXhQZhpUW0r6J10GsHzs3k17bfrw=
VIJVbcdaRD5VdGZQFeqGjjQqE/hGzgxaOY2t/2kTL+M=,xAVov9zpVp2V8hLe4yFdgfs3kT/IC5JMnrDgVU251qE=,neaGBMPPqpE+Il5lu/HxuL3r2vuYONiGJlo7l0l9JRY=,WU5Yii2q8X5RDz1SAh+I58A++kS8Q6TgZFi4qycwluA=
j2fThH/eKb81bNcdA4nj+sTzr62/dBwCgdnE/N23qD8=,DyOerfZ9WxVJzn6s3+D5KQOYniKPoPFzKSvZ0l2ShgE=,3qGObniGT6KcqeyPpJFIHWeLFTX+zjdmws5eucJP4XA=,QzieGkwGu82+RPGsILhBUAWcy3r/OYl3mussO4fB0hVDL+SJVZdRxZXPouXjrmLP
d503qx155XvQoDd+/LB/tNfMHcmHsSW9gQyx3W7+FN4=,q2Ryg6XP2feBuitDk/9+mHWnFqAXDrPFoHGjXYue90I=,Grq+AEfh10DQm46eWGj9/Ro+PHrzQhVVn+dn+2C8/QY=,9ep4/qDpYqJQm2dbG3YCa/rXJvYON1WTgGM5X5Uu4rU=
RWhLEvfdEmvz2B5R96upie2+azc9t30iaMuiggcyQGA=,5nfbfAy5RCHOE8lApUHkL/wcvbfkq3MwPtoM1HiWVfY=,+vK80FUUl1HyuWRTbtP5LRr/W2p+HB55sc8nXbKKjz0=,UPk5W2fccpu3tpKjeRXc8mBGJppDOjl2z7CIotLqgbQ=
lV58SopVbNAM55FeD+JYg3c2hEg17KnQN3lc4/86//0=,CXQERdrq2fXDfR40mdnltWyr1Hw8rm6i20AjI5fTGhU=,SMureZH7k3ZE2YiKvkSKlStUsHo1qgtFfQMNDpfHZP4=,XghwStkfrOaMfPt21TjIvoFd5PJuyO8zjuwNeDst90A=
XFOTUhtZo2FCWbJpLXm2GPs9vw9j2aSDAqirfaf+9NQ=,SHG4r325ExCgCvRwMoWIt4UA5MXpYU6IOUizYLx86Qw=,Ii48xFrHtGdf/RMQmfuiiaz4w4TBmjkUnOqOO+7sYw0=,wyvdgAKq2Mi7qCiTEXDmBtaUkFVh53LLwQlJBCbKOIU=
LW5alF1Dth6sduW5J/PbGjNMC/ZIW3e5nrJhhs8MwWE=,JVI1ofNCpcxbYVTuafcxcVe3Tk4/cwBQ4FMtbEEB+cA=,8/WesLEg7E253rdIB+i4yOnsOQ3yFop/1alomLj75lU=,sj6YMpQgXb7f+2N+AGGHN97wbr6PpHGasbSj0zoD/t0=
tpQPEjmXUWgs6fSd+OtOA8TKsH35oOkD4DxdEX/Aif0=,lR4MPHSWngQGEO5o/nlX1j6g+WmeM3qqO5w/CFD/vJc=,gFObjLWHiK9i3AmlrCs6wXAmG1GoifBZlQ3cVaqI8uw=,v8MAoJ7vG+yHsUagzGHzSrmAICji36mSnht5geUAmm0=
Qf+9U1JZzZFTpQkbv3uXAPMAXY0AOG+y0IRQw0o72xg=,TJU6WiR9fW/+QRfIjK5nm/bJ1QXWCKtwoFZELCHebD0=,TzC73OAqAIlXwNUwNTsCPFMVxFEO/CbjN7iZJTe65xM=,CFNxgAGI9myzGOLApOzNudU0m1W32Esx8uKr6EqZ6Jc=
5diupuSt7iM2ICLGQ3SCcxMpokP3xcUyLApZkfoa3Kc=,RLD2HtiUmKJ58bsigPEcO2C2LCIgSb0UuAiYIzi6IzQ=,+AoRZ8/Ziq4qsorAagpIYZY6So3WNtm9KbG75Tv/dBg=,T1J0Q04TwibceFwbAfl9mqaesCDhZJ1j6E2Y7fsfP0A=
438mpY+MQpAipOtY5VY5VfAAGAprxe4qwg/Cd5jL154=,MgknnSYvr97Gb4y/sY6ESyW9/hZ8yH5u2y/UouOW9UI=,DIGllUpknbXLn5G/hXVAx87lSDcaZCLhQCkbmweYI0c=,iNJhSNvsfwpTi01lm72trqa3EfRotVMFdVZx+FjcnenFtyg3VsTqfnOSRgf8Vw1f
rRjBJLNJCsR+KF8subp+YVAxNq7ZHdimOK4V6+yQP7g=,c93ThFLXK1UVgb4M8dcEsV7PLXO781Xg6o1Bc+lOLEY=,jQZ22yYtditpSEgUn7xAas5LP0UjXjOb+20adFVS6dU=,FieLtsagpaNdYayNkBJcN1HJ1OHP5/SZ5djyAQmr+eU=
f3TqGt9qIk8PQU3lxvNSvAhS6otKmFUTT3Xbg3J/0eQ=,JyfyQyfWxQO0w+vl74sHLCz2PT/F0SL/R7djlO+3L1g=,8h8UIZ9uT+659VQs5VRu4DXJh0KC37n4NUhIha8Cpcs=,0gE713SHV/S7uBY5ChzMboiHuEUfypruZ42Dy3A8elQ=
7tUCBnGdDYWOFZXtJFk8z8v9E1teGydON1uvBITOR8A=,g9cvCJyDmLR8vGRaecaF72HJJs5pnP8wt2I/WK7RSnk=,eTEhaCQ3YzU5a3IfND/Nxo93l7at5lWGR/SkCyCokE4=,RFqk8Pmlgi+7LRZzq0/ZHITDy/8dGTjYZZybVJ6YFeg=
3jaub3y3RMoaRimbLiCpey04ZTZylm0NjgJbwxY8stE=,Co35kVlxyQ+Rt9KT30LTpBG2tVoNtmZsuO3+IcaD9Qk=,h/WbDotcx/1hxxk+AwHwUbktzWhwXaNCNUHTxpwuAtw=,nWL3WqysEU/um36aGazYZCQE2wJKGEBf/9Kjwt6ysTo=
K7mnmunso4RollVX6ZPMJdHh52+IQaIJjTkBoWcaTFY=,1oENMBoZt3KYHcxG69yhlOiqHJB8AtUdd4vXvJhGHq4=,2VE2gdeWoENkuOXNqUMyuw0ASv5kPGGelxo3PHS/s0Y=,qKE/5S4y5wG6EIClFvAPPOOeES0g8tUxFv6sIp4rb5nfVzk2cOMUbgI3RA9k3h+q
1aUoIJvnzCDzkVjiLe8lWcIGXMT8WZnbTVWXW1gF1Ko=,vKMkHTiMYZy+Uv8aM9tdIhZZEmhaqiDqlvfg7UNZIc8=,iVDZciXuNCkIYELK/dAoD+rZyQqt/gvzzVtMC4eKqFg=,IZjAzBpS56ZpoU8IoE/oew7zYbv7I4LxzkbqcVO81t4=
9+al7ozaw0uFO5J2UxlwbsNejJAyBw3s5ONasrZNzW4=,plrd4M2YonfPDZppKdAA0hdup2nGpZ3xq8QLvb4VJSE=,Snn5JRJim7vp8tIIdaOjZsFED/8cO6ah95S1n0/aXbQ=,IJaDnu+612M8nIauF5a6FepfWQs3ivneSKLShZcIrLQ=
Wghhmh4058e6/CaY2yJzQAjMovAU+0m6LZTWsROcpcw=,5gHLtEb53fJFfFnlCbzzNSgh903rQYY0DypLO4XETRw=,mjrRyDclHMjA9xoZ020tJAkLxlpEuhSd3mlxehO4RfU=,qgzgXTX6YlRmqlT83M9n7GhnzzHXrQcnXUKUwI9Hc4ZkQRwTyVBMHocRZcfXZUVb9xnqap9lgnN5NBfbbSjrFg==
5dFRSBgh4XFGi2nLvgryDn4NCM8o1WeLslHJgtwi++U=,O/Uv/VwzycFowjC7p7ynIImni6hc5ce1SXHFZ6jP/N4=,C3IP9PdI+hiY6493pLSwwJ7iAhs0wOmASwNDSnUoEFc=,V5tsN8HTuwHlece5Rg77jf/8Dg7vLBjH5ViPxkL/MUi20hppsas7c4RCimjyXkkaWCihR+yfdxIS6YZ7tUe3MQ==
eL/TjB76WJ6trNGC3s+qgPcGQdSYzKcpLxxLsB8j30k=,oaQSrnYUgybdSjkKHfaRt3rfpVXrR3twJ1APZoatxeY=,7AF1/sLrDfS2Ie+uQxMZhdfiJgVzeMKYGRL7RasYBMw=,B5RYzDTJ83E5CoxlaREVd54ghulG9t3DmmAXLrWWeCkobreEg+3UA+mxN4IRwLsK9GLsnq54fRjfqGNoRioD8Q==
/GcQEYef0mfONi2tr1Vbi5SsGG7cR1d/XRYQAIm2DxU=,wPNWwANsPC0UR1iD/Nw9oISAMe85KYfpoGqABI6qHlc=,x5F6gbW7U01nuc3ZhDcn1CuyyE0Ge/n01nZ8KvwLCXg=,mRqL6OqCqboCrJOzdxpZXX9vMjjUAXytJvGovp6kHbKfpQBjO4GKhZzQNTS5eMpzUWFr0/ECInbkzplKl02oEg==
rwycaOCQPf11HyCL0G2jtT1qQQA/7Fr8QfPxEt+suGU=,vQ0xJyU7enoGaPbH1yCQ/zErywbyPpOkRYbOPQ2Ctag=,cJXlbdWLIgYn+yBLLCwxULQXE+vb0fyxsdJOG/MbnbE=,ssibz2nnCGZPq4T87lkH/jMNheWZypRJvXn6+LsLXTLAoCzddYtjBgvRlPAA/plgx0xoP7Da5oI6nQQBCCW1Jw==
vLzOP9WjB3ksSA0rA29psXNPkxEcxJE4GEShK9dopeA=,NLaCPgw9ZmiTb2MnY0ec5HpUo0zU8QNlQwCBMwJSuEI=,xZ+i6UcWKg5x+jC272pgS7UmKy44LSP/hI8Ur82ygjU=,kTZhJO0q3EP0nOuehgnN/KYbUwgnujxi20zx66DK2JpnFomMa6koHVy0EXumyT9AbeF4dF+Q1+pToOFXf+5SkA==
5bVP+SnCSSPrr/DduQAGHUqtRzy4Je332jTbbW4b7qI=,cR7eSmPGUp0TmZ6nOvodBk1Y9OkrFCI/lHC05hI6dYQ=,7aagoDHruLrJ2S9NEZleVF0s+DwqEkrMXV8ViUXeyvU=,cunWVnGz6DKf16oZPcv4JCd07rBJoYMJvtaSOq/71Oj0Df2z2iOEXdX11pulRYSICcacc+GU3CL0RKJfeJeB/w==
TsB1g6zAm1t4FYQB19XIIoK6SUezzqMbIKFZNQCHQ/Q=,6p4EiUxA9d74CkPakNxlyhKoAvcREvBzx0rOVMQokH8=,1Bx+lUFy9B80gXAPXcIzCVL1JSgoGVBVm+4lFbNPN+s=,iQkaA430uILi0GmH0EP4/mh7nqnvT1+i792/c8ZCPRs=
E5BQriPKsn+7+EQwAa6x/9wMMSVZbbz2DWzx1v1CUe4=,j3Kd31H3GaKsBeaZZTgUAH/mIiYat++h5ZmSwkXhXuE=,b8tkq5KgarGke2oacZHu7hRoyXVFCknbX++hPr1ueac=,UwzVWhvc05LexNl4T/eijtBfB3MRBmZK03i6mvOV+C8=
zXNDQptlLeZXMCJbYH1NZAWdQ2h7fRgbtdZ3pDn+/RU=,+f6rq7HeWBDoAmOWfwKuiTMErKguH1BIPhX6WRrZNcw=,NV4hFUPL6msV0i4V1JzxxcxTCevSeBqNo71whyYdeBY=,ElqHLRNRU7erq3+hIkNZTzMQS2xvFTDudWrd1/EBTD92RXWKeDQniLpEI/LmdGpa89KwDdQCmU0/dlCNZZc7lw==
l9w+tMmRfyxSgFJUlNvR3KEpXDXxFygKwL+itT/JNhE=,3EkLXg90FMdyiEJlYHURsZ+gUaITPgS43S17p9JpLrw=,9o+YaUgjEWdYWVwTEeeoPZH8lEgbakk66Kb0hexGYfM=,JH1fw86/eRRMVrjp7zAgx26KjU+CCAHiXSYo9KDFsDs+NoE94p8M96OjF1Fiigkah4c7X3oGRFlUOSKsUM+8Og==
ZbJQcjM71Ie8hcndvsuUv4Ynxj5JVftgj6Jc9ggyIMw=,GH3zsGV58mdfd8VmzpWEWinwTdHBd5FMpNhTZylUQog=,pz3aSuLFgpLM4us81d55mxDz5SuRSsyZ7QHtqkNOWBw=,gdMdzuQ1oR3UhlUdebuJeA7VlwdSRorsc4qFlv6SulIWJ4FWJn74u0Og95e/fBEMwxIUo2MOOqaFGCgO4tcNOA==
k9rA5lUMsAOvdv2SWzrQgYFgGQBpQuutMLpJ4yAKqjQ=,kqDW1LXGiRBKgYIOrI1v+FKHqK+mihE9Q88840esLPg=,iKNeBXdqqrQhKkxsKr8yhwu1UsTxP2M/KoknqVSVS4o=,CTlYWLLUhlHrn7zcMeaBCmXyyn/kypOC8ufXMp2AON1pIr+LJG/qunnTX7SNZGm+VoLel9TP0QplRzyO1FAy5A==
xS/wjLa+q7IXZEmBjEknMR2N7aHYJJEMmo4dFwhJIDg=,GcoNteUhaR/pTP7KqHC/1VIg/ms144n/TTK08sXd+p8=,k1sFmKjKGn4xxRzH19duXUJhAuAY52ag+e+07DRn7o4=,Z4LdOQuwDPtv328To45783F005yaTd0LMqoTOJJvbYiGfsUwJx91YIu5tRC1H5js
NBP4mLaufremnLMvuD1klmAurDNzLyha5UnYfsjapFE=,n7TENMYXohEIIW3sxnc3/NYSQy7o32dSHO+q7Hf/oZ8=,6K17//3CvWVMRPpeucRzJC5SzYC/ChHzLgbTSxP/Op4=,ib2pAD2cgb88xiT0KWJN9ZeTO7eG+tH0hCtezWX30M7ShnguuDRjeNl0HHQIoNN2DZkrpiqxhNiD54pSdv1kYQ==
CQcezz8VB+ZREk4OJTF4XeO2Tgkr5KfnbC777elh4io=,rijZToKAIt+dPhd/yg+X6qgvvWpZlkrdo5LBQmBvUUM=,x6/DKC6Tzw50CxDaaFBuiLD9L2fFI4olmTV3NukCV+I=,Ymd6+mZWbJO5QAu5Hi12DQcR5hNM/K38TAWy9MSU6Anm+4Wq1O6RlbEZSApCA9/SZj9OAT0GRRJdkU3hAqlymg==
Y87Wlp9hZXhTNlNc5jcvnNArDIfvlHeHKrxNys4XRgM=,PhXCIksI7Vr4FdkJCIWxEScpwkYeyjuptHMCXm+VXME=,4eoo4Cpo/Pkj7WlTyd5exwuOy0V/noXQcJKKwQuQZvw=,E+0PQwI25Idw/SfmWmBNcQZLA6e7bF6IsOy5r1yuhmo=
Z29+ZKJl08tqu4UI0Yt2+g+qnOQCqnxpcdnQhQoRBww=,t2U0Xxnw4xcWInmcnpPt8mD1n0I4TVBSA9RIeoISoAo=,GBbjsiHd3awZo3h9aMG+ZSgxXabxHio2u9armLR2CG0=,btJZJ6bdXMzGh4zAFyDTyy7M/5aCOIrP+2eyuhKzDso=
NrpiK6jndw3a4ZTLui3WGxFVBGXuiFwVJ/56OU9ZTMM=,U2gY8B+UWrwhIV9vKrOmWjPfehZgGgOMXNvDk0ZObTg=,cxbNiTnkeDe/Wf+U+Q3x4ETynAg7QmFPS+YRNRfeX9A=,lY7103HGCZg6c9yso+UaN3oJmk03Hvs/keScSchUPuc=
eb7OfATIFUFebFOr05e2k549O+ygVJ79d+XQnYC/SHQ=,lp1wL8yxlNYwQiCp/vHaro3z3JfmTxnh70+zoDCF3Gw=,wkRfO8rTuzN3HDJZnne2KkmSenjXM3rrPTbxyMDhrVw=,41KUCDuGnvElU3Hwq+VkCpFQtX7isrP9TFcQ7G10igs=
qwx8rGN2+WVN4jEzLdGEmQaCZ3wnTRptlyenCa2WYwY=,bb8j9pXxyCrI5y0qra4vWaS54TC6vMksvOc7EgZT6qY=,Xi0lCQrFcUU75zoRLg1Tbf70oLMUiCb3bSgLAYUlFFg=,TTYQIXPNsy4FPIRDlldGal1IE0pP5lNRTevdvMKegamfEqjKo3LH4oEmJijDts/26jakcSeKdqFMznL0fXGxYQ==
HMBUuZYsBJa8vl37en4PP24v1OAkT6IB5HmmGGHsQtg=,09tNfLSt9MqqDY/k8/xviVubO8X8RAaBw5CFhR1aFkQ=,MLT+YcJFuaFS2XhXAn/7zj+RPKuWcpAzJLRFP3gAhbA=,4yr6UQaVfba1QM8J9TusPxUMPhHCTKuI3kW6mffHmBu2Bcpw280iXY9bvMIyWt64+x2InIeZEbuHdzf5jUy6yw==
v48L6LdIxZVVUZkcH5QGmAFJRSedUYs3cND+IjoxZAk=,lXkkq37RPuWz+S/oxgEppdIKEhOX+CIyNmBW9CSPHxk=,bsNkQxHTwAGhFU4WeFAH0RWOxzqx7mhMCG4RqIQGEho=,4lIUuXtJDkmfzEiYMDcbk4sKPqBKKs05GAT2guNIKkg/V9cRA/a5FKF0JRjmhHUFJQDFpVRy43W43Xll9WbO4w==
iiU2vzU/Vzc6K1B2N814vhZVP0xf8sGKeOk2hms6UBw=,3zdUNFnezcbzfr9Ra0razDZzqdDrco1UXR/eYp5qKQM=,SAUIC8VJZKvUGhO7B9Yk8q1l4oirkr4rvN/thRQNBfc=,cDhbzb3wWNpI/Lj7WdkbtCrH6x/FB+raLc+FXJnfg90cCiCWBMj4zIqfMEuZsngHA8IUsrugMGZIrI8nJNyQ6w==
4k1resaFViut6nKXRAFyUHp7dw1pIjq7OgubaH2nqlA=,uPTevGlZNgZ0+pXJSkgumN+0Kz/1nWAmeZ1CJFXy6xc=,kFaeXXcWD5KSOaZacEEnhsopxGV2BLQFBXRTIJTLxUY=,/MrdvnQsGBR3DGZFPYjoPi0+ezwqmkYz5NBWSu5eWLNmVCOYaOpZRxYXmNUjmP6bFRciVqw8XJfT0RjAgIGicQ==
b+KQJszVeS3GcNd8oIBX7v9i5Q9zi9ECTsCNiv6y6gM=,yeE2DJHQyyTi22GukpWZQFRTuhZvNlYZ7AE+MD7uDfE=,+iOBcYZWOE8YiZ85Fc2ilL4zeGoti7dGFWECdLrlPkc=,fwsmPhAvW0iWB2AxSTcDU3YGvLSGf4EiIooNp4zzssEuMGSj5keJhH+zp8mHzA+lvgzpYVIeevKVknRcggPoTQ==
5sYUegxZO3Ob8QpW/M/PVlQEcc1nXJ7H2W+WQgYiUHs=,amCMnUJKDJeKfsNdNoyGsj7o/sllAvtWj+qEKKkrkM4=,MhV0odWh9vZPO/1U8DiPozv7Do0sCdXfbJvhEyuM6Rs=,n8pGWoT0n9TuHO4ORKzFnDXpqv+lRclcPqezFAXW2Rc=
d+ycS80lBgShC0XpVT9/JTagPUlKI++NP5ViDifHnK0=,w0Zds5GEJBlqagT+1t4VVDECaak+uj6+lqjVUmurb0Q=,OySXv4CUQpm9LjJzmXLCf188PG8d2Sde9vGU7NxbZrc=,iWoymz9bemDUjGMqRxPlnib77N/fcDDUfuGFdGtj3mo=
r1hwob6HtmXxzNMdWqKE/x3I9JL1Wg9eepceajH+qQk=,3MS1r4Bf2fbku7tcfU7cwyQSfxF+lVhmYapu9JmWwiM=,eRyi/KYnxz/vgOVr/CfTh0qsHoRR5RbB8WPu5ZI1I80=,B78jX3KgQKpcXRkzaRWeEHkbD+TbfrmQ7PddwovFOL69SHnMkbLX6D7S7b5qZIo7xO2aAxIi5G3rUeDXa2aVoQ==
E7HOzEecQthwDOL37lIugyKiFIaazOidLDwG2AQVgsY=,ZouZOtzF7cvja8Mj2WZNPTb+MYh9X0+jzDXGIVhiUvw=,mRKu+TDiIsiHubbLR6YYSzncJZeSJJieGtWkiNpPQ88=,Duw4Y3K7kKqJUx0FB0bYJrK1DZS21n6PyT+zvRzIQQGz9x9cvIWs9vA/dOKwk+uAdkTNPEaKxUgbmioV1DOPFw==
2iERDbtsydOw3S3Q0RL+TBPv1pbQj+LxyeaOAiTYxNc=,HqjfKHibNd4UPJ7UEOXjxzlqq8XLEF4y13qeOOcHYes=,axcqy+YnS4qiMsoPXiK+iBnn34xdtoory8IJWrXzGVA=,BFJqQOkUVNjcJxdYo2UIsClFjpdQP/Glkb6/F1FFNX9J0T9I1H/9s8w0SsKDyOxUl+wmZFVd4w2zMLyxKhxZlQ==
SnIBBRkVZUIYCVTVsGsah+TpgHsmp4FbDV2I+Gqv8xc=,3UAQdZBG+iH1DUw7J1LqHpYcyOmvDxcFa9seM/ykL/U=,wIbOZjFUA9Rwlh8rWhRgaFiq84dFQszqA0NG5U2NClw=,UUimbhKJ++X5m8H918W2/9Y8VT5NbgCCB20Rzl5n7TU=
x9x/RQo3zUoPZlVSzzJzMDR8sMLoTtW4OnOL5InAisw=,lgcBNAeKrpEx3KSxkCH5kZ34JgtCxAu9wS3dx2qrZK8=,2aI32c6byfutON1SOTq/sosSVEs7eHP5+Z0+ttkWxBw=,jlP4snH9IKcmwaoEXgQ8TtEdoGIbKtgbR158ZLYtThs=
njh/veVg0lLFIxL/GCI8a9hlKikKFd0Yo3B4PGOcM/A=,/W2nXyvpC98f8QKAhk4VEgCaGCmOYZ7TxHktkIcKLeg=,UpP+L/hGzOMhUp8rlkT8HDwAUdCnntTJl4+0YakxrVQ=,R+gribkBJXxGSgJn2LTLOJ4C7KX8pBL/95F0i8kA1kU=
FM42bRzodGMoq/J1PkkjzpIP7C3brMnCax0nlj5fHCA=,9yfQ4GjxrGM0iMPdGrgP9NdaAM9r+ZJQYHMab9J6N2E=,Nq2tpCaZDQYfI/kfNHc7nWMwa/XWcE286I7YlfwEtt8=,IeE8svdhA7csTzkeHYjpBtNkFqAcgCMzwJ3gZOGgQs4=
y9oZtKM/Zh1u1K5G0H/9tpsrnL9CZqek0KU/IFJeZDY=,56MtGC/WRGZcWU398T+GGxu50kiujQBWaH9S4i/KZV8=,KMno9/fpEvwE/qn/B3UYLYrCB0U3aWo2+Cj4WBNW9KM=,hCsigerEIWhe+25iDoM2EgFiWagrYrR5AykAdqS0SH1QTm6QNnWH3Je1x0ZMC7RdlFzQ2TRH5yUK3c0gPUnoUg==
4P7rFOIrQgTxtt13KRf9qNQ0eymfD8PJxx4KvXsALv8=,8HOIKzU+W85jiDminDkm5tKdX2zxOj0oooQvfdUHcRI=,XXacmzxOiKMGV6dvH0t3qaRPrugRUnhHIorwvt14XsA=,NTZjc7xoDuQ0DqDDqXa7lI4WR57bAgSCN31Tx8RBP1ukqdidd3XQMeR6D/Aa2IftDGYsKwDCNSrU8CuoVwkp8w==
mzUHK30xjwQRbWtY8mRFVjFupP+FAGfYPC4PY50JeY0=,rCoXc3nzEOiyte4JFE/9sODKIPl6zxBglI+5Mwcb/Gw=,q/x9GdzHxuy+fjAOEu5vg2bbrbUND6cQ/tSYthKPFfk=,IQcsUoolFuEYV1+7pH6UgLKAYEhLQPZGzeFqFOHs+x1UgBogWz9v2f+a4UcqtUHO9LOEBYIwUU6k+edsry09sg==
//9YM5KNCcd/6yKdimEleNAFkfTdpVRmTcrACwAR6y0=,pTLn9JwS38baOY7MjFzaIRActw39KQx/93TOF6KVmbA=,3Nh8rXUGgPWig15W3njub4/5BLsHrc63kksUFfFvIGM=,CazVSlBGKGaujO+lE+Pbk3hC1TdjHWkuH/i2oYAqsiaY2oqtChzUzui2rEzn91SpWRN89u0BLpMeFUNcy0mp7Q==
kkcbvhdQ9fYAxitApgQcPWdiaPJNe2AtKIwQtmZHBHU=,5X4k6zRJvEAbYudzJfhxHvD6EwFt7+N/6tUCPLymbJ8=,KEhyG8s5cVYcCkOdPAsBWeetRQszHsvfFelJQ/8SoBM=,zYkdCYT2WohR9mb04K1beKj/8fLWthlGRDlr7Rvvekol5yzMnlzTTjT8ar1Lph1xLr8OgHLIF4ilJaUluQ11kA==
mPjloFnpfkZFDHXDLNRlukXXOGWwWua+vmdeh0wZc0A=,4F3QZhoOgLLXFlM9v5skF12pNtodmyGfUArlNCCZhd0=,a+kAsFMv2UttnHn2siFQcfgQu+cf3kyCEWKFeCIoPdY=,uPNpe6aLORCxY2ceY0A+ExHy4wTvFINvb/38hgwuDdbD9ldpl0SseGTlYc1l9GoYuuOatG5i8LG3t29Wz+5NkA==
P84L9tnEVZz/0dK33v7PGzpUxEn8s573RdoFV3zZs1I=,vv7g/wjZ0Qz3iHSAGo8d85DXm6oRrXhBlrXXh4fjGAg=,9Wga+rg2KjzgPIfsUIaCl8oqCVo9OWs9KLDUj+ygFxE=,EH4gamJpCIjTTzQyWAH5PnykQr01fvpOusLkRGceWXc=
IUpTUzI+BccE6/wMbk1owcHSmJaGTKFYEBH/6GQqeOc=,eez/pro4bqD56kM17/fswTxXKN2LLv/hGok3PR0Fbbg=,KYYEa4z3+ycyHCZ+JoAAYUXG8R8xYsGJdmpylRimjGU=,qrkSm+pcEqAW0tp7gKNcS6tpO1xSZz6/YWQGGCnDmhw=
1TnmltVTZA6PaWoiTzHx17VnMarQmjytBztrTzv8fJM=,gV8v6CyX+3irZ+xe5NOcPet5az5a514sTZ3Ag9Qsigw=,F0SeJ8U5Y8g8gSAf00m4+x19kifO1wnHKUQjlqzvIC8=,mgRLk0yPiG1J9YCViimfsBQnkgUPYDqTA16DgYFZZ18=
G+n8wPsBap3+yZmLcJAXmVu78WkL0XT9pCHHqOoE4uc=,/52kRwV9RdPrJ7i8vyzf4ozDhF6ZgSSo8eXrB/vY5mU=,9UkxWIgLCDyzALLzTHcbZXNiKfYFX3vs2zC7vrhLe6c=,pTzKzSN6k/shZlvVdCg2Sdgn9fqxiWQmmGlkLhCXROw=
UPy0L85jAMpkqLhrNLhr4ZcySWK16hJnNLT0q1Z4WHo=,9klYZo8bp4yDhVyP3myfmXQm/mu0YsAh0HsPkO2I7CU=,fWeRgvSd1b7aaG28DEwttUsOg2couFcSEFFXaBa7B6c=,5dueBmxmNRjPLbPmxYlm3wB86OdhaLcr+DKdT+eu/ws=
ySzB8X/QGYEIXzQgIxuc+RxB13B/1+uI1+um7FrTLLo=,rfBPLgQtXfYtw4sLQidJpKCTQC3Z8LCC1yl8ZZ/VnsU=,ojFGukJIPb5jvAN65NLpu+DWxyW4+YZywPyii2U+ywU=,6hpQZoh9kN/utd18xZE5QtEByhJU9jRItQ5lQ85iX3Q=
eFkv3T66aWqzdx7x7CPEc7MNsSfmoUDZ8DSj4tbuF+I=,X1hSYXrda0NMWpv35tevvvBQaVQB/YO25NYliAAe9qo=,j23DeG2vBKBl/YrZzsFy8D003LOOJdZSygU36t/VPIA=,6Mcu//a01NiQaV0RuV8Q5A2Ittk+nIVMgqSmUXD3Qc7JlreoQSX2zHdnWR1hmHv6uuGLmzYV38CHHGbWqp0JHA==
8XzCtN3yt8TfCcZwXVeX3ZwKJ1htLHhmlxkt9l3TfG8=,VxFL81yFTLXH3dhsuX5yVi9CWEJpFuePwvBi46aiqn0=,VGVCTnoIi/QDmLA1DfhYtvPLs1uFNKudKU14B308FO0=,OgYLLuqFa8fEZ7CmRVvJHVz9SgHi8BCI7A53NY5nAfJCIrh8dyDx0fGUgPR510AXIn4BR+lX8MtFFmTD/6aHig==
ABz9rXuoGg/twNj/EWr81Gkmu+ckKrDcdov8pCsFyY0=,hyScNAORiIRn+9/pYwzjjiZQSLSePQpXuq9GMfeGEIk=,afwS/tMn8av/M/8bwJjkd9WGaXvI7HZxzmhhaXApB0Q=,L9lReAlBG3203U6sVixEgopbBVidlTZnOXH4ladJVhAfJzb1LT68vDGoeAie4iULz1v4PaZNljplCs+FlAqrWw==
buleV1+0OxjHSv7YHsMWuVzF3glj3Yb4bzCgMkn0n2g=,INdtDrGb1UPGIE9p4yA7YuvtlObuJh5Ag602VZ103w0=,WnwSfHGcAXV8rFt37HqsNtM/4bAobwjiUWqWGFap98k=,0YQy+G14bQJbiT/vlY2bQ9AEgr7uT+u1qaAfS818Z7lBtmUaAn/zsOFhYOWWRPllPLREBobUVw6ZKK5pcFAtEQ==
h6hptZItoJhNXeKDLFAs+2BXTbb8GNWQ8NGZxbqkgdc=,Pl3kOMuVPbNgab7VA7kLYgniq1zCi5COmdiTRoCKYik=,/5ao1yXHOIPsxHIWAX7uABd/l5imymd5U39jmLf98Hw=,/MUxgwyOAxW35gWuKd6GeFHV8dzXJLtnOxA07N0Ku4g=
hACoTV+r2YmV8bbOTpVZFNmhQwZ9Cm8iALVVrUGGEcc=,3dvP4MgIMO+B1EBlZonUu4n8XqFu6UkabPpbw9ufF3E=,ghN/nKv4qj7eMccc+yTuOmG+4AeQtvh119zKJ3r/zAw=,7Rsmfzfk12guEwCMfYru3LQ4LXGsTVNhvXGGvMQ0yCI=
Ul0/1dRttnD8+VmtekCLpnsPEuzYwlWqBiFHQ0rzqjo=,YejxIEHEma9bk9owHMjWOJaTf/eE3EvQVAupom82ySg=,AH1r5zTJSNS2ckCZo+CsZf+ugtygbOJvbIbZat5uELY=,Kbls1Qs12wnf8tijBuMr1t4Vfg/7YAneT/ZHsuVMUQk=
yrTWJU2YV5RudT5IeBdcdVXi9PkzEZVnG0dzELmSY+U=,pheKjtbZc88FBxDE+slI983SInwZl3bbN5bLa9AKozI=,8j7PCz7Lpheom4gCw/8/ule++1ZprLh+kXjxoXvNLhU=,KW3J1sXsYkRgPqJyZuqSBcd+/HcSTYOLdYZ+LGGBGGg=
juuhXSId1xLJYAusCoQkXaJgSEAetpaptumMDd1SGfk=,o0DyTylJ9LeN4KfEDN1Rw8dGvhtuhQ+rPcvL2WZdxfg=,INkRyVvWOo+s2odWkXmf8UaV22Xc4ePklRQb8IKCcdM=,OuFGKwK23W2bgsj61wrZwrKNrNWmrIGKYRKWpKIHCX0=
gn7tA+O+qLH+lr1GhVOUbEQNqbEqkRocM/E++330KdU=,bk45k5qWfWhuuBhTZKSAEmquABPZoaNrhz1+8Ff2lrs=,4oPUFDJQm7xaFNBYEIiMQNdxKKr3Eh+rIMfipzVP4jU=,Mfa1cGvQEQGJs1CAlte2VezMISC+YrTZHvYoF1IHQdE=
xY73LAwg4FxlmLElCZzbVh+vbrv3qtoafYMOeEW8Qfk=,TuQRG8LnkBZWBeVPa7KDND0vxP7iaikKC/RFcZ9Wwcc=,g8FJNIaQofyINCUsyPBVlAtK/W+XPJRcm68aUHdyH20=,m7DjVHWYCnqjPG6BZ343Kk7XckaoAj9D+qjXj/PDMn0KqnNu23p6NTRfvbO1hWEx
MNB4Ph9wBeHwHqQhJa4to83NxV7yiAp73OLYxWe7sdw=,CFSH8jSXEYWTF9OyJsbI0Ic3xiRcAPAsD40yZfbg4JI=,hV8iOQH2/Ez/M4VnJPsP1AhqoRnJO6856gvEZrdeWCY=,iZBIvYFZlsCKuHaNtGnUA4+WasIRosrxQNp+GeiPoTc=
qrOaMX7er7RtWofPc/WnMWyzk2BqJYkTodLL/kxPFdk=,mFh8JmniN8hPgW3CXLwHuVsdaUA2fihApibXHOdEZgk=,xiU4AG/cgf0GKwFDIB+d7QJonU+F3f+JVyJB4ds6riI=,XTztgF6QeaI4CkhScT6yvXkRqV5MKm47jQle1ZhGH1C6yMgtgrUL5s9oHICaIlXo
StGwY/rk/Yp7bopi4hhKzJiZ8j4xiB6Xshv+fdfYc/A=,zuEPgCs3iQ1E4om+8vOz0xFzOUp5BHX4VnT49dWMQeo=,m2Mw37oaT06L44pNx2Ysj/8UwV8c79eTbOJfncbLPl0=,mOWZWAaC4w+6N+efktBL2nJI9qfTBWt6A3OSMqXZR5u8paau6H+yV9tBalP0lnP9
2la+oB3Y8zY21gz+07L9mrdYZD3Wi8iCLg1nAWDbqpc=,+DDG7Y5adrFF870gQUbTCy4p1R9kZAk4A30zA+H7Fso=,ucEMVbWJgye71fpoQ3y07gwlYAUg+NoiWPdxe9WMOy8=,MutO3jEN6bo/+QuVkut5dP9yCdf8glalrdKI/g6aoEI=
hDXrLBPHzoLz/sY+6yj2TeQNMZu/k/GIC+luFoERVl4=,N+tHkNcG1JbmCR7mGuKsqLzMVCTRwk0EpEjRTaWUbFk=,HsGbU2PAz7NjvWyB1mSf2KcqLAaMdU/KuzNFpiwHe9U=,Y7YVxWqyvPJCSsCp0jWV8X9Ajj4t6P/XFjAYQM9AuhI=
9SxGGurfOJwDQcwZCtg/2CGH7R9CwTXNRXzPhiHB4fg=,OqNR4eaTXW8A2nPMZSRrNUYQuhJYDk9Tp8CzclTFm8I=,ZhVQ+kpzL8+pxGclCj0YcKZuxeAGRYLZzGx9xajBhhs=,GoISqTtlwIfw2Lkm2WHAgCiEVkNv0bX6Tgd26IF1fkM=
YV7LmwN0ZXhqQu+EdZE4op4sa8QEKTeW8aSZQubQ+rs=,/qTNdn0VWWYzwpomUSAoIVIOMUaiyXtJUXP9kqyl5FE=,v1H1KLHVXs9a6xcMI1cKc5o026JhPHMGFsxKDaO/JUw=,+e4JXAN+CV0S0/YdbAvffEzmfr6dZ8Cy84q2sRjgAJk=
bt93t8380JQueSTcHa5+ZbgVNsnSL2lykwY47Aj/AAI=,izVtNUJ8iSWyXC1OpU2NwhvyTN4PB2wqNXTiiP71wCM=,8Mcly8wtmzD95YTJ8mTboOq+JMHxWRRHyTdoPx+CQ7s=,o15Ncoh64yKkcqCYEhAaREF3AAHfvUBxz54+iXZaHu0=
/VHrAdVNXluM3exUiVIWuZJngu9dCNoKW/5KtNgCiLA=,rqzU17hpUUMjrKXokBhdiWn+RpTZLLe+HmKpMuD653k=,j2DykSJTiDdRFtX0ldggBt970eN49RnuxlfPDn2cB00=,7yAVDY1KfBflAQoQzbjamlWTFk0F7OPxY6KAMDD2HcmiKQ0NCeSUR/z+t9QK8HqVzOm9x1frIj6JW/cspFErOA==
xVpIpcZ6OZB2broNc2Yv3xMOdNRfrVXO2A1q1Svy4+4=,TEIcNQoctzRVMy2A+VZ6CpSY9vr2GJKbqvk8X6jWzV8=,UfHfZ67uB1M2hyM+zVi1nUZBsbYqosc3RmYq8fJmcyg=,20rjRZ1ckQJYMe9iByLG4yr8oFudOF2wbCwtIMMv1DvCyOyKifRopSu3hPLP3xGjvm5T86g7tnLrzsMdx5ALIA==
fvPp/FB0DYFX4JME3Dio0VWjn86gOpyKBMgxCjEFuAM=,8y8XoMTWxOBlPBJSu1kThh2yvKjxVPj+dFhX/AbCfAg=,EjGDfk8udSET7fMlcfMjqHH8KkkO56CBRVxwSM6nqlc=,9IQuZgya4JFOFYzB70BMRpYflowkDaCTLmAO/c2TG+u/CeMEp1hHOVqAecrCR004U1TUyzKMyb5DPo3ebS6CwA==
07moj4XBd6CzDchIMOSt/vXzxVa/UXv80dAvpbgZaXg=,xlXId+rFh2axXxgFnfvTO0BcQ/FieesaGw6f8FggC+0=,NI6ezjDXoZ36a1amLMcKWV4yxsSsgTI5WZMjBx8AnKY=,rU5XcP4Ul21MuzYw/aXamFUGvuwLCxwmPRCbjBcWZrV/KwpJvNKJPmKq/ax7HpynJ+ifCn3/OdpQhh1yb2Slqw==
a+UdOxSls0EBPLEL1UWaCR1vypU0KMLsVHypwUqRXZ0=,px7zen9SnVQSIkfdH86mN4qL0undgmw68E5mEA7MvDk=,xHdr9/lLh+NqKmEwFrXt9cEVYfsJ6C7rkE0/M9LmynI=,f+Fyn45R/4brtgVT0IyNJgooYMUOf1lmJYupzsLncMQ=
fd/MtygbagpiGOTGZYzwumBr0gUWkuQ2SFbRlENYPBE=,aGbHlLTRUr9TGmkZiLjzKQvU5bznUmx8iGsgsbqLHhY=,ANQ8WJBrYjQj0olnvB99Zf2nDuuiRjjRvNCcXMkC4QE=,9z5ixRgcDjQhBZqYvLgStj+1cCwi4q0g1dUuwnJBb9I=
jCmN6UO4WYeGRgex5niafeyl8JCF4let7rJLIdj/evI=,fKLxS3gQ16T9j+D5rdXA00v85+2qSakSjS8SA3NCVhg=,AO+3MOKgWSiqDF3rt3G4iZslwfMFZezT0wvVul2CaGs=,bsQgha2yVKLKNIYlp1qKW1nZTuougxbSBsL0tW50it8=
QoAnUX3OAoLOO0AyzC04Xxi855/aXpf/iVNRxvWO+p8=,2Cx2OkFQj0mFkW+RA37CUARmRyJ2fHoq5VocVlszjZA=,bJ0lt7NKUEXF4Lhxye+CzBVo1OVVx+kNOYg94nQH3RU=,FuiR5Km3jTvS56uD1SsaO1hqjXURsJGMOlG7xr0YEI4=
oje77nKyCfWkOaKBTGRk6jGQlCKlE3cuWplUO4/6kUQ=,rU7cRGAK0vY8yln7WyQdbOoSWm45puAuxj71aS8NHZc=,d0Xvs5r5ExGqabCyz5mK6DZNNbXyEj+rsiy1ASzPWmk=,5SN8FaJBQXJvm2CWg+DkEQCX15Y4f30xEg/y1DM6LqY=
loKoMeinF/r0SjPNvrgzG4dYIioAKydjhpIic4RZw/w=,ft90bMsMfW+zhz0V94JD1W6DsH6GSoFXHsjpGqRacs4=,fxBVa9AwmVaQQRy/wRIBFVO9hBprNhvTIxdZDq+/Hg0=,aHGzTjWawM+CJUCZtXjCZbYjkDHLpLZG+G+HdN7XwT2P1dbv6/79xHyXEmLJC8sb
DrZ1YN+h7omxIt1Ptv0TIqv1lMXtbgfeNnuJf4rHp60=,C+yP7/hwWBEjNwE/FpnpKHEDtwN2cbSZLNYMZJuH9AY=,qqID/VWA6zOO/xSl08KbZWkgL4eK0cTQCUpjZrb0C5s=,h1NZWDwPNT4AWzj0+gaOKLzEuGtXHru66u5UdBMPR4s=
f16uQhTexcKPm6hIR5ldL1jziaFkPClKEPEtnA5DK4A=,bKb8XZxNGPVtsAFgyr9YdpnihDTB4T43wh76hVPqYs4=,i5CwX1c3lcONNhyiEfRObBW417jp7dFQiRp18wTqCvU=,rxhgpx91KljrVK1CK0ABcNb8YyP2jdprGgAQ5Fk42FRJs7qA3BDXlPnmvsx3DV8Skaxa83CdRhgXHkFkeq6xN9/v2itQvLPumdKTmDtGlqYmE/IKWN6HNv8oqR0qP8pbGkhSrwqpIkqrMbsrzhwDFg==
SPNlh09KKLiRYqr70WdJSxfFbw8jbWH+4OlyfOc7Vz0=,el0+gTOSd9nEuIipZHXC1a10jqVwlbIYpd1TDakcLRg=,3bBGjJRSFsYIKpCYzCN3fj6dz4Joum39Kjz6w1ZWxog=,z2O8kmEiZBebu4XrwIGUMG6Wf8nL2KL4d87JuKthk3TR81NL0jzAjCrLlzJaGpgB
jKFD6rXvPBGIN5jkghc0iambDuEynMCXCQy2scr5Ihk=,l2ER3HchYY+HZrKj9wIsY7z+tVJo3zIdQvsGE3ScfP4=,Ctn3ce5ifiNpXsrbVJKE+eifaxgsa7XMkqNjBbI5cJI=,sNEM5D9hUyp87Y1GDLulLqQ8Fy2BzzYN3NyImFyuBIbMAkJhDfb4r+SIAuE6TomYJEEoBgWdTcjoSTKYjfJ7HbYtLPby9JlDZz73dAh8MSajXTpN3G45cVC2FUV53bQv
xYOp3GEkwmKHB3/bVC8YSOYQabl7JUp4YYFBqkhhjh8=,bQg0gKAgJXhN3qVnbeOaG0+yPQmVgridpytvNwu9yHM=,dQGm1Yjmo8iQLiLSO7ampGxQU2zLqbAuCjn0NJms38Y=,a/YY6Gd8t477uWrvQdhrccrmaurXP9Z0XZAPpE05Yco=
uwB4YRWNHIQI+yQqJr4E2HtP4ki37G5hNBX1WccLBqc=,Og0r6WIqPn0ysUpoWNi6fQWWs7G+QVM1MBoJCFNxhYs=,YrBOL3RkjUfxcuXWY5bFE3+fhtzmIy2FFKGqCOIcAhk=,eZhH5w9jteKqleJcSvMmiP0cqu6x2cR5UkxcZclvS+o=
jOC65ameolIJ6aihLDprh5Fw2dzFsakXhq/vEsbvOWI=,2QPqVvJs7KQU6I71yLg8PhOV2Me+S2qWhN4VNbzhVk8=,VJmyA9Y95su6IKdVIscfXBPBMTw9ZDn33zs6zHAXc84=,mcGINMRk+4RpktECrsnYb1TlLV7W4gtySh0LfJV/Y5rt6pq3J7gbGd2HQFp84w0V
wNBR4EWrW6RSiCNMpZVXWXYyr1gmn4ULtm/i6irIzdY=,HkAeCUpkMFsopbDg6JVDcgt0y4uHS345OwsifKlK7UY=,doou4KZ0F2Z1wKXH3mIKYUmQnND+fnJRlkmyfYsCCPY=,IdNmbsmgYoSl7p7KwxvZQ1bAKniwD2DhTjTaPzK1KlCl2x8CMbCFfjh0crEbAk4K
+XCPb3LlMgQYVBQ7UX6vF0FaSFrxNyTjAgmppLv0Zqs=,/8z338eK2VMBVFEDXu34EsQRX23jxmjro0wWEDP6qfo=,R7i1MFMk/gYbqVvpLHlAAJYcJcZPoPJOxU8HFKidto8=,b54cn61moKqfRb94vYe1O+nmOxu3CHriljwkAjUcXJRTb1soy8o7OxeO3QZ3DwJEwntpXMoWBwoLrDOJQfV3I4E7t/1aX9pG6hvz81i37v/QZO0xY3n+IfO3StRtVdWh
CifvJoBke4Fru+PuvgXgTWQLfko2IxYdclYNvnK8zag=,0qnK1eoT+nLdJccj/ZVGE6F1JM1mJPFYmF23wKdksmU=,m8TKdil7zkoZRaXl8IRiXUT3XQqxJiuDU6+0oEtyN5w=,rRapDAHKAXFZU5WwkSIWMGOGgT1ZRgRb96DGyw9xUPeYnvzz4iO21bjqUGKJeiAb
AWFa6oKkNN1DHjEIuWafpVfA3rDPMx/Tw6nkwujtqkg=,i7xsMEG85lPl9pIsf/iyqAvpHxnpjAKwxAtbQNKR7ek=,99o4st/s7Kyd7wQBPPulGdG50DMQAOQpM208OtOi/WA=,Y+iKcvceQuDvwWva0itzSq+7paqQgU3wG/M99w3I/bM=
yEePQWxp0rgqVwedIZ+Yr0gQQ9Hfnuo+2eANxAm54es=,Rya9S90F1rQTrfbFj/0zCQ1xdXbx9FciwVm0YtFm928=,p1MWEdyx2yXfIbuarvMmXZGbzqUkt5FS241eut+EiYY=,vYjp4/fNjQDGp8DfBzAvEbq7z0m7EuuV9XhGyxkMW7E=
DS+T7uI+bon0crVhHoLopRyexWx9shjmwKstEcqBRZM=,Ehj51fqfGxAUnxJRzkfMtugD/QtermaTUOoQjwaZOe8=,+qhZquVamMFre23s/AN4SemQn0fRKdAPfK79Lj8cnAY=,jJklj+wqvRF1Gr1KEFBvnzWqu7xiLC5ljoLbS7U7x4BzeyflaHxYu9mSN1QENQVpwFxh2KOkUgkOQG3F+/H33J+frFqrVxzXtIm0qzkBK6wNpksRsZzfCz2X3tOmx75s
ICtoFZUKjkHYNtVWDLisQVZ6l+KvxMcxsRDqRdBb7nc=,Ho9T0EIoqugHb8Zq8iRWc5hHL4JsJ6ePDQu3yohGwlk=,UyDsqcg0jrT2Ryi8Q66NS+GnK9oHrN5esxaBXGnMcb0=,B9pZlCS6kf2lDz8lyZrFA3tvljpc3DpW9XBkvYUS4kZxISEELaoWeaAFkxxiWM3c
tj0bpDbZHhiNI0+MavoXSc575TMjW7ZpYR18xxh9rqU=,yOo10J98FMMp/z9Tjw4TREvlwytLJ7J60mlSFhB1LV4=,8ULulmRiekPzqLYEwRsPK4Qcgt+69xOxNQN4ilsKpn0=,SM5a0PvoyuNY7b/Dhnouo6jURpNq+MsuB2WJXxSuF148Cgf3bI4CqXjIp/ktStP3
tg+lCCxmLANOMMipUgvvVQF0KAsbg+L5JMjtmYxLpvM=,qRrzzEzyLiWFSYjcYPa03MQ5z1J8/tzkWtR5q7i0Ez8=,JxLRNzqnIItzoi+pzPaoRwv3UroiGexCX9dcZk2k8jw=,9FBH43B5uGoaufGcXRbozR7B6O3RZBAMki3xxgf7jDxdCWPf+M4Lt6024EySsGaG
aXGeqz7WDDsbfZl4wATHdHozvASOhu0M8ERHDgv6vPM=,Ru8/qzZHBXUGr0avrGnTRXCgbo1vNRP4DQpxhNSWw/o=,Gad+OUTNlqJPNFom78uLMOAXxqLLtb2o4w77RCE50Mw=,59xB5l+BpGz9HP99XJ6ubvChN9peuhbNgW2ZhamRP+lwuXyvgu8kFrS6/nh1szhK
0IXY0wY9DZDk9r1SogC2hv/78WJSDX+QclxS+Ld/Ksk=,zBhbMuZNgKqa8CnrjDuWpVJOhBA/dr4tqzdDqzZ1CcQ=,SQ9+/T/ZbVFCDyREtDzSa01hNvVzYnX3EHFzFavl2hA=,meBo+r3+5A/ZhIk1xGmnZ2/okJfQ6AtysUeeB7xpef4=
KOPChPqTWd+H+DxFqm4GF+o6kMM/Ycllr6xqVHfaYKo=,rfpFtc4cDgTxDZtZTu6pceiAOG9y569N8oqcGmh0al0=,zOxjINqi5ZkSkCgx/WxB6+/tFJXmZlu+5mwCWyp/SGg=,mgY0MHAwdNXpIAbMjNyl0fBTqIbx/kdcdQBFBrMpkrM=
IufCx6Nk7cl+0s8ujS6C+qbl5stpEDyOPo5pIp2OArU=,6Sf+N5+chZLBWpKkvAEacpTLHgl4FDCV0MXs4XvtLBU=,w31FRHKczvc75qlNylhvJ7/fSsBFDc+IiMW3nzAmsOU=,Leuf1VUPbMMo6Mdf6ROcm+zVWjuuPQBoo2x9gMAyB2oCj0Vd+fFMjWs4Dclyc7Zh876jIeyjmHssRaSxZHPwC6i7iEEHUVjMwPWYawcVAmqlh+Sof1CYEFdSOM/kYYUD
fPfa6rHflJyBcjSCiv0n/4Zv8WDiEDRGq6OEhqepArI=,gEh8IZVL/+KL/ILrZBsC4eC0ULtsy7AIv7ZWWLqayg0=,9KMMJl6lXGDa3ewd+SLgRLQ73h4NfQYf77oxFpkXgsY=,dD2yYygBrsTUy8x1MIiwD5+/OHYb76G0Oon7UFUK5KfWVP8CxCsXJSfMaSGpfCGU
970Y5agaWCpmYaEG/F27bIlN9aIS/jx6NoVbMEN7zG4=,B6ITOht0n8IEVslbGnRToWdB1Nmu5cpqhZnXd1xifeM=,5r7MWzOtsa9dm8XyKHj2TsvPf0K6toy96GhUFaGTE+s=,K+OXsdcMerG3C+b0NVZG0fPjHo7IGTzQajSZqHVC+ug=
q6br1Tn3tScSOB+TGxc7Ak4vZ1ty1tCrglL+3A6+wr0=,l9dlb/UiABuvioz/9qE9TcRCMBfNCrwC2e0RR1jgtVY=,RO+qwQOd5p1IyPoLAconPJj3ojkvB3v2ofwpnkNbTA0=,nUvMWYc4v4b/rMFaqHjLJEy3YVrRfygCVCVVzOTT3AE=
TK1+3kWtG64wA4A48LvwE6Mk8glZo8P/S5Us3HmoGl4=,5BnkLCtUtah1AhFD8HumVTWy9znHi/4/7TrEWfxugWs=,E9r5WEIfHhqkziT41nytdDTdXBIAf7gENFwbC7v5Ntk=,IxQ+SYJKtgRcTRcr/1lpZqVcwKKLOcmmb+QIUlsgZdSZWozgIaNQKOX5gjARDhav
D9Eg21FOHXzjfooew5xG6f3NvIU4STVOSoeeXveio1M=,8W9MAU1Vtbxh1emHfb0aKjPtfvtg0rKDQIwX2PQ0720=,KaPdN7EvyoYnHMCEB4UqBTxBRyEHeijUeS5KjSV3ASA=,UhEVK78a7gDa4oLdjuIlbVz0FLFEtMvmBEDDDXoCjQby75v0a8kt0fpXNx2a987h
MQqNWZI1BZgtbSlVcejNjOn66oMcaaEwAVzGlGk+6+M=,R+R6hK1p8ZJ61v8Vq0DUv+Aqd0Uc/7cYQURGIMJZ6PI=,8EcsjrFnTvNRlm+HlaiLGfjv3LMVniAY3K5AdXbC5wU=,i5vSJsP4IoYsPAl+TskILUjYdDOIuCy00TtGf2RCaIya5md9ZWKwbzcc9lnWa5IV
cUZrIHX9H+zYlhgcr7X6e7teu0GZ2c42i7Semm1sqfc=,G+fNoo2Q2yn6sqeLGQVI7AZFxDX191uzwdupl9nA2iU=,gPfwQ8IMd7YSAsDqhrQDhM56zSCwx29ZeX69DQQFu1w=,+sGZ5oFWvUYl1PznsLDVGrYmllHP0fWOmQGcNG52HMMqK7IrcYONhmYPDfO21fW+
nMzAPU8ThMqoDJuu9XMRtNl+h5CRxlHZCMHHIQddRYM=,swiyvK24KnpsuZlp65O+OASAqqgVxBDrNthCPlgITsY=,vfYIk7hgGw4JOoM2OINMNo5lR+YyA0ih/6hhponDnK0=,6qBiGiZov53GLU8X584KmeV0xLOS2uELjWYzz/PObDR0kGBjRw4Ix6rkHy+696md
nwyk0yQatxwuXl+oKHF5phN+bxpLwfvaezvFlEBg06s=,soWjwUBUQGPr6mfdPy8KavNMzMm8bqvwhmAQZagPVII=,2zyZLHfGk56UhJYHuHVnl8t1YJe5MpJ8z4eK8d6S1yM=,zLf0Ao2SHHq2Amj+25Hhic2b+Fw9bSnBNCCGjAGe5/dJ4rL72NqU/0RJ6ES+EyZVCKEJUnohfvmPg3Cj0wGOy35cvyny2EkbZDFs+0CQJ3oSwy77ccj1QBFh4u0/oPvh
E+68/M5KRKNNB4UuKKdfoC43Jms9auwkIPF/t1l49PY=,EJkMbtFMsAVWkxq8D2aHNgL9XIHYX3eaQyRZh8Wr/8k=,a/FkeLqZIHc0AWfxevfYIHvTmTaBpzIs/jJD0Op7IdE=,PBuDzRKG+dNTbZddpsBeszWii+Z/LwDPPugxfGZOWtfRgnM0UOyN/QRq766ygmOj
sQeRiwDtn/MctaYy66GrDpPKashKiy+fH6w2FVb5Ba0=,75vVJc2gkamWjHBI7Ivxd+HD9pE0kqMWZ9Za4YJcoBY=,B7c7GQ6EFfbdcVCCjxLD9A+YyHMddlcrTl+mxY5OHss=,+oHxfg5HqpFLBG+NU/udHzUEmw4LQb4w+/nmgqwNV38=
ykgDmn97N2ZrLDmMWQyC+VsG/NGO9NUdzuhY5D1X3gQ=,WgyZgr7Abe0RtG3PqysIuT7E4HY8t9Aq/T/6T62HwPE=,aXS8rWB9YF8Lh5gDFqqIAflSdXD4zTATFJY7ioOOyr4=,WCqWu+HxsJGrF+axTwaOUKyMjbD3CD+1userKIWgSds=
hsG7RQfJhbBSvK2kPs7ip/lqNKodFHb14Hh0dP9pthE=,j6z8yk5jP3cg3b2tJ8mzP6MmYD2+4lNIzFYjMi4pKzY=,Vc0tMTb/uE9HCGGo1JKY3RUVlxA7nxBC4ZrMj9YJRak=,CEi06RnfdXsfRWns9K3wI9V47ZPwTce8sCt2zTXHdTWfDZuduFLQ1Ggt8dYZHvPwyb/glMVnq4Y02gfAARHyDAAK071EEz909h4Rulg1WGPxhfLn15Xgemti5+KJerYp
8xdHJpPoVZ1WLu+oYNiw/PxqKRibiAnc0uL3hI4jL/U=,fu3cEwtQAuL9Xv6EOlzUNOBI8B3llI0fmw2AmniSlt0=,Z1yOMOVBodOhxDLT5YyuwXtV+cBjzckmYxiXicJibYc=,ac6rQMEGshXkwHByvVYu5bOGEzCC9nwSf6gqxAr78SdU0lGoHf9QypvJSuc90joC
jQpborNb19latRBtosn5KQXOLsGxmjUBggsOPNJBzmM=,oB5r3pcXwmhgey6s9s5xw5vYz6Q0FNSOo6l5fy6SrTs=,568DDXlM1WuW+/e1epWSrcb6XcakIHVivpIiDAxWrQA=,segru1m0esg+0bZDb4pcFBL9FA4hOJ/I9645FG3pGYA59wB61ZnZRA+4G1uybNEE
MxU3fYwHHJMcDqy7mt/x6XJD+KmEj8vKO82XOdQuJOE=,p0R3CHCCpjvpMJkjBOEpf1+5Nl6KIwZGYmaPMVLmA6E=,8bcav4HdZ2OSkZbeiD68RD0D2M2oyFb6jcDUKjOBTgQ=,p7OuLLqLVq6b/kDT3oZsVmmaEZhUdUw/2AT8DYbG6z1Q9K8yxGPj5zD8ouEw6FBm
T3VSrupZWx/dXPsBKUxoxEpGCKx1BdICjsvZRxYnk90=,iHuaw/97LHahNH7TNbySE2+GmSV8At2WFBuVsiyaxMU=,R9FHfC6845WhFLrppsaZykTWEQ8+snxoYwxlLzHKwXg=,qcZTbBg0AH5kVLB7uIwQKQOatzZ2qHH2VDR6CRjb4I2/Q4fKQvoL1zxxEYABQWXP
6l50XSDEAiH4sJgeLmlLbReDw1+mx55dLSrTc7IXwgE=,i92gNnDJAIGS+LRhLD8eDbRelaI6H+OEiOLDln862GA=,/2CbwGlw5ztpwJuOEX25z+peLdCDcJWMDlHpQUQAk50=,8K0DYXdw/CejP8vq4SUlbXeWA0Sdy1YTrt0haK9UJHYxU5j1uPbbryj8Jg+nUx7l
i/b5bg+VCeY+SKhDVbpyn8apRbuxayQWBLGt+Vt2chA=,c0nWDIjIGJdoUGSGDeJavp5ygJLsbhgGOowOmpwiV94=,kfqi0B4aH8JiA5lbgZky/+bHbh6+rgMJnaMxIlih6nM=,tRyLxaAjjq/S+w1PuOcJd2WJPuqI6Z5M5IVkOL3j1aWCL/Zai5aXK7Qp46TMOaEK
kwt5V834LN8XEfoHnTXuEgpvXXsyeS3I7r/2s/eP89I=,ROLyAdurjY0rPxBXyDo/iSTa2N4dqSKeg8MXFLo5y74=,lM992EHqXrH24zzx1BIz8WxlO1UEM9dzRdJs1o81Mxg=,c3fy9gMi43wozfaZzu2FwOkkYDnGGRpCAjFqk9kJ9lQZSsqvXXt7TWTpG77zx+78rK0Pv3K2Xe5KByGXXe+UkthcrTb0MTLW4PW8vzOcJy++EEt+q8l+w1wlnenjZzTK
3107F9qo8YV9br0365j9V7OUDoOAGOt14x/3ZbbpZCg=,alGBnfKD9jaOtxEnV3nXClK+lD2uNspa9QUPReejjDA=,PghlZUfa9GLBsYqZoZdXQ/T3v2hDQzZ/jTVQLKtn9QU=,wtN4XLH+04FESDAGrW06Jv6O6fpRNTbioNK9J7k5uoXF0sUzGiRwkyGfEMytse90
fBhueJMhvkyqQH6PMMZNHTwOa+kEoC5tLGl+vCLMJEs=,btViA/6zVWuhMZadBLNOgwUjDCisplu3JjHAqVZWOIU=,HRaNjIqP2K+mj0MV7yttqR5XC80jED/r2ewp41sWxqc=,BmbhDtvHa9tBFnbKR23ffhhEg1EQ9NDy2up3TJVYbIc=
XprYxhCtehH9TaJ1f6/E6Wk/L0DK7iG7vK9Y5mTKUGI=,bu8JPDMRFsEo7xD/H2b1GmDpcTmi5Sy4ardJwZw3IJM=,Xxtyxq+FTMWL9syL4sSY/8fMNUtjBHESGVYZD8XegVw=,SFa5+bOP4tbSEfystPH1mlY+oo0C9RrnmBRkoGcotfM=
Yxb1dQ9wpk/3jhO/pGs7nKzr3tnwijVNUn8kaJHox2Y=,MaIQeISskVdUeCl/kfI/wquLuMo6qRQaMcZf0M2M/n8=,FVpsa8GAThJDk6dCFQmaMn/gHXcUT2LZbHPiwkWGReU=,kdq4NYzKSx+jsZa40MXyRjVJ7ILVJT6CsdHMo4f4ddA=
sDd/uYGbXYk1Ej5sKPBwFynZxVTWobFCKDPFmQWx/QQ=,2GYhP8fPNBl5tEVScDTSEiv0HAawJ1hVSfFUGO3tKjc=,+DCyz73kE8aAslFEbQUXjxga6nNha/Ul6nx2E6M08Fo=,e9+5Acps/P1Wl57ocnhjXQcVZvC5ORgbNBs9JyS131s=
ag8Xn1lDjYb0kARZdPjPAqYbQaSXezQQNjhmn52FeGw=,7/u4VxMfWckYZvAtlyAt6Wo0MiqFJWVSMWupWv2HpWk=,9cwlk24YV4bIkXnMwNZ8bxYWLFl3Jf6aovgoMKeR4o0=,750OeVA/0L6O1KBizvThR/5fHqAp5y8pc9vWJdq6Npk5UbChSTtqnllPGA+yJWDW7a2h9NF+dZc28AkVx4yEYksJQJnAa2OitYDWWaTB+wl/3poqQL2BVMEq0+oPCg/n
ejG1egTH5HG9n51hJRTpWT1pYJ95YchTYPzRV+g6u00=,ImMGiM3WHrc7JrCFt+VIte2pMZx8jlmJcBgw7NwYVvU=,/0OeZvXoKFK1H3pvBzMC6KjwkCs+3KgXRQOyhziMc9E=,BBSaXEiZraDaTReyaSpWNux3KOBZsTil7xsUI2HdLjtnHtttG0Vlq1giAFXnzTjq
0qKusrylx5MK88gYwb0yON61JkMtVX4fASRRZ/yP41c=,9Yu+G70RcM6uwSXCibChBVpZaXFMRsfSGlanLEe/M2Q=,A+4iwbFqBy99jbfDbFpjvhGR+a9E8WL2RJfLSpp+FBw=,NkINGCBZzXdWwNRHMB10Zta+fBgEVYjbRlCgK7d1MTZKblYCO6d5vTZnXvJGZInf
DjgvD4nEAYNIqSqCnbUiSPIwqZTkiCoBs2htBMyfvTg=,SaaGLL4iGxStm77ZqDEn31HnoVBgZRFtfrJ7+8LQ5y0=,UT/v4cd3b+XbIxVweufvpdo7y23FEU4ScuOptSRmuhU=,Om4XSSmQz1D9xM/5J0z3mtZrX18loDJ2k9ojXWEBV0o+ynJMm1uysKZNT1p0dM/4
5IyQt6WENFiC4xyTjfi7UCb7F351uLflpdcgMWoCyX4=,TIK1cifBRXW6YTeMnwj3fdpgss2mzJBU9bQYMfCOLs0=,XgEm3fnrZX39qtMTU/acFqufaWMPiSKxoaw+vdzUdG0=,8U3KOMeeBJt2HCbxNVF3KcO95Bg00Ro9AZ0dEqHKXmg=
j2RhGwg9V/hFsGgvw2+dhkel228aFfW2VDz7gKjX3e4=,yBKN2ng5sEu53Y8XKYTg1BuM3ZX8A6GpbMR8FTVUUJI=,V0nK9nKn5OpoDTZWVCU4rZ7ZJ23eIss2smB+IyHIAu4=,L+3FaizkSDs6TDIe9PKE31+V6N5sGOCl05EuWhn9ipw=
6MY0S76cSkdXHHhzBvAdFjm8GPIOa1a587x6o1gazF8=,aw/EytKgWb2LksHVO8eZUysNfHZbX+UY/AZzgd7IAdo=,I9skv8aVgZcrsiSmEQy7/E//oyJfKmbZ1dQCvWH1hGw=,TTtSENi0LF9FZJahEHRikf3+g5PIc0XCI1yZK/TnoonMZkoWZCnuQT5OB7j6g9ju
PfvnAMttI8SLZbE5Cz18INiJ8i4MuRGFzYzERqUApQY=,tDOQBRW+LjF57Zxl8lOEjofFDvDsWpff9z827Th/GFg=,/qAQJFMmitKNAKIYBMj16AADL706H1iDFEMwvdNv48I=,B6tot2DWVmRzEEMnPBC93UByHRug0OWcqjHh8MISq0A=
Pr1fbGxIDWqcbOM66C9ki/qWiroiihRhw05Eo9HRBVI=,tCTiYA0Xzi0gbn6+BYWDBKpIFo2UN6VjXBPzG4Xadjo=,M3Y1RmuFwTU3+2Buwkm8FeGxAVIJqmLBxTmcZbyTGpw=,N/txT1+isLIyww1zlhGLnDEjbGlhSvXObuCOyMUggjU=
p7hyr9bGkjtHEDB9qZ7tZo//i4H/HVp1lNBsmhNF0w0=,eSCSSvRy3vuDoleaqPLwXH0jD5iJlzuu35BvtoOMwNg=,fLZzdVu9eoUFyNi8jqj1LFQyn2svSDaovzBrKUucjOY=,xAMIc660pYDdhYjvWlpYPftMkObOhtSj/eaSxH1k/vhdedxh3wbEXG+2Qs2B6VKlaDou6dJJmBZjR1doU7D7LMhr0BYwpgK8bjI6FNbS+il/lX+SouSiNestak/50Ylh
y1kJuXKO2HYO2tsZP/lu7ly8UmXChQ6THMzxQXDR8XQ=,mFKUfQ0HKO19qp9O1Bj3nM7yMEGi7GVf2CW5Gp9x/0o=,x2IhsbaVJ5+ICiyB/kBL8wpDNETyOGV7yURAsW1Livo=,xhi7lS6etB2yYsF/MEzSNAP930EWN1U88uOEKHgPI+8etFT2r/EkxRX1V0fC3YUu
aH0nQwZq6xlXx/9KDC8EAHBhc0fii0+wMJManvQjo+Y=,x8qyrzZQ/NSrENdjSGni2K4S6Q0NmJszIubMkpvfVNk=,ftssB013RMgsw5GtjACBXbuQSFU7PLCAjANcPyfoyTY=,M/Y2El+Lx4cirT100zrvdltIMDhKLPSKnDmgeOKGSYhE5N0ijT9Meof6fewvf/h/
qKUo1xmhJa/9UOCI87em7fYPelCyVlrIQINVI3tRst4=,DKeW8LB4aEPzZS9SidqHunwpR0MbHcrPnhsEogIe5jY=,DVYas0u69BIcdkUohAITwk7Q1+UOGD06yt659VmQ3MI=,9JKexeFk5QmBvYUuAz7OTZfCTnUMJ8J8aYOKcakXnLfP4CJx1isEHNDwlL29om2h
PyfaHpdrkI02NMQ2TeOCk2cjGZZrJTsI+QBfBRbuE54=,hWRI9KuUeo/yj0HXMZjVN/HVftSa6I4sAnXgAxsUrLo=,LDFrriwaq2Hm8TnZ68T3vBsRuTqxMQeubQWla1zYtZ4=,qBbOrfZkjbNv0+ffTGCfgcAY2qkJQdOANBe7qMvkim5g24lE/vle3WXMJh4od0kg
EXx7zXkC8Yxh3jTsdWufsRRzngMmh9i4z9F/BOKarwA=,GFnQe75z+EJHQ8UnhRj4/lhjWksg/BcVOxgXkqpiabs=,v0IerWSMgtQF20AD5dDOuCmlJIFtY94KaQE74AmM98o=,sC28qCkBwABkgDhGE+wSUQorA2Mfe89iHJtDQ+xMvWolTgaYsSf6ppGGVwDzgjLpTxFvBZZRgwqsit/9f3jQiw==
GzHzHSW1TZ3lNy6RvYT1Fn1eKLR3JZLE7wnRmlox1eA=,8bf95FVOxT9+Qhzd9n8feMZQUpr6BGABqAVkC9coTd8=,WZkqKtlxF6cVWrK7O1+cOSSXnXPDDcEGFFGlEid1pf0=,Q+mHA2DFztQA1evWQb2mDvDiFQ5WJOSEkMieDpZ9sUaxqvHyW6qYHz9Jki+uCjtU9InNLKKEbkHThyOSzsHokw==
qEppf1Eys6rLxbyJNWcHP/SW4wcJksDDEFyQOOgUqIc=,yRhiBHRtxJX8/r2LJFPpKyG2d4zIo93ZxA9jYWc78NY=,NZmXatsae4XGfi8gt6C2AO8p8hJ49cWEwI8M3532Hhw=,UQlO1peGVkBp5b2MyfonYFnnfnjXjzBXntuzxeQEsuUPr65CUb9B+TFO/Rf0IJiL
a9o5/tFpdQKUBXlGMHZv+YYUSI1znEymr4xGN/3Xckc=,wyRZm/MgEMaoNbg3kSal4iGL2YvJy39COtVZIuyiiMk=,AZFN/QUFSDsAfpxRscCRHwwkMNPm5bfHU70kC+Lzt1I=,9mmbaG2XvxXqy4uZAG5yhEqHN32ciMNsK8Y/HQsqxko=
ZNi0lEEFjvbxEb7RaVOviJeyqO8HAEyahBd72BhzMGk=,6rZfHKph56/BxPQVghKmUJG+4UE1K3ucuAqPrJDV6O4=,tS5IUA87arRTPXE/wm6oX1pcTvBHycfG2FbCiCgjmZQ=,yayv6Oc4Zo/X6XyVhfaGAfTNL1BhkumlyQzHByNiXCY=
4eIM/OsJRrsZxOpSCDCYP3nF3Wdccjim+nftVDtfX7U=,pgKBpGYa/kn+f6T0Mr+hw/AberJB1BU8XLkCQazKGeA=,/hTVi0b/zue4f1zZBZB2iFC+iSoFN+674Fne3plXpak=,G+CrietYlpthBJW0SRNdo7xS9IoY4Fq//S1l1Q29mDSXyvq/1in0K6JaZuCJaHa+8m/sYnbEbF1/WMlo8VQevVtX6ICVGs6GbFmIgDAyryRwIHGYtLHdUpdx5rhPlcul
H26SY5amOBX+YWGCmnCjK+JOBuk6d8OFc9+w/lvigq0=,PzkuRIq44/U22vX7N1B33b9GjEAy95MDit+pi+IHTUY=,yWYx/mmfyzlh6vkXbiJXkqqomJVEM9QAnRRuZpNV4pg=,C7mO5N2ihuHyLrpT0v1M0B5iUT61l863kUMSROiz/Pu0/eghordkgJkgvdqTUj3x
uKBrGtSiw/AWhtcseZPCzXqaULiV8wnB/6GeTZTOPaQ=,pBOGIs7qIsQy2Y7tyOxgOiHo7gj3lwYRGJJDS9+Rsq8=,nuzqqP6zKKG1i4j0fEZfICDDMP5rHUVHVB70lOkgnzk=,mOTgXwSYSWC3uR73xxG7fAr5WYk/CR6onG0MEG8egpAkb0sRFbDc4EBuGUwMqM65
4t/0LVWk8dxziWQUY5gLjeDfgq6a5+tGPDsmkqbDsHw=,figgq4Gv9l1OngwIEJjmwFOcWCz315l0AWYSYe5ABhU=,zPa5ZZASvPbTn/Jl4I1jWXWteVSJ0yruP2lEzvBUqy8=,b1J/jp8EXc0pg6wsADFTZigjQfv75iRN2izxpkI2+Ifd8VCl2qT4loNr79TXYcsl
MnDx/gBO/801HMNrGlk/VtkmjCTOlXw77bS7fevgRbg=,nnV+tjTBF0744MQHW2QyLrv5TqWUxKWC3cfSHR8SgZI=,oNf71A+BMt7eNRbrXTyIWMMXpf7bTcCV91vvH5Ws6tI=,Di5A452cBdjKCM6//9MZGy5CW3kLE2YdWVedblTkjNc=
CIDrK6bcFD4Swv7GCLzOgOW0wfu8vTJVJA2IWWbqsjw=,V7mAQcEgakBuZfQTt5c5WvZBIPAZmDFwuOR4PvQ5yxM=,js8rVfZfN20DQde3/6Tt414FZa+RY+lcCk4Mq0Saoy0=,6S/ixV3Wsz3O6/7bdavWzpbtMrMwY0vWiAv0wTp5D10=
kVaOcWfcIzGwJvq+d4qYkez1QN6txjz5+c81n0C9LaY=,Xk3rGnOGvJkjhR+FwL6Ex33u8gT22XhzaiEFwUETc7E=,Kgsx4QU7rbD1B6Vz5yTX+9oazXjMea12K+cAmhEB+bU=,NGRCphVWGj8/W2lhbHsheO3yP+vlPcw3qg7rG9mI7KY=
kUrQygRmVlA5NFsc8c4dePyRSkz5LFbyB0HmeBX3TUA=,/Af46IdQBqyrbam/JwweK+JG5FFiNAJwP6yV0kwDRrs=,0wa+gnTn0X34ggJYoQFaqKSFHN+Hsbblv13ABgjvUfI=,l6VrEZSPFWHTqhSNYYVlV3V3bXNyOZj0WuiQ0IITSwU=
EfokkmPjrRJVwLP7XSpdDKkOgVXU3eo9fy8WevT20BU=,A3JMDcsAWpqbKqS8NHsN6DC5mn7JhnIsFr+mAdWGBbg=,9HbK945NLUEKv+TjOAbsTLzByqOkFAoN7/omQD6ZNW8=,5tU/cj8m41s54ehP8YHI9SfdInmuHVxlEywCSeEmdU8=
t4ZQrB706VyEkS/AtybjtAabSCOM+i0WPuUJrH4KDgY=,T/UVY42a+X+XPwq5qKlZqPkToAn9CA2uuaqcgvZQQKg=,xXhh2gumPRGDfvMxAy658m5ZAQ69nOFX2lU2uNb5D6c=,20jCkEid6Wp17D7GaeakqNtadrYdlqu105htG7MHhm8=
thapxzGRauALZt30/HxmN2s/QQDat8n97KyIX8gonmU=,sNzEy8RGXuCHeSQLNQyfN64DQSQ5/raZ9Er1pw/6dtI=,BCIxJm+ILoEs0DpUnkDCr8tkd0fz196p5zp1l5E85ls=,XhmBj/TfxDGiuh1427h3FWOHiFNMWPbxa2IU79N/LVQWBWLiIgl70w9t/c3hHypzOJu5DP04iKr3GpaMujiR0x75nX+FmSr46T+zdU6R+SB/0PmVMTo5Ck1GmcficEAC
XuWDeOUY82IDvvabaCNmyWG8pLZxsJ+9D9UiVJuj+RM=,JI3S6AiOmXf3oySf5SjmLhRPHqNXX58MjisOMrteqHk=,UntXEwwU7nD9CVAqL3WG7kGYVOEc0aRo7RS41ltKm+s=,ITM+eqLiY4w02DKm4Oev90GXdxYRT+MuDF1BkHyrNQnSlLbVHRgr2/RFLtq0q+Lk
8cfMdgOryHgScPUthDcmucMqomJWv8a/x4qTasCj63U=,fDYGCHD6g+9rCsn4vmDWMzcOcya3sQ/ccTCzPmkRLB8=,rwC3m39ElGLiI4s0dpS1MBv5eXRj6vDNbdsrvonCxdw=,AlRO6fR7xugc1ZPpb1ohkUuaar/nQr7E+u7zJOPh6vdwnVa8dXVgEH7NXuW5HNzb
FFHNlFWpibAIWO82KLWcq+QozcebEqZkWMv4kf3timk=,KpE9LrghSlqZYRSUWTKaiHHNGekAdJorjhF6ENOLW8w=,NK6F0a10JAQHTukGSGqAWoSYEowvHF7W2MqHhid8gTQ=,dRxeMAGtSCKQ768tfokdm0sBfb5j/Op00xYYEifrAOuH2njV1ig3C5PoPJRnaSu6GS4fDjE0LK4K9ziSA0JfSS3ufy8GJG9mjksTD4L2uXqdbowPE5l49uX9uvRmbpES
B8Sh1vd4Qp2G2dtwHxORl4xWbmFXYEbzY/IWSNjoITs=,4mhO0Qf4Mk9fat2AYQyt2OR3z8fs5+DUqGhOSnNT9Ws=,GAV13sxb9tOi2ipIqAR5eYxjOqkn81v+tT7rNwehmwg=,4QGnq40eo2aURWxsn8MRL+4AUdHeaoxgYNSpsLwTqAkGIzH3Jl/4TonLrRIUNA/gMiHyZw/bVpCNov0eW6aDFQ==
sCpTunGskaUr4cM3xw/1HXJdgtR4JMlswbHSOhkcSfs=,4W/oDaUUVmzh/rhHsur+HoaY42IpS6lIzrX1WV3FFZE=,hBRbdRbGH0uw/+B4A4dSh/DtOJGdS3o3ujmwQEF9ahI=,Ad/PfqfyOjWwxKdOcP2qQe0QjqX+sl6NyDukObVcWBQ=
qecqX+WYy96ORYyHaTrKN8KLdli3J2865P3Q9cDna0U=,dcyB9TrmxF0q4dZsLBNI+snfo4axNB4fbD+eN4bUW8I=,OOHIUKe4ieLpUMXmisiZH5v429hOLhVmDHPBkqp7vRM=,UNMuKD/DUKqva3WEGjxWxGe8HMCqKhkxMCdtHWZiU4Q=
YTwFpTDprGYyYgQywlzjpW1dOVaXVyZn7mlGxgTuJ64=,kI7w9SpGDCid1uzHbxFeWRwzGLc2eTAlCeaamCFKXHE=,x+4jU1MdgVVRgGdUO6MnYVIqJGMPo+LNUyu6yH2gNNs=,Ki+aWDkxcrd0H2By5NibQfbxGRh276YcPcYsieH8DqOefwx+ciRNVI2ZuUn5L0aJb8CmEcraBxur3jUR3+6uoRHTkZGDESq68q2G6/1eeZziJHTdeayqM+2e/ji+nwmd
mf1q3tyFp1lSt5YxNpnXRH3j1XTdda+c/e/pI6cKk1w=,wT1SyMBxMppDj1olMBZ8kVlPcJNet8HopRdDVAxMHaU=,LCFKrfXOY9pLEvwoUuqWGBU2nfADkhapwkqfGka2JFQ=,tbVK8tVxR+M4rlffJXIFVZmMoijO/dwvkCASoXY85QmgGJ8OPvemiUeNVaWCzbQz
ETS1ar5q+On+tvgUUtxb9Xg8D6v+jR4ZUtecNDKle1o=,Wv0vcnTL9HcFxKom6pUFG3UNQEd8A5SLyahtZnaKN8Q=,nBUYZq8xcQODS3KmRzdeajbE1q5Qsstc5ke40qg/47E=,adnrtg8nR5jAdZPlUO05YIQ2Wuc3AKS+0ws9spz6LrlL9tAH6dPVCUQIG9dtyfUa
uO9Yk+szh09+p8pqP2twsB9IpF7uIyPPvsPzRHiCRR0=,sQfJJOuaP+5jKS/UTifpqxGbXbUJt2ejuuvQhg6w2rs=,eGMHNrsSjVXH2yV5GDzgmG1fPPRIK3C/UWowiLwj05o=,imEtCFVZ8Zb/DCOjH8H/iST/uqb/58FJTAObfjErNyDKgPgaJEHqw6aSZ7tAW5sP2VGuAFWeu51XobOMnsNusw==
boErjlkPjin3qGOPe1ZMWc3uZfAZBqWubKIMf+OzjZo=,Rr0e1a62QXf62Px2cprn/SC4gZD2PswepxYDWXZh010=,ez9f8/jZ9UixYLcpxrPtlod3+QjLS3qRu8KzRrfwBhE=,j3RCxqMiTNXFlPVp0c9XtEymLGPQK+XzZ1RqJWUF0svuAIfq1ZUmRMKnfod0j8gz
cvgBH0rQm83uek6XE5l6X6fzvBtkJvnDlnGyoQq8YWE=,GYuHROJULUFsp1ex+rF7BpySun+1ky+5hlIxpetM0gw=,2ZvenbEcs3klufOoN4kf6P/MMuyQIF+b4FfhmFxe+G8=,DJmhSbu2kZag0fON/zzozVC9NmdMAqC5l9HODOe8ArWAzpw74Fv8esfIxWwLjz3SgNyVwtwmMMZCCmA9OUP26A==
E9GReK6fFdWWN7bPucvGTaBvZsZ7F3tDdR1Kqx56b+Q=,PjmktjrH0+pyfTp41muWHmFbW1KqIRq7G+/OFsfAvhQ=,CxduOqVajCOh8w4nmU4Zoc57dKcIKAHhaA/oMnmcnPA=,4KkOJfFP02x+lk93SZ0SUEYQ+yQdwUwq090xm4VEIvcT7q3QBbTcXFe9/6myQENf
X+GcHusH86GcPA5YrrEz1qbkxqEh1pqp9H4MOrhQwFE=,ACPH43o1IqHJlt3s8Qd6bUFgk+tcIes3TLsJrqNkauA=,qZYbrnUBANCxxQcFT9sizuVOm7oqZ2JZ7L6CLQXTCpg=,9CCdKX/Q2chAh5tRxeSEDpdCt9Jrs5dF9QH1FqRp4Zu0Crq6DofG/poCXboWrd2a9cfTST5MCPKUQ0QCi/PFjg==
QteF9q9tMU4rqOlbqndrMNySsfL1AUQwdXkjR7HxBeA=,l9QMwt5/ZfDffOZ2B71A91plXRxgJttYf10c2uIGJ0A=,6fzNWd948qY649TNz9iRrCChJd1oAgX1U9rzqQ4FLsM=,osr7ay7ceEK/3rT+fD95o5vV2CPvw1mamWtqECNIIs8zw8/eBZ8go0eaijB09BOh
DwLr9B5ixCpNav0SVxtfTHO4gTkivtcMoeHv058r1E0=,Df80ycesuYmDSh9JVexL6Vyc1E08oV8cJIx6i5Sm9JE=,AgRSFm3yhFNPSFd2kHcYJ1wPt2omFtBFEoEHLuXofDE=,AiSC10Eqm/mKHlNb36GfnIrg2clTNRns+ErrjvzN7rvuhi4iHU+1A5kl2NATKEv/KG/WC0AvYxeafTYKobeMNw==
/EvM++ZB7SbzuI0yEiZDUVmxPxMln+GhdMqbxYLnZfc=,k5xYj2UVSBk8tO29Oxw5EkcSUw2io6A7PrAmG4b5NbA=,Lu651m28KHJrUlv9wIEVyipgWZv5jTomSpo+xakMyKk=,vxrs2ypp8ywCPdJZLofSeVsV+YqWEDqJrS9tb10CsZfwgUKE0VCRiGsjJmXTjJSluimJjcn7wyMXA0ckgDI1cg==
zf/ui6vRvbFMgbsrrhIcqSNEQB/f64nxmn5LfWopD3o=,O8Ic6IYRzOSzXIs+4iPqHGfXcgB6QK9URNnpmY/3ZV8=,s7hYSmSWGFBI/XkOdsdcqkiDp06fog/2g04SWTFEhAY=,Tr1HbCuyuwt3UcDjrQbYMlWU6m2EZODzYnTzmeTrouExXDseWREp+FviC0l6kMhOZIUapSVePjUnh/qAWXX+yQ==
5mcpg+PkshoBpvCYF1LYjSWc4qotVzkdpiGkNac9QpM=,f9eNSUcMHWZHW9jSX06ZcSwzs2oUHIcPhCvQgXv30aM=,sVvibHN+B5cch3pArcRXsIFeMVUgugW+GfUf0LMMHXY=,9q35NsSGTI2Pp7Zzo8bR4QzBOfL1xzJGFww98wjXDsMwUHL/nLbxBsD0yeigskDe
eYmlj2J4Sf6Xll0fYWaCq7piPxMuly0iHw2Zmg8ZB8E=,eOv00NnODnGbtd998OFdTW4JkHA/Xa0HhYzZtUHR9Gw=,O4C0kwwG6KreZWgmmfLqN/UhsZFTF8dyVidlefJwprw=,twQbooM/k/kP5bEDZe9khQa47o6IKpSj1FGZu+wkrVc2ks+Vg+F/MYQphX0F/J7rAbAS2SYUz3XucIx7WE2AP5aWOFamE9tJyfyQr/jse7l+fBwfzpT8LrKdhLnXqANl
7a9gV0H20tH6psLAC/lWqUOJwJnUvd47o6xZoZX2Vxs=,8LuVlvCWqZIcXnt5QWaBBoHoF5x1ynW+Wv705+4o/7Q=,vSlDpRyEGCCSHBQwyDDEGmNeot3MQl7povvzUw+59js=,TiM2s3sunoCgcspzAnHpPyie5jTCYO+uAKVz16et5Iihh5NJz8OvI7eo6I3NFvXaQ0FQ1vOaqSstmHPZpaviHg==
a/vpFSFnnZZAEKZ+s5oRFRwjmwvFH9zCO0domWe3Vn4=,qrfA7y6kZgR7jIr/PFoh7PU1d+GlAXx2yaJFzAxXxls=,ERcIWGzSAOBLyWMyegoIf5n9vbDkSfxiTBuHZeJPZvI=,Sz0lu7UU6H2w6mINqSU0yJqVopCYASVwttRO9lSvtIDv953qqarAryvama+w7AeM
YM5cLKAwD+SIMHr7qq9t46pDM/88TTeKF/1tlI41560=,26Fwlwvv4NtlHdOB+WfT44tFmCjPm5RHJt7WZwhGDCI=,vzNPdZcZw8NGsvK/OyESPcrdIyJwceEweiQXhnKvKFg=,74eHLZrG7QB3lWuT8A0/YhKY+VGtgqlLu9N1DrO5aPM=
wyU+nXKt17rAqRbHvNj1DVWfdtw/8dz5f6e8eSNG+P8=,GzCPDVOt+GUc1nCvuVbYKIb0y1EWFbqVzetW4lArRA4=,sc1A/e4V/RV4XdeFTcE4k4XMFp2WoOc1riXXVJKGNrI=,GxKNFbn9AhbMbsYl20v21o8gTIeJuslH7p2Vy2L2HMw=
V1wK+G13nSCC/VdNokKrBry2nVACx5r6FiZyUskXgPU=,H+R0YifKlPF1tg4HEhrGDCP7K9e8xdJRAADnqXsLcas=,LZraKFkzVoLJ5Q3sTuDYhfrTMDEMri+Nw6BnR5Adu+w=,LgUCcfk3fKujngKxuzv9sh05fmU3owMRXHpLU2PzS5+N9LL0pHIMmfzJWpvS/RWq0GBE1rE++/GeSYoiD1am61HTqfHtZ7xHCdEu/pmDTdUOEZZdVWZREZKEBqM/U7qn
WDuhtRPVAHwxLnSHPazc6UjaQnt6fMBD8gxM+LpJ2UM=,JUx1RRANG1g9jaGFTbj/DZkL4k5/7y1Ng6iLM8bQlbs=,xqBtiIB12OWowfbWcG4nt9RbrVmArOZzV621uX/aiMg=,3MP6fEeS2jQWodYTOZag7VcKvQeAMflynvtWwHKwsXkp7nXKbhT9el8F98BvcmQ7
FNVfOCZJ29/wnKjhdsxh1tSlJEecYVbLymFrhVHIBdI=,ajH1WYBwE4e3Jv6FvgK0KG3RPCkVgJo6abn8HbrNrNc=,yQM2XBVplyMWkBXMis5w8tf9CBZmQAlELx1f6qeLUeo=,W3WVKO1r+IJ5xgJ3Fa9qpktZLMHICloep52cli3cBM3k2Es6hKf+vNzisCVhX7LeoV2ESiQO2fEAnbS06LD0ow==
poERS5DbGezYU7Fd6Nf3eaQMkoLzmSN51q+W4+QOVus=,19JGusD7vJf63UbtUayYsm5T44DOTjhFn290vtm/R8k=,o6XvstKBIu6lVSzfZ03mh43621mOQ8tMsjRprpuLgyA=,f7SkxsqNdRF9FAouYpia7CQ6V260/QT7xMbVBD7aa3MJPlwolqAMb1MCM/bvYesRm5g3/xYWiMTGuX8WxS3hxQ==
Huo1RACcs4JHu5SOY48SAx2RWuXQSA29KVXMeUk/eXQ=,DsNiMKjPo/MnXEv4br5Ipi3ZCSeMz0gXXYQdTohilLk=,qEtxm6pv3aWaeufO/K1boH+eUv/wjCmhPhSO55aTfWg=,nlETBNw1E84k7jny/RiGpJtszgRlBJSmSiooiavTKd1Ytl6UrLf1mTW6pTl7eIsg
9m0PS1WSwlDTOz0il4YIu+r9pMBSG1rN42AfQgYeMSY=,uYDEKxOzbNMxbAU0vQH+Eawhw6F1cDp5iGOn+8t1QE4=,QKttVcQFXQTkvipHxJNQPW8zpe+hOdhIzweYNxKYpmY=,0uNc1z9UrPR8RVZiC72fzIBkdEbBaSk3YJEapNfBlAZ96tPFwsQfCThfrJDcsJfUsM2iNASqtI5jpYVpzVb13Q==
QbRcfqnt/tYZNVF25MumnVLsAiK3r54qBKDPlWy329E=,atvsf1Mu1XwQunlOjneqGP4mVw1rvnwoJtdjSxvnFu0=,s+HrCvRUQDTDBHJRyTb2OBWNrT65Q1SGOw4ClvOBEg8=,IR4fcwjOtiF+ZDdCf/dL+EIxAPv+beYhs0M1eBs3TUqpxmJ7IWd6p/ufnYdSooUxH9modRf5+sNHltRjgFBNSQ==
vtZWEgEokTNFUw0NKrAmWzk5yCPIU7C1MsaSh+xopNY=,GfydoJG3qHza/sUjq9JgEH01HPa2JsV2wzHnDJQ1D9g=,6z8Hl+sk9xba18YaRhtvcteiT9ohaQ1NEg3K5AXi9Sg=,8GX7DcE4WD+dofODuZkoSV+RhfWtU1mjtgsh00KJyBcMdbgFe9YImtqUpahXs2lBL6mqMC2DZBmOVo4ZmlFpqA==
vitLmYiKT2xuszht+BCJFatCC/nTwYiUX+E7fD7JbIY=,HXH76n1x2UaKc/2FCCJ0G2KvqZGa2IYYwPO+KZ6ryaE=,lmOxtEz6XdRYJwXfemHVeqqgw4j0dq7u4ZUKNOodVZs=,+husDrec4vhxlQukGxWws4cxThKayy+uOq5oFhTfv6GPjQW9sZMxmrbhik4xVW1k
JmuLuOvbuShz52ZCEOMhORck63a3Tr3NYJfASTCEiqY=,RALo5yYaOhpfI1WtQWrkZb8kp6KSQudX39cWxwosPpQ=,ZPQEwh2Nm1ly5KDIJS7sXKBRmkxBOjoOdJYreko4Vgc=,0IqOn+f5Bwv0RpRXwLeHc//+OcT8zG9UJxIgftRfvMak2mXyKDOZfF/RpwXQq93CWgc+prLRW6RdwiQnvyAG0A==
AoHh6FwTHBeRCCn8KDKjCxweVL3tc4s5+xm2xXjiTno=,m2YxlvHUv05ogoUF6ons/BvW3OW0JgKTWn+j/oinlN8=,9s1gupYeC216Rbcud0YDWi6Y7u7SjS8LLmCfaIntW5g=,TcAPdbMWW3wiRCUwopi8xvra5yubTtLqVhImm3fCgcCPwU5TE+GDH3N0EXFvnzkL
AZf53f0imFHGS+Wb754N1/est+GoqcbUDB52UzZyOD8=,xkkXVJNJgMDsg33Rt0JrRFoxPtAe1BmpXeBlNCRDtwI=,DNP5vU55ScwqEtHdgLwLN8olaaXXgLEjuRRtCTPQeD8=,vntClvP3Yj2OrWSpbS6rxUl0TUZzhtWZmItynaP8/9CQ3pHap2x8Cu+kxrdFoK+6
7PQgr6bCNIoMTOMHEMWCzq2qm6J8nq/kDNdtfMzidX8=,FuOCpigH8ZXU1L5yz+gavIi+a8ityM9yDYLqqvTfO3A=,OYTjnF6YfKJfy0lCR++n0wHzgcPkwhJ2ag7Z8/LtUYc=,8JN6pATUtUQqIV0nAyl84TBe8x/6NtaNLdtwOmuhMFddt8Ed2jX/vmLgAY2v+26LNUOoapyCsMGGY4sF6kRoCA==
dYGWDqC8wStykLuhkd+29FxmbHmWpdJErCT+NEnMBAg=,98rdGeSaHdSw8yYCPyu91NUkIOxWT6z2GKY0e8CrEHk=,Te4Q9pWMU8/Rvd0tbr+5CFTHmTpNt+rMm83FoX0XMNQ=,WyuHeH8c6bMszzMCgNIKohTusediAu4jMVoS5vLdUxeSIqJZK1IQT9A169V94lqJ
J7a21CdYD7ZJrQRIFKIAvMivHsOVEPa/B2jX3jf9Kko=,3mGp+4KYSpBlgA/nVnBaPGzoPW0cLPdhcyH1y4p0apA=,p1jcke4DpzW15LI2RNYse0+pTr/D545NtFxi9JrEMGQ=,6PgEGoWTkqEGLhfL01N/d+HE3qAkUHr0ytvYT00StXruvMKTmoHDpnLYrz82wOYRO1fT8TgMcOkmpcKlu/72Bw==
bWRxa5Shh7Od4XV41wkCoI4n0ucQWq0n8ph9J2icsMA=,VjimHiV1DMmGLnZbKwLx2LG4s8noLrEF5WIgvcbUKAo=,ks0qpeq5nva057+fm47XUuykD2YnVJMyvfdU+ja/JXo=,Wb9SQ3i6Qsp8sv8HGY/jwIiu6LQc0FeIUCAeiz4lqlXfVbN/EW4vkNyePLs+wtMO
mDALv6RDOxOjrtctduwfRdaJtBgAM5BSY08VByVpi6o=,Tbv9Rg9ddRyMgu5OnaH6CPH1tKtifhbouedaC4M0xCQ=,4DzaV/TK8wmcLHhEOLg42CqpWfHFpeC0fBwZbRqUK3g=,ENTULU4KgLYY6g5Jq2RjJVWoZa2Doq5kDDeQJHdiqZ95BkHTf90PvTB/EeOJOkrFhIFKXDHUqWYxOEta5gDQqw==
ShCCLcP/QUTrbC0KQbbN0Zs+kiaNDYxmEs27r54aEso=,7eRX2k5FT/45oEBuHutqE3NA20VSoxWERGvbX4ViGXo=,midk8pM71s0EcViGKcam0cAV39bZhpYadJKhYEosRUo=,rdpME/hkV8DOo+h8rJr+aVb4id6dLe97+2mSxIMm9E8+Kl5LWPnrmnEHOtuxP5rL
jqM7euRbUNY92+eNCxA8LjLexL9knYbIokH9GI6mIzA=,S6mVCnT43gQ9IZk1K7QNF/2Cyl2RU3h/56oO7NgtqRE=,10zsnMxNCXsfZMHNmFDhRHcgrEMOAwpDjrrzP7klUFs=,y6dQuT4+350jriu5OeSDRd/8sySkWjxx/CVGC0EzoeUpqBEOGywnwHf+5Lswchy/blO19xYDxM9xeyfIzGLeyQ==
o43lnhSgrMxlYnW4Fry5KbpeEC+wWWxGqDYVLua484A=,eUJEjZkMNSyklU7eCEm4fbTIc/8SbY3SzH+iIWxi4No=,AHB/fXgAfbAHmRcTmo0pbtj3Rj51/lc4H0QClixWARA=,l3mqIWxL5VZTtZiBQthoWQe597alWM9z0+naftSTNUEiJvFLl2IsACxfaoUjGM7r
GYfvDChmqiNFLb+pYWaNjJ4RrCH8o94l1rxoH66WwE0=,/A/vTM7/9zsXP2B3PB4t9J1gYV4/ZgKvX5ogp0VLzRM=,/sqzIW9t2KF1vby5cSZOnYIDUyup5lNEetLdFL7nCm0=,TQchn1xKB5gh/n2052D67ZRte1m0ly0ndp5BCowFu7r/fOauqQge7IVxEdfrt9Q4
AP0pcWGojBCiVwGSZ/tKfWqImP0AYZvKWNNn6ptB+lc=,EcEdVv7j+cTDh/R1VTgtEbE03vcUW1dC5GWA2tijiPA=,XpnA5mgZfuxLEhuEMabYoZoP6ZwRY0s1hu+CFJ+bbMk=,65i+IBU+aEPN/FcEG4W0G0+XH/YRbxBP1JvNZXIPZbmGz1lmOSZjslUfkCt00G5gtiTsQj7fq8C2AlP31tppYg==
wMAIIjfsYcg6AChItzm1JnTBQHbqrvqs9vdocuk8ECY=,KZBODqw6hcurKxOdkYD4R6Wi///8wjcEvuFK3utvYIk=,ak71hFXqSiNae7ih2HC9CurSsZAMFdYmOkSCKj1dYwY=,53PIpP/I3bWMnFRsFo8etFjVjfzUhPm8Rhc54gYZChNk7Pz26nKTbTX6MOa2f/Ek
XSU6+RRD8RHk8k5aP29gbdjFrg7RFAidzH5QWlgzM6w=,W/wKeT/1zrpsaCkkazK2e5spskZOSoqchZGOeilSPT0=,Kldn0NZUw2irB4whjSFy7ttN5wLF5MMJ51hjdC/IWUI=,lhuVnb29ZztTp3spHyoWCLRQczbaLFmLBws5oHKvQP8vGnrAN0Y9xpGULBEm4QKU
kt4Nhml4uLL8l+FF4PmcAYRXJatySsM9egXQfwLRoY4=,DBcWVOi89d8TnSos1pJclWygsE3BH5NCY3EKOu0Z9S8=,UiFlMI4Abrh6Rn17ZJaGX0E5rNcVeLK+XRIsHqtIG78=,CDomOjSk5WuILsNc0Uc1Wi+anSisAX8AAvk7iI0JWdm6odVsP11cqanf9sfBRTYXolFMApRgd9QOXFt6WnUsQw==
r6kaFNLT2O7bDAyY2D7RlB+ZBbT/Ajv9D7i4M8sck5A=,Uj3pznXAML3Z9i0YOC3L5ijliSXjNRXi8Wk89/1aRDE=,Po9IWA6wfvxzvONhU+vOBR3XyJECb588w2iExVEpPEs=,tEr3FxSuIyVwICLBHjyo4Ngxd722Q/2NLAPt4PZApItn/KyjOq2efHo+5tJcQieL
5gg+2jv8h56ipSknyGIXt2K9evl8swbdz60vc6ku1Os=,f1yr8y13aYK5aVWX9lIu8x+fmvjE13SpawWkfua/c2g=,E0BC3rOSxqJXHnzn7VxLkYQVsqghw6n1o4e/Yi0LPS0=,1dfwMmT0QT3NKomvVLqMUhbg/wEzmfeVX/O0zxX/y8LdtXFxnOWSGDJcELHsaPQBWN/WA7GTXHlwrVzjz9rsNw==
DF25uEtA7DBUbL28aJxDQyUUFGvR3KZFw4Resoc92NY=,SOJ+NddUdvsEIn5jcizy8YMz3JnnnHHoJ8awMZvFjiE=,m4qPpKj4kZizDuNOQM0u3JByzBq+gZFxFeoUBMIh+8o=,SALUZPBLeVEtLylP92tw+vXL06CHRkgAKzPOM8++rlSAAcZ/IQCh4TcKnCEgPbaXH+KL3gWn7YOpPtUWx+Q2oQ==
jdAkdiga1c/Lx6qBIwpyvFy4tnX2P3eTRjhOvmkhf1c=,4v62EiOX4RcbJf6bzrUHHn0NT1STREQL16u5gZXJjrg=,Qv6HYeNPCv0J3+Hx2kWblcKKu+gt0fn5tBU0MQAmxcM=,FKX8jU1xFjfT68efEve6ayCdMqJuol3795yJTu6YFPA=
AGn4ZAdEa4Z7UQ15wknX4Xp1vMumlNuPpuNQP7ImAjM=,g//qlxQcIjtDvxfEV7HOhAmbN+AwuydYAmCuFHKslVw=,lPrkB3dgcgBKzyJrVqe5BDyQ4JU+votFPIkk+xPkp4s=,MGfeMIdu+L6S6VqEAREhVckx4jFA6IX/g/OKQ7pgikE=
maaqMAtUFvR4CsN+qRma9qo9Euh5VeTelSpuZtIt5sY=,xXcp7VwRMn3udJtsyTLG0yLSF505+EXmvBxD3mvIRMg=,76N82eyaSFS3SdugmbmMe+yws1szCj/stK/Qw0phNxg=,6GOw+py9VknIPJ3vRrHdSWJk7qeI3Oicq7MGzMl0RwwU3JpvyNDjsIGilgVnqaCL
wjWIPXeLAKEygAiElLkHt+VZz1HDzqMF7YsWtZCS2FI=,Il+eNr+8W4lOdU5HAA5JCzAaw4pkuorMwxrZwEaDr5k=,dRH5aOPj3KldpdMSfLfM4Ky8XAJXPRarJnLsBmGlMfs=,5ZghKpfnXV+JVZkpVoPe+IfD80ILAHwFuwqAccYFKB9zyjaIdpek2pgF2DSe+gzupLemDHbka+OJeABwEruojMhqJrSElRVetJoL9AHp85twUsYzv8WeifwPzqGE55fY
gqUInd/Bd97dxcfF8i7TnDs9xudqOC7jC0An4SSOZdo=,nLUbbEWRPF+VKo1FK+DFbZkK4a0WIaRZJX6bJENMjaI=,uMvzY+2IpmW59UhunQVMIC+IxE3EQ4CH1igYroXdN24=,ZkSmBTuHIRP7RXzGmgZuD3hzVtkiaixeyjfomMYy6Vp1cs+Kc5lgFjdlV5gQw/j5wBVPHK28AftuiuLY2bKmMg==
9ejCrLbUx1V/nuRmSUZ6NzHZRMthyOudRBTb3+09KjI=,2atRqr3FXgx+MXpcv/6O7tn9WgfxC0rTS/d3JklV9VE=,2bIqP52zKT2O2ppyzmi7eFG1Kk5f0ybGFcJCq5/j9FM=,kQpaMAkb5EgFZIga7Iw6hI1QGvHTUDt7MutB7gjKwLtdMFl/u5AoE4jBqEzGM3mnWjIrNarQU2ciedhpyRxEDUpTOa1LXVQfg4cP1C6HcqwV+DRhzZNU9gkqfg5u9fv2
yDkLJ2WZMl1VmQNhb+WZneVhltYizv6/eilI+g9gRi0=,ohyO4OB3Lt6GIEQYea8NtD7PuugwQ7z8D7IaN7xamMw=,BsXLThdWZdKcOxZsM/0EqRVCV33NhhM5qvDbG8wogco=,Xo4FRat3rpAk1o4y4EBdv3kh+nzP0FLlksA4zHyFtRAG/CbtIvllDC/zjQCb64kLVIOt1BLbGEGXZisiuaEF2g==
5ZQeju82PBkUqKMUHzeHCIhQkaqBnBoeqKcn6cdgo2g=,6gvBWteZwP9CHyU7drmBpoBQmULLh+moBpX63KaMNQo=,JfxPeJDnm+ou49WGnEIBF4mNsyEf2qnQD0tHYDOjK/g=,x4ftJnMEQEaN/ov3QDeR7wb98TkCvI0tqd92bRhh/2+CBkEoCI6hEm/BvXcMcsDWxB6ZCciWrEXiikuqdY3xMDeh279Fn5SXdn10YVqaDYfA5f+LNZwRJ8oW5bMxqkCw
oP2IPqNrvPvnIf4pSSxlK3Gz4mpzfQHinC1yNsJMDIo=,i0zUQpHHIy0IA8pLOwS+cu6Y+79OXhDUcXFlP2wgz8U=,GRumRhUXeDUOwxLJUs/Oqt+tN8MAVsOC82fyfOxpXKg=,LgIJrq5yjK2zHMQaUZaC9JtV1T1hCNpspiwhISlZgnwBt46jS9lcmNpOGzBvIln28s5/pCOlAy5nl+1e4anRaw==
dBsT2RXDYsHwsfPbD4nKObC8q3vuI4sbdAQRMUx5Lzs=,LsIv1KpjZqjV2v6+tjeIfpSvbpCftqs//U55RMUKFfQ=,yD9GOWpR7ykQFUF9D6lOT/lyV521LTT7ShKJEWFylrw=,W8tDYkRdaw+NaetVkr4tLrsFnm18TwYFwC7Pm/8NGjQaWiboOcGdytRQThRM1+yjW+qeHXleJt6mmIwPns8b9MCpmVJI/ccUEHVRTQOb80Y0hUM7iyPmvwyF/gB40LEe
IFK8jbSKSq5y7iE/JUEX7Ft6TlLy9D3xCISBCTVns0s=,ZFhTzCvyiLtNMYRtXXiqqlyzYsok12XquPDzqCPUPqs=,XKUvCLjumxFCOhyC264WeWFS6u/8O5fj5C442by5T18=,r0itnnZIQ62o0vbBdqAtdLqbmkqksF0/L5aQumxUcVEMTrTRT/1mih5/dtdNrvsXj6W+4Rvp92+UIInAQ7NYiQ==
rhgOfPTUGokNExdLjFpuETNsxmu76UbVVPPSz1Q8iao=,4L7NdqFtL/B33/bNq3u/PZ2asOeQmHTa0dGYllD9res=,FdcVOX01V012T1CXkRdV3++5bwfdEqzVGKqJr1hIs+k=,8gFvj6/fpU8qbZIu3hQpmefufpiHBfcFiXL8CS+ZCySxDs+2lh+3X4pUAncZSVv29vqfKXSpO1ppdNd8+9qUcwol+65zaCkxP1kq2UkE3TKKqCmpEe2VbrZ7Sl3yMxbt
8jxzAIRGbgGjRwnt/PJOsB+4xKpQoSjZzAqS54tYo8w=,+H0CBas9uZZ0xiy7zNkLY+H2Y8BrokLozt9CIH5uxBY=,x4p6L0NlWhf+aXat/86bM8OPzwPgAINhRUQUqZ6HL9k=,q/MuyEek7nmc/4vXyKZuMZuYz6UIyak//R2Dv81bnaiNQ34CXZN/NEMeYi9QjQ4wGIRrUqrZsNypXsmYT7CgoQ==
y5+cHp76V9T2R8OQ+lIRiPuLHqh7wGLxchIwfKbHJfc=,FGKk/HDqqSL0qsKxm3PCnW0Lj/bF0VxHLZcTqlrsAy8=,6q1FOYMHgHR443XSdVdSBsEFnLfH/XoTkiGyD4omHJ4=,KqlyAoFsErgn5+TiFz3hUgx0av0U+0PhR4kCwbQAdkfvMlrwOPk5nlXFQuDX8wEcDEzMp0IBQiLfzxXiry8PhCTTQCFC+8CLCg6OSdIvVRWaYLEpG/bNwobAO3vITJkj
+s27Z+TTQIRfXu+3OuJwtzfwji+qTxHAC1q4xu5dcn8=,Ic+Z9xzvO9YOzv8d3jLTYWYL/qniuQIT6dxmurCHgyk=,hUCBhAPtgXFqMY55YQX2jN1ELim74zREEIqywHwumJw=,Y/T9dDGXwpVMCoeFDIjyjkFjiMdxnUjLscBMPyI04iMyUnweRUTWOOlz+L25U8M9zKUJE+uSFtofyKC86+JRjA==
uftddfDOf8uRK+KvGOhuQiVuUMx58qxf8b98lOKI4Qg=,AYMUXEjK01U5gGiq5eH1Zma/9snWhpD6NBSdQ57LO7Q=,rAeLydcRqiCDLH0W1gupDKHcL3Zanj8OB2nl5sAld7o=,RXGvSiEKrwHKfj9o3ORihAAynvvRTtzJhDE9J6jNJ0w=
56fSyyDw89YXrsS+Ys6VoI0GkmLg40QOqbepsAaKYNA=,98Z66dYYMgwe9MNZ3dl0bxbnqP1iwo1Stlj7kpO5hvA=,PDPct0UsleEKlNH03OCNuo8YAa3vmbAPYEW/V5itGKU=,ogDg7BpvPkKgu4ExsJB6ol3ZGxTeROxnhS8Wxm0UVHA=
Wdpg11R5/s0Ql+Aaf499AxX9t6ch4kwJICx6yNN2/M8=,YPDiNuGD1AoUZVKgPoHpkqGKLfqnuchZc6w2+AVAShU=,fd0mANZEa10CEoSivT59KWycDAy3DBUNLC858O32AZo=,/JvSOP1weaF3WV+f+agdgvJ4HrvZU45gYdx60vzxeVAnvfL1ebwTm00qOBbJa40cYsrWkdSvUCb/4jXI0MxHzWmaac9uPWF9MBBK0TIAp8sDg+gCLEnkHjK+0NvXKXUg
WKfAx9te6zi7y73LgcE+4qVaRGqTvprUbbUpOseuwuQ=,wR4h4l0GVmxGuLg1OCk/t7P1faw3eoNQnC9LCHB/OIM=,jHbtQF7zjfMAIkQJXWXJfNiFWXrMEsrkr4Idw+bmVKA=,QrMWbX5sDIQGdZRloEm8pdL3qJTDWeaqMy6NcVpQ8X2pb7TNot/jhxu1F8E6T5Jn
biwLf88KED7kON6mNOYsoKdnsZnfKMCHlw+4IrEmBWo=,SK3ETYwQWrFqI6p4e8/qIbWaN61vTmMEFciuRQFxaTc=,e7rdVpvHu5mQTt1c4li24DPcym9r3OYK4xd/b1bte0w=,3Cm80jsNv18bCTKpPu9RdfMoLpjjHHQp9mh2gHO+67iBzpXm5OHocFiKJOLwgHtpsHpXX6yKK2lgNNBI/AzTRQ==
xrCkCvF6K4dTEtCtfEAtFJc5vXu5X6UHtYNz1CjQy7I=,4Xf0ddEG/jMTETQEFN1xLo65eLHBpOuz+GbB1JodA7o=,H9+bb/anrRl7O/8GMWThZYZa9MLfN0G8v8OySyK9xVc=,/xdIllFI0PNaNyktyHw7y9F++/6p+KVzhq0DEUL0ZOvczoiSs7Q59SSAxSc3QMr4FKpKNwPB4L9FvDiIXR1Qsw==
qsE/wUfM7Ke2iVBu3Zq0c80mHTxQzjw+WSluElhhzfY=,BiaVslgF3kOkcJcTtmkbd8ZTtx57xnF/qUP5m81xRVk=,GnvzFvcLWiU/G0Q7sfAqBnpmIMl1h6wOY860iLNt8cQ=,ng1oFee0Q03zQ8J5Sfm6q3AU/R5Q/JGnkfzS+B9vYviKXXQf4m32Z6EFnwGty1Zelg4AtbPFTMhfS5goIP7/Zg==
oc1Tj15Gd7AcqDVMrBSN7XC2F5O3JXt6j22hthG9Y5I=,tKSugAoo7vyjJJCK0+LOLgYy9Ow4A/Q0EbXRocrJXlc=,5YMUPsu+YWzZZUCkX9eVtcD5KUo7udwf5YJd6DuI1ZM=,jo+48WxDnGbDwTELxOHeVGqWuGXxTPTnF5pNmUh//CM2G6uKYLfm04ikmfzSSWRm
jENq+i3I1/UjDMAMPlrSck6tpEpPTr6PsMVN2nQ0DPQ=,m2gQHAqSjGapz+JP41NlhGQuyOJ2hQJXGeIh2TY914w=,w2UajpSYFwRmWafm5moSB+YTrFCslDpmeXV49NSbnQE=,AolWhhLpTa7VeKrMQaUagSxptxVDpz7nTU948Drly9TzMt7bZtyZEW/avz7AEihFWyL4Kzf4Co34I9ZAqlH6pw==
Qt1SYwKr7lfVSD9M+u1m3dLFuVvCBYaUugtrMrmFkYY=,fL/j02szlNjGz4bU581DzMOH9c3zbjDPoDgNQTR7TAU=,nh6qJ3cz8BybwSVzMExVoiG9CYsAiww13Ao6BTJTN0g=,1sbChks5X/vFol9cTtwhvqYdlvUXvYO8+WcX1JrrbAwe9rZOMNLr9XsBs+uFCvsT
IP6yjOOYpvtX46amD0nJZbFyGh2YNvaPibTJ0aqFcio=,uKXQa7CXEiZrFRSmy7NMi7AHEZgk41Cf8o4gYjFnhUc=,E4W/WvjtBHjuXDKImUtJaMB7Qgib90E/59yj9jgsjPE=,djPcE1caYZkH9h6xk+Xyn5l7uQ/5BQEOKUs7igalpr3zJ1We74gfNXNGRN9n6IHx1RxdzRqzmO3LTphof+oj6bzIYrktmJysUswhSa+zFKanWOFG6x0Q5K9iV6eHtsyl
QxqwS4sVbLMSwDd9li6t/r7+ltniT/huLznKOCKbTLw=,btt7CGWMHo7ugw4rLCKpG4cCDOnrScL9C2UaOCCJJLE=,P2ADN/o1ntRAOzJTr3WYSWXbdJugqf+G1q7/CLpPRzE=,48Roe6vo1oahzC5AzvP9v/l8UBwG1Xv18Z+BAEvisnwseUfYFchEseJYQftVn1tBYBhqusz+jPgUAEk0Rw6AyA==
YMF6pGDSukpkuHZIaAqwjG0HByMrwM5tRfmWzBsvNKM=,8uiJQ9+uOqr9+6LoGG7DOFzo5XB1a7eIsKOMhfglpSA=,ZR3VgWibcXa5wpNsDiFA6HcxlD3i+OI3tU6oirlcERI=,703Icgli5XXZmVeUn5TxjlxcyTbvkZmbRKAtzgzQWT553V4V2Rxlo359+7U+no+Y
kJIvayflRDC6OyHDIo6FmpFRhmQyE6M0ROiv2haGLQU=,fBc2ZI9aE28MuoBpCrrG0MyelBjEU8W9uWTd0tMAEnE=,NzhYKWXsU0HX9S/MkXqGdce5Iuex2Ot/U3bRTe4NcBo=,JhfajWa/kylmnuF3bD7WVo0v6SfFUOdaoVgEveLaOaY=
V2ext9miZJ2dAiLJ+zxpqa4c2AMiAq2ulVcDNpsY5q4=,oSk+KkW5aKial/CeSScw+RY6Q7wL4VZzzKCRoXJHilk=,Vh7btAJZ/J2NuCV5zbJomSbBX/i02W/v2pJyJmkm5fw=,svj9Dro+A3/woPVI/UISUKuuQGm++vZGgpLYmF6OhL0=
atSEmxbv+26ap3D9M9RWhXZOaFygY+uXv6ncBK89SRI=,N68FwT+nsEUCgW/0yE2no+Sxt9OB6ax6oYlKE58teSQ=,T9hBNXQN4rceVPwLS6pZQMg6IUqMSDGyQstZ+z1g5rg=,UsI33VkmGj9IDnAot0A8BjuxLd6CkmMViAgcUFB6uzMHuR/qoUoe7nqDhRmb2tID7i/zVq/VbDPfuHz+g4sGj5wZdjYU3JIAw3mjIn+3s61sXFF6zN0vAFn9h2SLU2ck
TSBc+uZQDWM8AAdVhhjuT+si4GZGKaWf3s2NURQzUB8=,Ah4e8ajgZiZLzqwIQY5Ivj4gP0NdbnKZ7NInKBtvmio=,P8LLgkrFlMxh+uURPY6sAeviB/ONuYVnizUW/KYUerY=,9wlbTB+m3AxIc2irrKFwyDe/fMo+P85AWHIDcJqDn38=
6xaPKw+ACAUCHQQlMcZULjnnsPWRYwGmeITXt6Vm1gc=,ZgzMA1ceUCJXpm0HgfN6ew1CYBpknmi/GuF2FllXiwY=,PaDKO16VGhfcDdnhz5br02wk83Cd7yumOWznorjwaTM=,JkSlwf6sF83Kvzyd6SIrtCEmcjajMlvwPnSaPNip+BA=
oZK2v6cKW2IwCQPWFpvKsxcG5Z53BsqIjdfPcXiNW0s=,FL7yv4QMdJOkTYqYq7CbypRLXXQ91iocPc6NCY3oGhs=,rCHyOpHD3eSC3xiI7Mbe5+p9DwKpaZ8cIFp/W01Pg6w=,5BAlP4j7dy5xBcWsHmWi5I0CbusZkIg/sLFgDoDyYyFxObWJ7hkHnTmNIe+WKiZ7lE6WjHT1DqHrh+ZfKUTF8pYanJMwxdkgODirRB6sYPFYJ3to4ERXXoavY5eGNvuK
pabSoco+2mtvyB0IA0OFqx5CPzd42nKDeNzyaLYPZCU=,C1bUF81Q7gul8sQ5LvUW2S83QWr+GzmPDDUNJ3Y2udE=,zav0gvkRKfy+b1fkmVnTryhHdR0Ig8u14qsb3RWPq6E=,VT6g9t0UNCujyA0MeUkq8ULt7hfTIiP5mhFgicCvcIUB3opQQANPo4ay4mkWuq5Mw4xpa9Awx/tJ31/vzK1aCw==
M5p/ohEWyUuVlSpgxdyi2jGB9ZKLIy/9Rzd787cPjSA=,KqMAGDZ40/RB9e8t9ttTCkVOyKwthgmmbv9M4EOF4e0=,q3To46+nqwA+gtcZNBWOb5A8/UioxMcqb14qywSTgOI=,pokdcEWlNfzctlw5xLCsdqrKIj3gjD2H71cMiDkFwd+fd8cJOC3Lef+ExMyOMvxv
tR8a2c4Uk/9k/GXSQ0XYKatmzS0XCj/YvKybcxbY4RI=,ywUNgsSGXl0E7suOf6FaWbp2qPlGn76vjFjlMB0VbtI=,wUVIX4L7QbR9Lbxg6OIkH4erokpz0DT/sU77Qneu0jI=,sk4uNv9wusPz7foOaSTZUGyXQUkcz+kC58bOfYEpsfZBv+s3KtDEjKyevw0Qzewk
AIOfdJocMFQS3bHiyFk28Sj1fwt9TxdGrVMM/VLkLRQ=,gHJuY/KJxher/wLDnsK4UuBxexuRnCFwea16TtnMfAY=,lWjGQGnBkHDQo3ghTLBNUXo4qsWo72L6N5YCeSIS//U=,EjHgF4vQpvD37PFSuU7eDJyBkiEr+OC+9RdEmEz9O0BL4X5YpkPstMyUgzuSGWTq08FFsnvDV42ekzIbnEqOdA==
+VvbEH95QbCIn2cXyuSTwVEN7BAJHgQxesR4u2WOXzE=,rTuTBNHGncPU4zg+MJReubqmchWLiWHSe2svNc5R9o0=,AuOHYfdUFuqXb9dO6sTFnUj2oNTs4A+BcEsTDsxtkmI=,8Me5tW5Uy9jvXnLlBKoVBN79Pet4ecv0LDzX9J2p6oeu4vzJaPmf+iQSSCKsNxTC
/86y36tLi2pPoL75HGIAQdA1cAUCaOdEkPRl5+8OtrU=,xfvb13msDwXGEFMGzZOUp4FIjEl5r0x6U+5VLDGgi+o=,zqZ3/V3YhJMeTclXyYJPuNKMsOvp6lP+TVAoSlNnsuw=,wnElW37jbcKDl0mzPVzuq0PBe2RuYMAGehNC8eKOnG5w599+BsXjCJ9JMNg02xQX13h9cvP8mIDf4CYfw458Tg==
Eu8AakU3JdHxbTL102IdDbGYfqKZW+vaUpPCqLWkaT4=,4BQhluoH5lDknQ3kQZV5Y5k+st7aBHnZalgR7ODGyqU=,nHSAU3Ytf8amEE+ZZpkdueglDVjlj21jT7oTSGdkUmI=,SeizJGPSInKI1aELLBcRSV96Pq5jlPTdZFh7TJiG/B1nQGpJuLmYnMrBToB25OrQ
j7fi4bIpzgPAr79pwxTV9ai5p1rZJHSCEaVIWACssu0=,jOB23l9xsbFJdldfiX3T21MEeSTHNFkvD/izom88w88=,nttSZRt9JGjP9VD/D7T7lZ1J18wVpL7LF/TKFk5bSEk=,NerVbgxefnL1fj4FUb0HlHnkP41hCxGfOKWcfXiIKSoEW3GwGrBv+FspD4ecQXxlWKYcKx/IrFcjaiNL1fgjTNdJo99fGmu90ZCPlUimMYRBxsz6/tSZKeEt9VlsujYg
tHXEceUlFHCrokBTuRrIyOzuytOIFxL7abJd6r9ztAc=,6kxoufnhEgQGGyTycU0LE0Kx/khM2kpEq9Ec+pu3O8k=,smew2xAUAb8VmVjAmCCOtz6jaIYTHT02TUcdN5D1WRo=,YlpgKwyIjVbO849U2INMXJf0jpZdYCseJ2fQhzrnUEsUlkeyGCvy6FGnk9r70zcwf3mz1GufZFMfNSoVMBniXA==
w/9FgHRfb9fGWxTcNMU0CDFRq8lY5CXMnYz14+vaTaI=,XFN+rPSN4xbl8ydyofeKYwi9wd9mCHWI864KDmk5V3U=,KLbS2dk4o+y9DuwBByVSqb8hnCQmHq01EpE1+ulG7K4=,8Gp7EqghulDj3HKozGmGLGpOk16Tj7fP7ezXbUTmHFg=
dgZPKTuVu2G/qoD+Ed2+zeIdvhxWfCzjQGneSfHCBjo=,J2IPMk2vEOGjhr7FMqrtLcvRKFb8ZpJbCMR7RJvd224=,eo5ikKrR/lblfqJnTw+Izd0oWnFB5IzHpFxrOD8M1Bw=,hZmodQc+S8+F2c311AR0o8VgiwwRGIS7XEVyp6VdSII=
4jCQY1xiEnRJ/SYXaF4ZxsfHCubquZgJephPVz6yvVM=,mPri1W5pP0sc1uzE8UPOjSni5uojr1qngPvNHjtMKyM=,Shy5Ci5870AHBjU+H6HG/qt2SenFPuuzry+OZFizPV4=,KPdFv0ooQDhR5cYkgGXrkdqPQAYDQ99HuP9B0CxYhkg=
GBStMCnXY52VImdWolU1HIa/LBrSdbsUm274mZ44bi8=,To+4bEY6Bkcj92DZyPbI3jxEKut+VNa83nql9E02huA=,T+voIY7tquwAInuIWx2msraPzDTI1KcvXOYorxwFnyg=,S/kKB9MrOiVqkdW/VTWQiD1naIZ7hXXlcn+dSFEvSx2FT51ij+Ay4UEIdrTO6Ku+YFJ35RYIwEFSV9YtUIUa0qlA7FBFHqJ+p7DIaOf9CAez8jm1c/yryrY+APlUlgt9
KtTSGgvPz+ZHFl2CxPHceNLr8sOw2S2DvbX+N36qXBg=,2u8sf6rit5s2oQb2iHfnw9yeMUV6nxl9BNgAKrPZni4=,9n6M/7RiAYYk0PeNDxr9wNstW3fsIjqtlcs5Wwt9Mew=,lpTGRToC3lhD4aUgxdmxDSno7tH+Vu0zRRX4aUT8NgTQuqoII0Qjub4XveXOF3c3DlJ5An8Rqkew3wj9VF7zlw==
PZkEJCF4wHe/8lcTpp48EJObEr1sk02S8jldLG14APw=,qsccLkU61mzXM4AC8Mg42srWVQ3LPl8mdnNU/xmwpCM=,3SReCtyhqmWTX6rJDa0bucyhmDVLNvcBaSNaMd5L5EY=,chI7QktNsrRwn3pPLrDHS3bL5vWQrKy9icoiXsO+Q1lOj4m4X5BvrJXiFM5NH6HBIo2KuN4kCjCdI93NVJGbMw==
vFA4Oq57yRe85+XZnLFpJBy22DTJ0Mc8W4F7u+YAKKA=,PdVjak4u/sF/xf2jIkvuHBajvoL+uo178ZRenOqUnf4=,/LfEKcwAZ0GZ8uBD0QOEylrwRSKCPKeye9YpjCGmoiM=,SCmBRNSvvGbSgvM2ilHyhWb79m0X0Xy9pEDae9gm9i33DdriKPA+gDIYwf671fYm
khHhbwULwdZuAvWDSThigrjmZgRqRAg37GxgEQk88T4=,LQuTQYpvfyFZvB7zkZXUYHGFG5tmiRECTtI9BsLKfGk=,f8SCo5D63jwIbjaCTUYr/Lt7DieIDhCv+CacVb+ElqY=,h72I/HzxZagqDa2ETOh404S4ccc1khCPrkqjhFqASt/SzuoSLopE6rivu9igMQ/IPg9XQ3IwGh9O0Sfe89XvOw==
+rzdwEfd5ROKuxOcTQ0TRMagvccKS4mY2ZGoL+v5e6c=,3dtjYfykxJkZZ/LYashL68ioT+u1hSrljmVfoukb0Pc=,aOtGYcxwAiQNnFTAEpDiiSSL7bnsMd5r4rVW7OWMegM=,WceGIW4aXC/Yf5kSrw9Q2FOAgA5Lt95STSIukPeN9+9FIfHiEX1vizqvPSNdjRvl
vvhwtffjAUzl3LvfmQILR/WdIGrI3Xg+QF3mfBkAzQk=,FMXijZg1ufftm2z7zLTrgmhtK7r46LmJW2Gq0L16E/E=,OP1yDp0DgPacj41bfZZTRjMNmC5ZHm/X5+vL82jW9A0=,no5Hae0kgr8EBHAglLrDoV1bYb23aldMuu/M8PH1leY=
kuukUjeXXH4IIj3bz/nYogMqXCmOOSIynboDNpFJFik=,+5QNamdt6KRokZVi5L5Uz5+/8TDn0gmSEEqbk9VRqBM=,/xWFAQQX/WHjf1SEe3U35PF76bY9CoYMIrK/o5md9Tw=,ocDFkGllxAqSAhhW6IDG16/FnRjDApOTA+MW3Jk7QDw=
UFKHHcUfXvM0ovNPOq/zAQZb4l0xjyn1cDtAKkUtV5U=,nLCPJtFECaOGks9aU67+PY5upnI0UST53dECQtGndgI=,nyDPu7ZKYuorngFFQ4kBmqpJpzcqtVMKjS8ue5nhdUc=,rlVrnB4Ob74vlm8KuZaWf6hkGkFMw7aV3QAz9LKU/uYyUlTbjC3j0un0JXquBsvca+gd39hHASNeM7T+rEe0jMk8+BsSw/BoKPJ7eGXYG5PynPw/gzO0AEk1XUAJgrOV
tWxSEqyXGMfGe0eZbRf+OEkzgVj8ZJdFYoCSBbjMbTI=,NVrs4nNu2ksNXYPieqmM5lsNgvdte7oeGBC4iyfcis0=,no+D+HEaSi+zuH7/G4Nuq6AZ/DHNtk1fRid5zBJC6rw=,HrRshLpsol5OoQIg/LbvEKHQgI1W5MfKmS+SW2TUyrsn4XBsgTyWJFCaQ+15Z5Hr
Bh4Wc/vwmeQVHtpKd6YQ5oyyOwP/WD/DelsgyRuX1ZA=,0/rjQf+ggWB1EQBEDiYmxom+z1zSB6kaJK/zBRmxeOs=,Hbz6G6bd5QjspHUh7IqMeKStJO8hKogRNhTl+qKIC4w=,nePzsne2nKk10PL4nTck4HsNPdT2v8t8os3NjQaz8gx5XjHX/88zfKCpX886I5TkiyDv3YKOeBgkrpglEoRdPQ==
qtFrmA18nnzoXx3jjWwtOE33ICHcJdBGIEZ0YFd8jGA=,M6n/2ByTN1dkzhQrWg3JeJqxupV1YZtohle3TxOC/EY=,zDhfWJA/gDU3CDCCr+VvmqieebKjJrAUdeq4394G54s=,F8Gt+pT/pnthKvsAOMoAVgijYquysaOJD3QdNMhH52o48qcA5eAwBH/YVMPNkmoF
c7xOymQd32Z2ihh2Gaj/AlFKYbe0nfck3y2gN8eGMfI=,Fcj2MwcvVED7Ds8KZ77rsIC3lvFOp7ugW1sOPU6J4bc=,o7NHWYaPMCWwbDdAP2+Mk1OSii2ZBkaPlAOmMbyfNYo=,exRWoIkE5ycw/xA+ZNWSaPv0Ev52GyzOC2ZhTZEzm+lb6ueR7Ys4qyxZQZerHG3/gAk8FNa076oA1BPQXZXV8mJVG4OvNAH18CLJz4uEsYlHnphLNP/IWggaheu+l8C8
uGEe5va9lYZUxMYo0q1t0Cbn9cCfXusdq1JvYjyDTPQ=,njG3x6dJcdh2KZ7y3QXkrXewonLqKHFQPAQTX/iiIQ8=,aWnqNYjuHLcdCmpT81Vk7XVzfkQGzoBXr571GDVHDKs=,gZ9g9rJ3zlgcuDIIu0d94saLWTKm/D5aQWMId2egii34REyT3gLSTmLJ4Mi8BxRU/XODphQd+AtWpGd/7Uj0tw==
41eI56CYQYutleRvaU/08bCLnIz4HF2cUXMQuNJTii0=,qAtMLKcDT/c0jR7fI2daRTFax+qxKF3iHePAJo+Ovus=,hVO81cTQfu5v61r0HFe6zI2iYRnozDKZPCtCJTmysPc=,IuWJ33Kt9zCGVPCpVxS5zsosWjSbMYDNZaqPnc2EJas1yWzU50d+HCMafEvPQ7nx+t/sILvMcPHgSJSFdUaX9dG+pwTBhzPUcFSIgYk6a7pW4bxoO4bg0u8sK+wjwEtY
OSNuFdJdsJtWDOK+tlANimWkX5WvGTPFe/P5/lcWSCU=,8BVPJLKE+8/xOY0yMbqM6Zq5/GAG1p0COwyLBGYN+qQ=,+MywXhAG+Ew4V5xlhsOF4JyIRhdMvvd/+TcrDlFpxZk=,lR8YYwo1M9ynsY5LKuFB0Gd97xnVPH6Vll0HuVHOdfs=
Y8PDmmzOwnbtoJoneAQah/12RjAXlYmRF69jKSVlptM=,6d/CWu4EN0IW08+B742+5GZBDhDJ6PpjTORNdWHQGEY=,oM+T2RBYEzi2MwyXufTHASqHMMU63wqB4jdsOoWD+7g=,ffLJb1iVEeb/cCTDaImdj1erxs43Oyw7T+ZMxaVP6w4=
kI2LhWTG7kVLAAlBw6jMUF1P+B2v6KDx6cXeWlJXxtU=,3Ipt2IvenFDmrnpyGH3ygRjAM4YRV+MdWicxFklnaXw=,lT5NrkWy0d8yZCR/pUIjvMLFY+XpWg2mTGRfcvtBuUY=,YHFd67LLw8risnUQij9+3Lg5WEkgH16nLLLpeT0Iinpi0YI981Dfvu7OOoDiG+SUoVQ0Gegwug1GMnjCE7rqJw==
wiw1Q19gD31Tiv7uDQ1cPyPrNbJJrQ7nlrKNPb4EDi0=,XHfZw3Fr+E+/pHDD4z2qQNgKdxk8hzIl7G/mMhFHAHc=,mwhSghoWErPKbUjBOlP2fS6Me8rMKAZbAYjnm/kyoio=,Rwea1sorR1trgzZpbYNzhmp3htSu6zC3CAt+LKT13CXYX0kvQyykPHhCSvm+QDPO
DoOo+uuBdwfuVptJQLk4nI5Rp6OZB4YrY80XHgBN8LI=,90w5mKoC7ZKDBJIawIMqsedCXfh1e9MQIVbD3QdkaeM=,6EYkF2o3WJA4jzCmeTzgsLRtz04oILpIm0wqZ7Rplh8=,cyqyTr+PvuB/YrxQ9JI6RDvrjYZ3GUuC8Jz8ajsBi412av8rQ7QVGmWk08kwaz81s4dUG+Rmd/uxKqSAblqXRCt2R+cjfiB9kZiZ57Sjg61h3H8aRTg/NLyWiOYR9pt+
yzvgoqYCgn6nkHA40Xta+mg8CG8DTEf0xDRhcKAUz/I=,QfOKWNlgDlZrMX7QZSWVx+6AB79gAmxnsbfcqbEbNWc=,Eo/EDxlHPQkoeNMe5EXBXno/lIRRFtPOfFuGK7be+wI=,EzCe/XyocE3Uglv0ZBkTJqRSbqHmOi+F638R5NEZ0OKIgLcT4Qhm8n+aDIzDxT1A
cw1Yfo4jAERpHY6w7wMxWt6ezr1kf5hpt3cQTbjR/XY=,p44O6iwfo8tep5B2pieCOG+hUfoPhk/4Fajf0lhmQnQ=,+WNd777waTeVMarjOBem4vdaejPwjt5mCnWbGoDsQaU=,SYIcAdZ1UsMWnfWa2MFZd68+tFrOgEl5AuHaXlKqPfcokg8WpSftc/aCFd+Ma+XpoUBMB1mKRU7ly/r2hPomvSfTercROqxrkn2rK9Y6rYj6NH1OJCoA8bbpj0AsM3tV
riucU/TW69AEh2Kk2r4XFA9pix7gMEVLZP+SBUNQsKc=,CzvVyz3gqlvbtVueyh5W4MB4sM8TRktsDnMERrVZTqw=,8R1knekBFUjALMlrXPOXtKBB/qIX4qsLlLGpCpN/O+8=,iTM2Je3JUso2kR+KfnJ/E/k69Lm1HN7oYLu0kc7Ao47MogrZr5Ji1uHm51S7uOof+peP1JeL54Jv7EqRtd4IZw==
ZzyO4csELQkfSlkjmpd8r7dM0iRaE1Jv8Jy1CIJqkeA=,xibled/vckwNSNDqd5n9tpp6Fn6MOI5z7gGt5n5GKHo=,WXy31Rujf4SrqnmxjJGxRMH6i7AnHnLL/7r0g4OkvXQ=,dY42IxDy2Rb01S5bjafJ4+dD4EDRLvoQoCwACi1mPJj7FP+hH6Ty7AJtr6E6Q1yrHXU+vnWw1w55bJnA0f7G2CowKh+5XP/YTK8OCTFXT2tuSZOW029PLb6ztD/+8Nw4
ZcES19cnJdAZn5ea7U7JtRiAWn9hvDQGctQugNhxE7I=,UR+Vb8FmgSMENMLv6bRIeoxGlVdkkCzWk9FblqGhk6s=,MFQynalKYvCEton3ahiUuM9NSRxQd1vIbOxXdDB2g9o=,9U8bm3xglDzg9eRKeg2/BbvBi+mJlFVaFmeqsrmj+tE=
WfeIvbVNs88HG/NARL09aK7bz4hGdDRyhOTRqFT8014=,BFyJljLH7U2ug509fSz3/hZAlvo41uMOxdN1XschHfs=,ugvetx9cMVRvBYynFwsTRiQooiCu9mKASUEoZ5YISYk=,VtmdCpPHi3lgppIVKtRJdeogZXaiQ3ZOnDAZylanBBM=
wBT2IR17b/VaSRUZzdZd5g0Eo39cu/8vEaUhcRY9h9Q=,eN/Ctd19FDhzyVNanKoJJi03tfia1aRE+c1QGImg0T4=,BFRChy2XEGtUDHo6Lq29lsjPT7nqM8vKPfYzZflVgfs=,OL+tgJYRYkWh72wuTjFvN2qBBkQlIj61muSXqt0iWEQ=
7IAJg8j9euU5DogyGQSRqjbr6Fgu8bGf897CA8jC590=,j2LdidW6+sjZp9sU0evSZFguiVYoGspeLcLN7czev8k=,fhCkoMEQGA0IeR0B5SfPTeitgUyUf5unlTTuGNdyubI=,N1Ruf2yX6bkBnq6pVOGHsjCW77TrE03XouRGumZAwUek46DvkEOYt5oSR17hRVp/o+qNI5wXAtpfR07OgZYzbTBinhpRiNs3u3tKuIr8mfHYqMAG7/jauAys+Cfm1FDR
XZ+/BeVqM2/D64hzneZwNAuKLGV8esytG+opcHKU8gg=,N6dmf0gKRBKc/phKV+PEGepu890INjP/+/I3cRcTmbU=,MJAEO53nf0gxMrz/cwHFLyrL8ZfQo6awiiSzECsrKX4=,0ZCdjYLEgYwQKtvlR1TrdHySY7iGWhJoffhqcjxkx7w=
d6mQYjgqa3GzDXyxX1fRdKiPfQHF+pei1reo8CDZkaM=,/SUnw/oGWhOegMXKZ5PJbZsazHI9TNp7EWo6yJ0moNs=,f/f54NGV/6Yl6vML4uT0irKExtmjCdgPO57eTw/SxqM=,W6fuWTHli9BFg8j7Q38UEN7i47yBRRkoDsyOlN8nW4s=
b5uua2Mm8tH/723GzM3dI6pcCIFg1cK8n+dEjwDlUvs=,lhLts/j8zlGHTnpSpyuIOOIcjReQA0MnzVaiMKAKOVQ=,H1d9h2hgCivB6XcDcGoUw/GiNZb+ZkvYKyusf0uIVB0=,KLpjokOp9LgRFiI/uwmXeucEI3JmfCdSHG+S5A/nkxZY6ftA2eL1fjsZm/EhL2NMcpbs8bnti7qXwe1o0NgHdQ==
/amUunfjP95HcnsPAYvZLYngx/NiTxk6TRpbtfVF+5w=,hAcqfjp6eeN8PXJFDIHl77T+ELu6oc9rIx58s3d6r3s=,r/kP04LIDF11WH5T/bg22rX+k9joOqlumTYV1MIUdSA=,4KFkHoJQ5vY2rt+6kuQGOaZj3VDMrEflLSR7aNZGOgPvqEsStN0+k+4AVQEipuR+
M2JrD2UoUNNFhvph3Qv+T2QE5iY/AP4azcb4+ggP4GI=,sFsztF7r2qBBP+IuFZACpWL3SFE1IpkQ6hLxDP+f/xo=,Rf9AERGckYxS3HSJkcGPtfRfjhQUuuR+A0BKqjkClBQ=,FVkSF1JIbeoRkPQxYzUUcEYdyxtbVDtR1BRiHNBfe3ACjfaKB3xgCl/g11DmckIyIl/yMgTAWcpDUTkFLWFrMNEVAW+rQh28oGZMbJnf7zzMXwTrEF2Gno96wwYd/wi/
Vy0dSUN8CRnGRGoIsAVvm89L5ytVPI42xRT7Yj5UVV8=,bAj0An5RYYC5CcvTy48Bdl5DvekYc77MAN51LfNmNXQ=,zDFp3XYuW4ByATtAbz/C9z7NMfQrXvAw1CPRvidU7iQ=,xMj0TVzCWFcbyA+hohk93M4MLSzL9eNIhcY7ykNuicDsXMD91lAIBEyjYMiKgKlGx8GwFevN+ExLgd60qeolRQ==
8gMatwXz0ZHL3oeD17Ep4yDleAz4RTlxEZWSIBxt6Tg=,4Kko2yuDxns/qT5xR/OCDO2TEAPzdh57VsV+5DX+k78=,IrMx6J/HccABfATGPCyxG8nnqW63PV3KzPLqkdbq3Xg=,d4S69kplypya6t9LXyvB/Hru8fsfRSCm7cpsfq3c8lxZFF8z0KJJsc5DxPk4rHKAl+IxMgBfWFHUFqd9/unSlpixpy4c2sxNJJmvCyAq7Fkc7g34tg8TnQZ07SZfEdu7
XhJ+eNKPSSEsRf3TV9eOxgCo9RbOzKuvQHnzOt3lWMU=,mRKjSnLvk0WFaKzdHvWO+Hmo95GBrnmWsOYWBmAAvJA=,oh9pQRbII1gOh43WIi6GPQhXr4wWy6egFttk93sLG4o=,CB4X3WJB61X0GbhgUSQGEZ79abLaIwj/1XeltE/J3MAlGpJW+VwCefRvMa4gI6DJUm3G/xowN0XYvvyjxPPytw==
EfOVJ9Ryl2zOkkndc9noiNJ5snhyFKKXCeHBzJYcg6g=,XBE+ZU4QJgYL0sK1cohEgARc0Qpr42sseHbxDCpFnyI=,6Sg5wd+ag4GldPngxnE+hVFgA5627Y2Y424uBE9zl5g=,hHer40yefXlsa9loPjxkI/jmGVZHDP1IxHDoHJ56Yq8=
amZxJNca71zrj5Xu2ws7ujbev1fWhNmyFxVUfSOmymQ=,Gss1dexXVaXjVi+fLkKhaXfy6DlJnfMdSKwGflWp/D4=,a5f2m23HZbUaJ1NTKx0m7bdmC/w2wtctIhYouwGoSio=,ylqxpya/wBIa5O2hhsYF0b3c3o0rZjOTHwLLXmf3FVw=
M/4PAw4GLK29/3N2D+WHB3evL+OGb2WjoJ5V8su6aqQ=,lXc97he38gooiZULMEApaqZ7fWxB2genPj1mHZKN+Wo=,KM75BupZcPxJFTTAkozB63JWy7+9oStjMzd5t8jWrRM=,ksJk0U0Jg00/0P9/oq216EgFvf1maIVef4ze1W/qstKCFc5JLCYUv4brHIOOpsOImSM5Y80ROlbyJz4avUnLq4Lgsp6Vxq3cjsuAY9eFePWcx1n2gqyP9UtKiA5lDLwn
xGytlygmMj/HtIXXZeJiDLXvnj77jIlEZUPHcc9FHBA=,675hTe0kl3aQmPXXNukfeX4pvIhEnqaio4UWe+m0hrQ=,/ZG9JopFKcSc3mdAwndm+3INVB6cvv9xYkK9KT0PVy0=,Pfq3kfzamdMiEQMwXaaFeUWAkMec3yHMK2B5za6IS03LM9j68/HJAHojrr1A30mVrN8prr2izq7d77FSTX/ZHw==
/z7fkaUyBo5p0RxXc/gIS7R+FWuC7UoJfb0PFr4oEEM=,N+NDB9jq4hs13AzRLtu+SVC6njgWChpH1trqDS8urck=,5QdEV5md8aGtv0Vpc2Iaa6Z0fNu0YWkFudUWj09t5xU=,ZCnoXhdS3y5RG1/FpfJOsle1jgm5mhng+WPSUcs2ZU+oGa2WIZBeeOLhA7h4Q60bhpoFsPUNFQAdNAlrFAF0dQ==
uNoD8xdTYSnnq1Yg2eLLJl0dKm5imJPYh3ygV/Xx3LM=,gZb7aWe8F+WjA6B4kS3h+Tf+aRn1RMw2cK1AaCR8YNg=,ikHEPdJ4L6U5cI5ytzV+2ELBYUF7eky1suGLtOnzX+0=,aqoWe5iys+S5J9ZxifjHvDflkAxLHP8Wa9zuXXB4zawKITaWvEb44gR4Ze4jDnfc
bs2GFG2Zbh4bm8k897x1UoBeWBLQ6hFsRQhIDwmLVpg=,hlE9OXidzBjS28GZbHwGHgiB8WmEX2uHhX8UOc7FvNg=,n/a/7JiIQBM7Lk6s1ZI+C/S/UUxy1rDI7lfmVTWcN1U=,9wa3VPSFxvq65tQaeTsgn+RWjbDxXFMAEj3+a2YZG9/F234MJZPTWhiyDjZMnarueGd9SzwGMtPgybfSTv+/3cU5LKpsTiCdS47egBspT2pbTY2SWXkT10gy35jI+afR
dL5mI8ayf0AVD3o97jX6hSN2FBdJ8UshX7kKkA9wbnw=,YQFwGeuySJIFlvhLUuiYk2YRxwK98vs8fG3VxA6H8t0=,T7tkeNKkkvy8FeMV3/wtDPhoUP5wFKu6MxNdEO0x6/s=,3V+ov+z6ouJ/qrkVmvBrS4TJOXmk1cGRXlQU5f/hGjTtS1dflSHyCPA+Xfp7H2PX
4tOa5chd/t87l45b+FvHENJpz64e4ImlJUOCkzxpyCM=,63PA+hCO/63HMXR45v/RUa5b111uQ8vnCQIJmPoBjaE=,GrfNywbgvBtLX8ybmAfCHFvtPk9AIrjKjo+bTrr8TN0=,RyKQIWCQ5qqDV+auAP6MnW73Jwo4nawGSbW4PESx3L38S3T/NmVohiHgEAR3zu6i8XQgDWmADxUBFwxOqJ0P4B679Kuzcpg+YnTJvrbUDzU+hkjJdIuQSk4MlyyJQ5IT
QBEMR3dqI6X5WMyhliUahm/RObfCwjgFyo2rcH4qN14=,31zfEzh5tmBtYWkimomcA2TTHwFjfitMCJOrNiRJh2I=,qh7L9kZr5te3tEUly7Oc403gG/hoRgYEjDp4EaNkOAQ=,yM5DDQwM7ZfDfpSuLaXeAg3PK8VFcz/b2TTgfh46hukw3QeNqPTUge+v1wWe2EjEKRHB3Uvak0IpfCr2+tpYEA==
30JC35uVdZx9SVt1sjXbxJIe0pd8E8niiUnFsk06vEo=,/wPlZBKqaHX+e0S0gaYfNqDo/l6o5PhVGHdDV9HSAOE=,29A2BytOmykB+Xal7O6A05+SgGXyCTerP0GHxW2dtPk=,fXYrbgn8fqV6+Orx3QSBIzcHuErJGkkbSCNcfdVgTt3SNdVBpnOA5JUE6LaaLxfQ4jyWly1z/y3ZdMSlKA1ZYYeYeSG3QhIKJ6/nCwerzn+kHvom0eT3lNizsGsLTXj+
4zD60mcJlx8erkLdROJCGPzQeuw4wBW8bfEIgmb1jHc=,tEOoKLs/qK7NE/tr8r/8NGXUOd1aSJB1sCHH/9/LFMk=,m6amPe/3bJADnlPToyrAVGo9X9GDHc08Y9HeUMmd1L0=,AmW0eRqY8A62kQumVZDo2veSo8dmc5NnkOukljFy/6bTr0FXkFUjEiJ4PO6jF8Iodu0OGgXYMfGJtLxjFl+hTw==
d+xUFJ46Kbn3QYINX4T/VwqFwlxsVPBiyDTV4zqoen0=,Ns5BY8ijDhVvMQn+srgR1RfRM5qSUfm2Sf+bQDMnPp0=,7K43wnoWM/uT+WerobV/jJjaO6fyRHQCbreBiv07KjE=,eCe2sBsBNZKXWcG7jj8Mb9uuPPeHi8RMQHRxxFjo/qhxIPo6Hz290l/VT895xJVOPmBUh86oVnf8boDpRGP4cYclMV4xRVYVy7NMyaEZjS1kYTpLZY/y/Stz560Ki3Fo
ZVjJCi4Qn/PjzI7n++XQJX2q5EdNtqd+vUWDaAuHS94=,hoCv0PEX1gwY7Jy8N8xcNWanW0u3b52+klOBsY8z56E=,u9TLDmbmgxQzyldW25ZwNtE+JeMiQq8lQioFjSy3QnY=,kmWqtLehBa/5CYomVNwwwIEIkKx8iQkWjMnwVYSnoUQ=
OGYVvjOtXq3TKVopUyPvlXOE+UZjkq6+3aJRErvKpTY=,FhsCVRDFYI/eR6tC7pskkpkvJ7eC71idSMTKG4zS1mY=,mkW3UIywVcAjO0u35YoomO+Hd/YEMSfDIAtH0a5vdM4=,kF8xNfOPAsidKXYrYsHRcEwJRAtXmBBArbqgPOTFvRs=
REJ8ZAYwaHSO5cIZVT071QltWjqQKRj5fdZhauek++A=,ffL+nokEDlSxndh3+Zr4Oyipgk0Qy7a+4MpjJ1n79jE=,MFnAt0rlnYfQjK5UpPat89Ay0eoG8UhRxEBbdsApHr4=,futbLyK9bJHDre9ApZ2K9DTeCx9NKr6wbfUq7HlBNScfzEgkcMDdIgn9fjJbG1WQTK76pAm6pwRyW0ue5w9/5Y/0YMu0VakvuOC60NpIExscG8xG4HDNppKmcFwrKdOV
68hNvlEByKw1bp/nWEki8lE/Y59iOzGzyjGCFToM6sg=,4a+E0gBZkjiDfj1dd7TQAaHO5UXbH7hpeNTMqC5APTg=,OwoDZeQWHCpBCKvp7IvSRn84dvJ/MKpdu81xe1GLo7E=,kkU4krZLx6lHdghthd+fbcCAlNSytfvwz1M6XCKYcb+sS0N9XJLNY/xYOcKPbITI7th54YVM6tsNWRGqHCkKrQ==
6ibiqixK8EDYhsYk3/rYXObKCNKpRCUQCds1bY0WzVk=,4RD+nmJkcC0MeP4vBhJPNuXy5TtGhvYWOpH6mH4Uw3o=,Dv9yfGSN/Ubeg/fhBx7ApzOfJKxFrLmdy9wWrWv6xLc=,axkOaTN5BcXsQNfj0QHztb+tojG9k2shY/82OUKLeMcvp7HoJ0VSNQxlb8D2zc+vPltyinKp4xs1fkhPq0nwzg==
JPKCqXKFN20jyOhlUTizkcflaOoxBFX8pgqPYYsaDL4=,C9Wrh0q2orEJNOASGFVFTv3bBjOFGcCH/fX2CGdtkQ8=,rrnLYnE1N6oBtCUU8zvA+r5GgVqSMZ2Hbifk15e+Gg4=,ceBgeOZKfDfSK6C/uc8RDFnns4/vM9PrSVesbGswLgDNSsmetJsaGJTrYWM3Wef5
JV0ITHRzMkWRgqkSfqsslGdvMNCmn9vBB1rffiRSomo=,K/ZwYDQ7LqXFD6yuU99k93RsZZUAXVGwROi35i0LiOw=,rExx2tvEMJ/WiZ88P/H3z7+n72Yw7HbE4CwX3RKtJrM=,YKFLR7HYUSNAq7VynU0KEl4h1OAwW2qiF0b15ypjmuY=
iFCb/y9IxrhYEyqSRHB4czP++UwWng2aCa2UpI5jwXE=,XSwHEbpuMJ6vve/YGHJCxNpWc/+sCnRWkj47DmSU5i8=,GlXR58TnBv/wB0wtcIECsTj0jUoLkjHc0IIWs1giXL4=,mGrf3fwz7arXmejwMazQxEBKcOTVE3wB6JMn7OwaqcI=
+G534vRfuUDy+tH9+qWjxplON3kMW6Si8qCn5wVGils=,m/+Wbnx5XWYI+wDJqLqJlleBKgJK8U5CUbF6+JmNDvs=,F+qoCxwbikVYK5+ZhV5RkYqJJUuP29tmawADz4/Nzbc=,qohU1l3OJfd5pvMbv6Iq294j5U9T78fYRkwMoLvslM86LoTGY2HBgHgtyZlW5oUrcD+Z+W+RG1iQtF4RqJG1OpoweNgml104YGliKDdkWretXV0qwwuy9iPiCYgKvScH
s1R2A5CmJHFkffOZjTLDw7aJCmCZxE1tTyNjqMwUPJQ=,GYoVMBZoOQj408ExXWe2/k6fjk0gZfE94ZWXIQvbAis=,11zxJi6peie+48zwnRL4kclaKGIH1pIGUEM/keIRpwU=,ZyUjLMO9ZAQpku4Xb+BFgh6ISFKXwSu6KY1CH/JvK8SL8FjbFqPrrEfqABDLsB7qlB9sNOAO3PDA+Gw56zclew==
2JkEGJG1WrIZFojvrzLoULvObR5X7BzL3PCekQQkDc0=,Ui/kuyUaubb4hZw4D5hakn2fnnITn4iFRXSXNiKuCV8=,U66E+ijhfoFsd1QtkwgU6WJOPiiFBa0yjE2EikT722g=,d1siF/aIOiRdNONEIOvvX9tS1bToeRfFcxY6UsVyEXmFRxa7iTpXCelOTPuaVCjAzI8/eVuTF80j4gFiyMPSbw==
RcfKo+A6FeHLu5RWVlfNopJREFAzDlWKliMn82OyOxk=,IRFP6aQ9f8h+Q7ClX5tcDopxzNVP7v9fQQLsxx6akmE=,kgTCPnumFHfADhC88tToYJ8syEqFwYHyU+aFylss+1A=,wM3v5HEIyv/PYrGWlcGX2pc/u5teUA33wqMFcz3h3biCX8IEewLBWQGmPO0xnwehKPFxtW80IyPuECsQziU03w==
vbEe4ahM3mlZqINzEPipmbB500U6UNDBeCbTESsXKOI=,fIdFurEi0V1se2RrjVePIhoLtrTyQFAcITdGtDmC+uU=,/Khk1jgptl/GGkALIc4jUZs6Xe5wj/jxodgHhUcdCBY=,2hauq5qisvTwuCnrJ0tQ/fKLMMjW1rvbF4xxB5uQrzeqI50dNLS48rkO+J1br8McIeZU72yQRRAsjiZgx1S58w==
mqC3WDZTIiQ7d84AhRwsVGpcQnnAmY7hnIe2lWzSx9A=,7oJ9dF1ROGK5oUc8Lp0QjBXwYVvUYU4IR2O2T3LmiVU=,mdx/PC2v42ShwylylIymvLEYSgQKv89OM97moMj/h1o=,u9JenNBtlV9gc0WGMjkwqrTNMUAa+eQUo+oBfwwRMWlJ769XEqhBmW0OnSQJNBCvXmrpvkfTMVPQi0v3ORX7cw==
fKWit6G/PUWjpjdpy9mOY55h5DSe/3KOulrOlsRMFck=,3bT7VwSLfyBWJ5nrjlgqXCkrx52+a+sVZP9N5dTzr/A=,mItAGEeNGNKoEJQJTJVd/7np5z2VfMdjaG3AERfp0X0=,4lI5sFXMKEpTK+Kd49hya64WLDWUKaLDaQzshPc21OVzZ9swZ9JdPgyprzHtEyGL
B6xWL2dmtpF6lhwmTCwUt1a37HQzPqhtiylFon57INg=,gYkV8u8WJMPpeijHh0dMcY5mlkRhqfCelJi7gcSMq7E=,GoG+JI4Frv0ZiWWHGTbtemBSGEAox0H5GmbpotcIoAw=,97LMZserUW5rWDeb07VZGU7e96KRm0kOwoowLpeKxnU=
V986hBFTqvcSHfa14mCbSt+YOrZpEeBuaKOParaIozI=,AOlGvEHm9ru5rKPKWrUxtGedk89Vq1bIkfDuKkFUVp4=,UkMp0Tpts6DM3Mg6pQizx8Jm5bFnZg0mvNzODwU/usU=,M1NWLKuVtGkKQaMnxSqrcFTRFuFDp3KXRGGLUC6PJxI=
rcWQjX9DykLozMr47Wmme3ycCyk2RWAFcH6ATJcOSq8=,u1cCMPDaqc2CbU5lpMr4KPr6odNDstZuvIsZMhpTdlw=,G4oWcNTgSuCsffxlQlwpBsMnNiR76P0hKbrQYggsx+Q=,+s/ZScs6GGPNkuEwC7SVUh//9/Mhm+KhE453pUKciLUGzvRXuizCXzgDA4I2TlhXClVv9pi+wEuNkRI0jxIvxA==
Jhlaw6/n/yB8uoU0VBVXqxab3gNstTmjD26gJvsaBYI=,MoV98/jf/gwUBL2iv6NOCTU9Ix90lGrdaK69e/r8irM=,Oi9FEq7WIy8G4x4SdJLBPPu+vw7xC+OG96NFreTaa2Y=,LAc22bs9GfKomz7i8qJmCL+Al/f+trHxtPvW9ho83i5EkTdN4/cTZoL/c/L2KWPvhmd6nkHAIhHtzyT0tbMvig==
q72MoHoznwNsHWn3V3e0DAlOH+4c/nGpBKB63fevid0=,5id884rYXSeb2eqiN7EQw9k5MSYPJeu7oJ1eAP/2IqE=,fyUiNgs3FEuXnt2rYfXJ27fKCxbmt4c7TQEmP0bOzvk=,x8dIIkFbL656cHbaEdNsDkojl93X0cSAOgI0ivuBFw0=
Sg4oI/QZlf1b0quEFh7eb+XaXlIT+nahpMSy6ZVlf1k=,g0W+H0Xrs5PaheIK8evpOOTCbDBYuuEPJiCQj8BC5/k=,Ce3kBUXdVhQCutjqeePdkp79/K1sZqD3iAVUFs3479w=,9AvJZnDwtMdy03nXc2yBDC6dIk4VFvBIg5gFtukgdEU=
agPq5OI9YR9u2EvTYuU24kxdLWoI1ClZWUnql60CCEA=,I94QRiG6gDyR72y7bdDaOooVRFmOFhnXQcWAZwCovFM=,cMBaHrOu9AWxgxVc1CtL8oVuatNCUKGobJO6MO7Nyo4=,l4/3ujMcpu8jLlK5TEqg5C8nj7ClNhCzVz/n3gJWfZ8Hg+tE1CADEggqX5IWhMbytgWTHh4eKz0pIMRUfzOuGg==
pMrIJ4bwerfGvxGSIKR7JLiCrcKqRiyfPTY9rBEW8Xc=,HCo2QnnfDWI+hYS2wIz4Dq5FXjpP1QvRAshptaWzWGk=,CHysq/mL6imkPQtq5vDZtaAsPlMrJaw42j6GCxR7e5w=,plKD+ZwLM/3/rF01VfUc2RofNzRmYX5jEEwzSd9QEPbiH2nw91eXzjAHqkx4GTLrVV4DykNvuaD4amb2WF9xMQ==
ec5WIlRM8YgXvkSK1LuxDirwe41DnodB080BwCx28vQ=,4GwrvvedXN4Uisoojg0IydGi8ziUFz5Ydk9uNbAVJI4=,obclMagclOUpl9cus6YtNnSDcZSk9otjZj0hJ+wlPVc=,38g++oYAOUV8tOioYTFGp2oQry2Pq3UYLF/YYF0Ezeg=
tZ7bdCsel2w7DzmgirVvbKpzIr/zK3Ti/qKjMqDoGbU=,GhSf7K6C+dxCAmXyaq1vmnlgWCJSQ+TXbFePjJBRExM=,vb8CzKOQJvO1zYtvMND55/2WmK1fO2qmf6v3XYewH98=,UH/le4p8RvqZDqXyH9axtaMibhntMTV7LuBzpVbmxPE=
8y3o2IlH6SFRllIEUlE2NOKdVRPojFpVlN2bWPzZ+wM=,/C3WScKQis9AhTq0CCS2oZtCXysDE/O15QQ9F9w1yMg=,rOgHMqCzWs92xTGHB7qvYm+AUVgBw+zLw7BB8GVS1FE=,StdMj51XgZvGiDe0K/LDIN7JhYhzWTNXbaFTI7qVymz3+vCv4Rab3Scx4PMOwV1yEGWZM9Iz3+yrShzeJduS9A==
aOZxz14YZytEFwE15gwboz9TIIdSwvznQBw96NWvv6c=,0Eav04q3d2GqfrJyjvtrKtSsmDhotriEMqjbLHRge3A=,w1s2Z1vXfQKvE9xDRhWxYPGI7G60ph8pLD/46/jq950=,rF+uZV8ItS10x9cjb1sRNSv7hrSXMloEeEp+Zx6P9P1zc+g2PR8A0S0cJ6oh86zyA8M9HRf4CS+xsLeYnTDTpA==
qxMTik+bzLZAPDohg8TZsI4oUwd7egwqHwcxBIpIPxI=,JqnnoN+WfAcoX2aFvzFOz+7WUbPr3OmImD5MjRdSPXI=,PrQtwvx/c99GD8NSETBkI9yaH+CCu/GPcKAFlp5UjDk=,LcK+0E3qzlLWh3c9xcfS4v1eUGzY4xCZ5iYWMlP7vyHy1FC80WOhjCWoBh/94FvoWWib/D45CNGDOaobQmVoKg==
Is1eWWZ5AS2PkLdnZ115OkF/WhZhAj+pQLhA1Pldb8g=,Lpk8FCS3C7leaDDe5GIvL/zlipoornYPdW0Xhtt3w8k=,lMeWuGuLWhlhHTWiqjdVarN4GMdBVUMGe2zRLus5+Ls=,N5oN3UycktaSNOEahh4odlPgBrLmHCl5QKXMmRQOiaBGbzM+He3dbZjYFQLNWRDhKA2Z4P1ovjv8jVgkiJp3oA==
mblW7GIJak81aNDLhdqETej0g4e2oxwTcjUt6LEfmkM=,OUGoaAFfRUsEt5HpaY1XAfFUWFf6mTG6P3llj0ifJo8=,BBknAcHCh3FEPm9U4H+hpmYKURv1lsKEGab71sFA1/Q=,67jFwGVcu0LDZyWNvemwaWS5SyHThrrKkDbV3vC0XCI=
fJeaO8ArgawrqrI/uZTvj1guP+fSJ+ozoPTWstP/WG8=,dRVcWQhB8djtbXmTeF+hkBqoWiYP1Yq0KPc6iASq4wU=,w72WhUUA1BbgJB1nWNGLFbsndM83RV3URtq8aY3SqqY=,E1PSaj3VOE8J53Ju/lGdRV8ZtxvadOMj4QXuW5yTNvE=
y3S1npYewAEcflAWd/Hk6XH1IxpyPKK4TP2K6yjtIGs=,rc/7/AuJ5xbp2JgLFAmWsXNmrlF87noo3+JhRqDpCws=,8YVnXj3myz66GM0e90tXvyEZlJCgWCR+/SEs3vXUmZo=,TxarqJxFBoQYIG9w7lEbYcC8i7GKTz67tz1ewVqjoFdpI5pAKAtqA6l1s/MynzOJpSwIeqNHMSH9pbL6qGJMAA==
ge2bC8NIC2qc7/ksqbPiLKb0R3F1SjHWJ9X/uilXlQA=,emcA/WaEjwQJyFfjj2NyxNrNAElpWht5KBvgLjNquNs=,nlRW2RBJ3TCFMiWB9DL7L0TRHm0UyCk/CnB9UQfjVOI=,mB5Mrl32gIz/C3rfECLSwsOtDRLmv5tXWD4OwSFBH3Q5RtE83kl/haNnEPxMdT5srHdoIWq+pVZm5GT1h+kNPg==
1LCYKcMmovf4mlsW/mYpi8mni+7CoRgMx0CEO3Jak1o=,IHHzP3d0x9dAwLns+Kinpw4xoVtXkXru9cT5H6hp3hU=,Zic6/VEfR3GYllOvHX+hIK+13tFFVwt3lJjw/Zcit0o=,GkIvBA1IWsKFE25Sy2H1vm9BBqIVEfsq0l9vLi5mPgY=
YhuD3JD8JypOpFRS5JwloLZjsu7/H6EeHN2nlbqs6G8=,49z1xisxOGkFJKDC0oB3fXmuV1Zy3zgGtynvvBzLDYA=,UcIeNkBGWVfmimtJ4r1qLDYGFHf3htuR0CN4ftUDhkE=,pFebF3FK8T30MmC2ITV3Z7pWLqtDz7kPZ2VhedekOV4=
v6hOgAusY2dWogXwj57RyFyRuVfGR48XNFQ8Ji+sWMw=,hnDn3qexn5KsvZWBNUUwo5y7sCeiEih3T+hUR+Yf7hY=,cJQoelqoTzcq5OFuzg6TWB53u2NQO5exxP9kBSqbc4I=,Fw6Vb4Vk/ad68naxoXrWQutABLYXqj65rW+YbFj0gG86pip4Pr0eLGIltPsNZfh/HzEoyT6QrtBOhfRDYhQsYA==
K4xUsVtdYTm8kKewV+++786KXnq43zuNTu+yP3qRpjo=,do4LCA3GOvulgvedvb0J0J+/oPLoCfXs94ggE3SyO10=,Fi1Loo0gZsxipMQ5aa6ongsFFX2Os2zmhI0R4m4oHnc=,zE+0AwP5IPbapQM7Z7sv9f72E8K7ll+q8ShH/UG3P6xX6+sHLUXRiZPo+ED09JrVhguVcLP7nYwCwDOg/nZN8A==
gWLC09+not3f0sdGxS0TvZNwbc9bVK0vjoBv+aOrG28=,HuaTnqgM/A3x6Yy0QijcbGO87sMXwhiwD0QboK60MZE=,UA97Zjj8RbccvL7EjpS1/yLkpC3kAsmfHSWSgAzAZgY=,wtIFdHQydf1rtFOSe9eQUGIOAHsDQs8cHi3QzNIzo30=
liDnul+4d+SMmPr/Z4SVW4IEbz/aJbs4kZOKbjBuaE4=,/XyBkSQG6teOcxubRDMhHX+MpINCpi8PMFJxpUgzdiI=,KBW6je7d0w8FlETWhm9jPUNKmHABUFdVP5n3mS25JRM=,X5BPfVrZrgFDZn0Za7hYrP/Ur5Sck9Lo45lCBqBa3Ug=
4FrD3K7b96rSnYTujcbZbXKLe9obT7Xpfe6KwoJHsow=,BOVmOYcWrK6uRniuWKU/hyPXccjkJ3XZDmKlxFWXRjs=,9Z0m/Ju/M98KpyGS+NAqA668CVpztoUR5k9iIkajb9M=,K7aCmA5Y9N2IaGOqScUw/pPFbgr2K5BqD0IV3+SWDMVEvc635LfkmI09KcOtu8wpOAPhbR9wU1TjeKzKucTWzw==
VwslQ5tIjGErq74CARh2wvLCU4F0aBvNqWgs+Yb08TY=,7qYO9mteF8clupntc9v3rgAbCCXBe67R/WPqPp92nfc=,kXsn/Pu6sOhPhGVcm+hP2Vv/TWF3tW0Smsk+Rc/Me9E=,65SCopbxzy8cXC7E98ewRkG+wUdTjUzBoofHn/KY39BTd3RLgd6++Xnc0zxkmFLD8oNxFf//i5hN60ou/Qz5Mg==
+T3OrqlJwB4o4mZ4GhJKTNGu0O/NC+RjB/GIZFunlYQ=,GfluIwHX6RpMoFd3A427cueB6Wyb9ey0BU19KaLUi/k=,uSQ9eLNb6Ys8ts0K6JrRCPHrcyTqhRbvRwfeDRz1DF8=,LB5awtiFdS6QwcqGBPz9PoB3Fr70icFPLfdqEWW1Y1Q=
xBCjnACkpvvMvtj6dBNXuhdrHMfiUBofgdNqK+gU/As=,x63yFiJp1w552FPqiz3qT6vcDSgaxpoK1X/fjwiEM6s=,3WSJQCKjOOAaAUEBDZRFQefVfWoocBR3IGq8fhUaC+4=,rVvI6r1uwKxn2l40QtWXTm6LVjZu2bqFEwITdez6vro=
Qyd2/+7PTAuZm7uRpFwQYpZzAqZII/dlcH3AjN2PgDE=,d9V/jhkg858qL9CN3Z+ubQ+DVpBAbh95yGh26eIFV+c=,lyEFIfAIKhRj5m9C5XlUxMNudx9pX4jmbEVxMuqqS4c=,Ot0eAg9quwJx6upVClF59//DAfcXSJrx2/XpBy6N3o5R5QKIJ5zG09OJnWVIflru4lJsxFHSpJExbHrSDzSx8g==
65RJggvKO7b9Pe+x5sfOE4DFrrS/q64c1NjvG6eLC+Y=,NI/R7If5H2r9w0JP34n72PiH1ANRfOASvS+6SxKDxkY=,YyvT81ANsIWgVVz6i05sXSIXMvKdtaiCPuTEuHpW7Z8=,Lb/wqZW1+PLGO7FHPU7GLw3Y2B6fs1JGJbHC6jrYsGJuAM9MeY/cV+KxBgd+5k4WHK/LiGezPm2+AIMI91fzaQ==
X7O0kcVy3dG6ZLMzjwnM3Jt0ES2CHCWxFPAqv1dNLQs=,aArxtkC7abN9SXdtV5JWbgjzdA2vvjS4pRC2a3L9BSU=,ZPT9A0rwt0R39WvjUNzsCCbvqWDds6h4UUJuB6ebuHg=,xUQ7VwUCjgdGqsWmL7+dtoEKLuAlp7MeWXl4BWTT9ao=
xa5x9jemFhy/uEm2graa1E5Xq04F9t4xG6QVBkfWq0g=,z/QnMVK5owYlS/SoxyvKTNi28XZoR7u+bhA7W+l7Nzk=,OO1tTB5ZrWZ2NtWkbPPEpsttv3JvSA4eecSUaaN5jNs=,OrPnjcXuZmTTBwjLwR0Bkv7pOxWoqtxHjSHYseF7q4g=
/1QFVifSDlrS6TZ6g5ZnY+dfnAydEKZagby25qWOinY=,GXhIId2lZDb4PWKVsNCQrdgb9ELs+nGdzrRu2suLQ9c=,NIZN7MAzX+DQi71gG+UBufeXPuL43tfCN7So3yGtf6I=,PJH0DrjPxAZ0nE0g4NiBd12G52LuaQgFcl+8xdT5tCUqR5lMtoGplyTuWjsTpFPQ8jSX0VnxLVHdNWdC5uD/gw==
6uiXd802ZgmCtKUUiiun+j7ISiXTx7wCwQGC7bPry60=,kKzJ2nRgM8MpHgpm4mZre3PGZUBaM8CJCJRpYf3Dgkc=,IG3Nb2ZNfRg9gOqMjf2xqMpY1dP+N8+Ej7AOUdOZUsQ=,OJu0x4lvxEojDpiiGqRP/jDPJOnfrilVfOmzq/O++J6v5Cvykri4bJWO1Rnc4C24yluf2edMOvOPqNSoN6aexg==
yGKNWjvksBE485Uzqlutb04VuwQGr7Zzn3694Mrh/8c=,BC2xe7NSEjOAq3nFr3af/nQB63tCet3cR2z5c5lImYM=,3EL1gcVTocwF2R/3aKETQeNwdLgdI1wZvvdbT+zd/E8=,IDgwK3VEUrjz2YWFMq7hI2L2yzrVmJyll6nAPEYfi04=
R9sC7rmtM4cChuOhEqpBFOaH1Y/tMN4QnUev0bxg8oQ=,iudY8YYZqpmRrHam0HMIpkgmSLmSLGWAzKInjZoICMc=,Yp+4MiQWlCi1daNrCC8xd2L/rzYM+Ip2mhImdnuYCI0=,mc78Wni9NDt7zUPbMTWMAVac2eG0CSWJHrRtbd28BzQ=
oR0oc/m6uA4mk7gEntlVQtAUhk2HEJ13XhLMQQsd1Aw=,aolT+07AExvopwWR/b6EYMnImm/63j5+u//SqTqDNS0=,PFEzySUtbt801+y7CoihL4BDh9eMYWijwlF2wsPoQfY=,enH/Tsuq2ZGpJvizU+ApAHSklC/9gQWdk5+8guzqXK3j1qFDCxGptkiXgiVGmxr7z4RaFH9AWT0vxf3il9IICg==
mmVnSZxhmDbffqQZatxlT+76cwsm4wcNVrUYogwju+s=,AYy2h/ugA+WwzH7ePRrCkalPcYnVLgNuBRSkDr6vQE4=,5IZH5IqRXEobEA+h7j3Ww5Kny0+igu5RWS6TdmGjJMo=,dOlCg33XQQPLVClaCIVMMmxKTIYiDKh7QMbRvBZ2N+3e4gifdPt8wztkrJroIeYcRZYM2Hdl3mvOz+/Wi2BRgQ==
vNV+4IhQ/ERXTT0jlu8O5tFYssHulflSHXu0bbFfLdc=,l8SpSmu7ZB3ebesP06gAlgYSFd7NGEyr4bnsjEqpAqw=,er9g44D0SPLvFFYRE4WGEZnDIm9he1BCiY2pUv3RMhE=,frS5hTp8BD5RnT1qryZw5KFJ6tPu7jk5Nr1WLUd93NnDWcPkwNPrifiJTr7yAMgn6yF2diz0usImMDAUfThPKg==
G1b7PgZzU1uFvHZ/2mY0Zjpcjf0R+Ns9rDA81ZXkjtA=,FRg/XNo9kGGkE6PYl8diHk8x8QdV2/2gJFJDjvhtDoE=,FQVCBONOYk3KG98MU1s+AWJ1zM2bPe3o/Ds2zduHJeQ=,hNVLbeW0TSZQWw3Jx3z4198xS9cC+KCMooiaMzLzRYI5fNLABtUdVwFB/UIMLxP6yob307QAm3r11RjcWWN9gg==
shrw27SLmNfc/QSoAW0GsYQD/otcXInBXLSrTj8H9qw=,oPQaRy1mvJ8FRJ8zjJhCeBLl2paC+Ki0Y9pCAPjpov8=,N4f76PbjYt4C9AFF67Foh4iuTObsDfNvxv9gOASO3ZU=,PwWaynxm8v0l6SAAlVxzKhfyu32NwMOUsJFheS7XA0k=
tPJj63xIce/DMbflGih36ZRpVyK3X04eTNA6NQpLClI=,kBJnwn4xiL4Gef4y62//sROHK7EZmgTEXwrCvt/AJYw=,KP/GHhxTrJ8fbDOMs27FvewaBFmsol3FUtXuJpu+BmA=,vrUO7o5BpJti5QbFESIP9M6I72ItR++oooqAPMh+zzY=
La/RhS1BQwoSwvXz4kNI6dyt8aPxggqsjNjwW9m/Qps=,MJ22s0l6s0WY2/fLxbWdDa4QiR9jp5GP18FUlTE+PXs=,4M0vMDSfAXVkLsBbiqenNesaZo9Ph/V9Kr7QLWX0n9U=,amX4s8VISuaJArcpKtnm4x4rRbNBdmOxqi26zhKB6v7o+MeE9yIibZOiM1+/Czv8DebjyIltFznQPmsB2Pa9EA==
2c0UqW3Mlej52TiiRCjX3lu8ADUxJy3IDLIpQbvvpJ4=,GFfZNfZ6AGV2D+CtIdld8GYuWIjrGTJHcpq9BiTSvr8=,xJdECPZV0KXFvlynTOebRWG4cDo73mPjwHxtb8Pe3KA=,aSyeeQvv38d3FPH0dyVEWC7QgBK7xWM8gRnZJGEKEnIrT71dSMY5XMG4+N1aTtyfQF5a+/veGK0qB6nDLiB1vQ==
dKnpHamW22L8A7TB5ODRXDR1kTgouPOb0+gqCu7ceeA=,SbdOLDE9J5o7QV7yhfx0bB9OGR2YV+MTT/G6ccb4SB4=,l32D0rNsGGJ/IcgUgEzfn+pcvYojFv4PXgGQVlcEnY4=,8/4t68S4IcB+oNFCXR7AeHa7osXahuaSQ0HjA21DFNY=
DS44elk2dpJTPQE+WFjtiI7mEFFXPuk12roYy5WNklc=,6eZjUeFE5l1d70N/jry6sdKN+02ERR9vrKb6miL1xzg=,5djSWYloiFM7BN4hgLoW+hvxowKElnFovISvC3NnCDk=,vC2IFL/HHjUkxmNtLBE/MB9bVODCY6eR6LGygZl0zjk=
FnD6xS0M44Ov2OXxpp7UKDHPK55xBPqCdaRgSnvMZ30=,BIGLf8RCT19nI6CIWTI058rDAvzTYT8R9QaHl5E93ns=,Xzh5FwCn18UVDvNHVoplPom4aDWUg+2D4diR+z8W9Wo=,ycmE8jsRtajXNuksXBMv8rao0AIp+l+tLfKu9dheQ0Beb+TFPZFviQJlUGH120QObWaoKKLSMWUEZcqcZrKvbM4OPvtW59PPnb5NOXk+F/SUjRp6H4slLF+vGQaxU7nm
9l3NurxYqHIDSEKav12y4VNntpNyLwsN8Bj3JzGgXFc=,Kdv6mQJptT0XJGeQIhpa9ScQ49hXOiHBjcJY+gPNKTs=,lxgoAQhRioZBC9bNZ9WwscTWfVQh9sH5b3VLXSdQ8Tc=,ZyNqFD4gkQufIw/Tnedv/1wWSGEyDXzkWOJvfZdlzVFNddSZoY602bE/7R06wHfbNOrjyy7CuNc4KWjP/g8vhQ==
N02MDFMZr6m9KG8NW/S8X1YOZm71v3mEIMdDpSztzeg=,NZwDnXmr/ouLZTliTPDro3ILU5e8XG4USEhc2K/Z5GI=,BPsOwdkwiqE3k4hrV4YSINrHSO4iS/n0WnSFImeDdyQ=,3ByQuf4+3qTirXAMVvwRi0bOhP8XRStQODAC9ALcyjhdoRd/jsy4Z8rV7fdGumxvaZRYj2P+8pHR+iRRZmRR8w==
Xwb+TS0oLrUPY85n/FaJzra7zk2OvKAObPDQYYy45Ik=,4T1xnFKq5w3XuSEJlAX3d57byaNrZ0+L++oLieWeAwo=,Grqt/cT/e0T+dimuhvZWL7jO7iKmdJ5VI3kg1ngLyKc=,2fAKtXOUYGemi0iLDZzE9lgioP4DD1erVCJWK9VvkON9KSAbldJodQ8CAjFiRMnTGBUR0BMrBLpA+pg4bilMHA==
b6olAcXkDGOR8t8YGX0ggiV6/hhrYyfaL1EBxeK8pgE=,nLbhhrXlEofUPr03Kyr/LN9ROp4CDhpfxBcfCns4/vU=,qsOiaNMGSuDR3oD1ZzxE1qRlMD6wRf4DCyMb2kqDYdg=,II5vJxayTpWd2keTEguP3FruB0THY+ABmT8KQziN7jjVAIiHiyKaQ+nMzUDEEWYNdj+fWl2JDF9QE0/kH/icRw==
kHqtI6z4mFZhKXYM4zcPM4gk2e3GMnrz3tGiEy58aLE=,P+mVwfXJrKpror1EU+xKD5RftacceBydRrNHvbG1dh8=,lmgUWM2U53LxUvaj8+7FV07El07+6EXKDl3+d3WppR8=,SAebkluTDLCBALhPs6+ld9stK46cTKUCpzd/gjKUdiJKSq69sIkID52bIy4Dif1p
HCby83KXrkU5+OcEUVNjrxELRAC1HzaMvAY/4lyt2ME=,6ygwkLORMFAfPbT8QSZ/Mn78MdOOaD20ZjOEkwK4p3c=,u/jFoFP/jEkkUAdQttMjPKkXyoiLfV8vdJTdyFZfzr0=,4dmEugfawvnqvsak4wwYgZVZHeaUZby/ijlt8hYJUcvi7Qe5aoLoTmfHvcenE5GpkxbAKCvpjm/lM2bicsg+Bw==
R+TN8LMmOc1US4XdKKbmZF6T5DM5/0IlrnrGpFbwlHs=,brEp453FgPL2Eb9cghfZhJLcuxvksPOXpDInNVjeutg=,ibxybIaaPl4N6m8csKat4Se66o3r7FeEQvdd8RKqkzk=,TmG/1hTHLGI8rieHIui+DPnNPqsl7MPN6oCUSiEfIyPBjQPBTDGDyAPAALY2Vj0bcYjntQ6pYEijovSogUq/iA==
FQApProCn+r2VHngc2zzS4UYXAq0cAhfa96E5N/uKxc=,ugIBS3a5rN/dFZz9YRLbztR6abb0TxIjaT2BrXMU6VU=,FZIkjrOVBFcPu0PrbVZ+F52aKQh45VKrBpr8ZtBKIZU=,3I78bdki/KN/NoJoMGKK8ixIqHHdItwq6xIXkjcfGmBqTIDjPCAKJOwXaA4nts3JwyPSMTv5U292XXAm+stU0A==
5vdyiWK0SUihUGhkQ9qBIZY1oexlex5MpNJ45E5QDIs=,6+Dh3KWrXa4wjk6Y+hl2P0j2k1qtPUnfzGWRSEXPBZ0=,EGAyZQUwETM3mbEJ58nLrt4jM/U+Ohf+ZtMIdQjQPUM=,GlJ3AD32a+jbdCiokZBCVw3a6cU40L5LELeCeaiO5onUCA4O9ioi8ZpbD6NRjDZjL17/KOUHFzVV1HVnJcQX5g==
hycEaCANIAbSIGrXCMhkVn/pOS68wkh6zm42HMxC6FA=,6QCk6IyGljMiv+53DL7T8+4j40mXnBHO/ql+r8CyYkU=,7uCMAYewLjLrkffTkbESU/DXhcDPbOoLV6CVVoIYJDI=,C2n8bSbaoX4DJ0pJI13QblMcnsZXyOa1wtGDR0opaPisP9RiBpEt4jKZyyuVvXbkrh7Ms8F6COQEndQ53dF09QHJpMwcDC/ZqbRkaGQHV7qKnxDPzykTzxAZ8PxTZvAS
j7q83xt9MtuzBrCbHrr076V3v+OT9XkjzIx0j8I2k8s=,i7/N5hLKOGJpNH4aJeg8qg2en191FB/IwtOHDxaiLm8=,3y5AgNGFJkBXawmfYYczD6begiW2+Es528+RQgn4ro8=,fHSxgwwIh3Fm51j7yUlHcsiHCXNI9CVYHiEGpU8N8b7v6Yrt8HmYlUmM6lZiRZ48yGxokWNvAS2FV1IJbQ587Q==
slHWurWGz71UepEMuspcG8m4b8iEs1zJXGnzns05Xs0=,lxVcD/Bm1+fp7dI56QpPLqWLxKxnftO0UjJgXGs7+z4=,4d+X71E772D6kkyZvivQCLcYiHsqTq2t+hrvH3k2t68=,lcbwc5m2HMcIYXzsAwXXd2TAPfKZtxSBF5uG7khiBPIttHsQ00f1gVDkyqZLztXa/XEpumjpcB4oyzDAIkLKRXccLRBAgvmMQrPeNWfLwvpmg79IXuaWzptQWGJdp6d5
ldJXwiOnxJOpBfRso1In6Ry2je9QC5S4QlYPYmcfRh4=,pqCiNYuK5VG9aCFgZs+KWoe9FOgSHX2crcODzAE045k=,4kaJ4xn4LPpEWbcViJkDuKrvUMgD7tdmgdP9mPL3lA4=,+dxomUgYaFUYq03/d7GfRd6jZ3u0sjiX+oAkluOTn/Cp2S9XOhBTAzKhaGsuoZ5XqusOfJID1HuKRcQOnm4xHw==
3ZXRLoLwPC1nnYojC2YW64T4IzrJpS2p8cYUAKIO+Vg=,ekczUT8FfHWmNHDw4yPvXsnv8jVopLuMFQT8hBSoe/o=,XNeDUhRTqz1RuGcsKd3kZBx06URcLAYkU8jvwflWtS8=,KdW/kIQupmZMoXOZ0NyIKtiWVBdzZpVbdlvBaol+uqs=
8iVNte78EMc1XWgbsy3CigZrMMh7Vqt3OXWUWPt+0N4=,ei4O7nUoIALxEsDLApFX9JOsDnA51xBC8nrcJwYtgv4=,5S+7C+zh5SPRq3gphUYpApG4grDKR8JN/zE2Z+3ciJ8=,vAHP4pMO8nQbvDH1WeKKGNmzct6EP3T5t8f0qAgBpm0=
16Eou4kW+sYe8fc6u0rsyCwybrZRC4YdcwYb7YB6Ocw=,IBej2O2NQpOtFWpjPbNXMlQw3GzdW1nN9xacrY3wx/k=,0f3Wma7VC0Ib8d/wrD/lLCsAePIDZcrnVWDs/NqCTHo=,GvN+G4hKhzKiKCbECfMleEg9RbsGumQ2Cqpum7R7Uavz8a4fQOfsf9PvaVJfgh4sYCtohae9qVJ4C9tDdI3VoJROeiYR23oSxkv3AxnJWvwVHs1r0BAm0lXvKZ4ZjV6U
awC82z7agXoPbx9JWvUxMfvzE3bZFX/8NdfvKU46Q/4=,iQ1oHVe/jn2QQxAGQsH3d5tP8/B+vJ4cnT/tB22EG4E=,5JThT6Ewoel+FaYOsP3pBbOcOLDIOIhiXNcKm50oylU=,3oeY27VblGD6Zz5ZEL21wGKeS46TQSIHhOci2yJHnnBuGRYvXYxod9hdL4ult9aX4fjMG49rQIsuycE1xY+miQ==
hS5lUxghJsqdh/n1mMrfkUOaa0Dx4wU1S7O9XKmWgfQ=,nQhsvO9NJ7ZFRIaDo3L/LKe2ppCcXjjTcHrmObXoYcY=,+FANp4aELiaz9J49ynI4xh/Qcd5Pq8J3df1SAVhxNEA=,N094rDfRTMrtWvP70yHmoT46Sit9y64o14qMHrzPZCNDxc5h2uqEb81iF9uvSPRoF8WT4NNzjKtNqhhH6q5gDQ==
94reHEoaP4GYrl3JPiLmSkjvoNBeJ1OdKW3Mj35yKws=,pjOFN1Q+bbkvgVfrXNHaseC0RjH7Tpe9P8hwNzyPsk8=,U/Q6BJ1aeYyXuWW77w6zFQ4vZAnJ4Br9glEFG2V4SOs=,U5D1U7f28KM9mLO7RCgQl6NK/yNbViDsJhSBau1o90A=
sz19/U21urpy90r6DRwj4XqvvEwhXXdv8vzA3U5x5uI=,Jh0IjxBHCTpkbtt8hfQ8Wotjx5nfic/Tt4LcO6VD7+w=,ey+/ll4qIJKTAf7sE1DcLVie7R0TeTPIU/tdOlTSMiA=,dR524wdgoRTuqrRlYipMTlGbz9AYaJLQADRNnE4070Y=
iL65jkbfeuR8lmLB9joBkj7UHrdCpgVSimFEVA+W1pY=,qRPDfCJw51x2YjQZAqkyUVSnwFhVX5oaP4KkEhN7p0Y=,CozAb5DlcoUFBgTURWEviemTkkTPWvDq92Pz/JC4YpU=,GtVSOvfRLGTmu3tnq2wPm7bG7LgGfFWU0LOinSjel/ZNV9pd6PUfUf6nYvcZzDhx
jfDrX7ABWbf9p6WpCSHPR+9l0k6c0fxPVGIYAwUjcM0=,cUJvnq49Iepn9kT+Qd9JHpx3zPcNcU8TARgKOrX2E18=,VZkd4UZSmJxgumCABT6HoSTDEvGVaNfLIvCtpY9IVe0=,EDZV68jxjdXCKemVDU+ovmwBgNYy2LZwsDVNrG4k4aqd+Ay4enOVBqw8p1gqQmg5knWL43LUk/HfD9NbefbTr9c3dIaSmEOkGNniF2nljEpdnQ5D4oyw4egADqHX3TBQ
RFlXnX5gMs6bU4iyX0K0/sXi0HSS+LEQ6VfeEDoz7DM=,ikIN/NenbVK+emqQ0jdEPr4cNFCJJkrXsNQGfzTtcUk=,o+1OwPhesYsh9y8DQwO5XqUj/fXFzgmI6CC1dTVEIgI=,IrdH8Ej9Khu0MZy2WCtt6F6T510tb90DaEkq8IE+qbBCPlu7uGGOIHtOXQNvufyopJcO9guJiKJ76h1oH3wtJg==
xcRrvpkzew9KBog4hzD4Ats7VAsTey0gvyGEVQr5we8=,Ao8bpAdpHv/p7EiCuVtTHPcEn+2nS8zv0VYDpBA0Nn4=,npFj9WER0lR/fH0OPJSGlYgCsf9dK9zXsHagruv0i80=,3lhbplmpbspnr2CO3gfD9DH3PmWbKEfkdWjxZeO++UAAc31Fg+MMY1yXhlToczlVSgt9i5ErWtWva+QjvKQGdIERPLTHYeZhMUcXI8UiIS8H1CCdS4DOzt+YujoLmSzP
t/JkO0q2Opyw2omltiQbttlTKrwhJ+IW+IoYHkbd1n4=,2QvNqBDqyxIYiK5BYxk9iWWXstgNPSUQ4gB48JLXKso=,R583OEhj1XTYvZlTFOqwFCUOZ4GgfgRU8dxMLPpjVvE=,+Goc0RYR5NMrP6qDbJgbL1k4/18N8b94SE++P69vSasC0Jmmo8F5BF5dBoF1Ang7NyUX5oplwXn+tXSJDf7AMA==
Ya32et+q9BrLCE5QrIPpkwcarG3WwGg/rCmZL3khwYQ=,atMj7ZYZ7DfvTsHD+oH72/VIG4TFrJfZC6urJ9KZmi0=,HW9ICHUaTbKqDNFesXfVYa011eJWHBfu5gdA7tZacuU=,PgMqme6bUYfVZ94WBLWY4ftvZBWRV2MdTMwFAQ3zCJqe4IJ81cYjIAj9Ypeiu7ShGk7L1B0/xDBuS1IJUqvRk7FMMrZwAE87zdC+5EIZNnO/htvNL+juOnrWipzKGG7l
5aqgIGPQdr2hBeg674p3xOmxVEAMYPDFCQ19LOMtqGo=,TwmgeVi9V/JXcWoQ417ShE+MJYgovZciNIK38iBRfkU=,3ERT7RIGwu/TCnrEQaN9wn9G4k+0J9HAvxiHPO0Rfsw=,uE5xYZ4di7Zp1QtzmgEgT+/zSwmwQftxi0DAabeIq1Y=
4iwUSKTc5YQkFxhPjsu8rD578LyVZ1M4FhWVuIJykfQ=,JFzUc15DZP/LyG7R0coDNjsCG9CHKHCNrOjlnvesZ3A=,dYZnj1wo/b6W2eTkP+IJ0z3kS18k71tHU7lyfjadbPw=,EAGIy8C5rorrFbUB14yPkjEhDG824SW6VaXGpW57f7s=
SJUxL7rXMcBJ5Tz00NoaKchAJCMxMzUIMA7VW8l/vYg=,xsyFtCpsQM0L88zOgVL/NapG3taAUjWPe8TXU0knMKQ=,thBgYtptP7XnCUMc116RGXLqg/48w+0Ysj3J+a0fGZE=,vSlJID6bZ2OX8Vx8aG4xgABR2PsLeNpi+VoZIf2tbg2ZJtrrOt1eNDL1awvXSgK5rcQLtSsZsQBIqBxLFvGjeA==
43jRMv/PXmlci4vIyqE1tQPGksRROagjoyfYh+5UJG4=,3bd+XU8bZdlpIG6ElIgwONhBHD3eo8lfHJZNb9VQ17Q=,HapBaafB3UboJ86rBI8z4wTrdjxQaHsS+ZXpC8kHK/M=,hqf14u82rG6WAtUhqQl7PXEmZ0v54Vli2FUBAB5N5lE=
H0qUXcL6Z6KPJBOkuOd8g9BZE+wwTO7qVl3Mj7lOOAY=,z8QP6dw5RuUtH9CQxN9mbq3/uACi0jTBYr2905qHYgU=,FYYTB9vgH7+CiGlM8302w996yT75tJPT7/Xe+auc+Lo=,dKHP81MaRoI5IspEmDqKEwQmLwutBtKFtNyx95OTKg0=
hdhXfJYbpTfecA9Pg7PQ8iP6GCaMlSmFbcqK5mvagKU=,EWIQM6GiZwKWF7qqd+e/IzOyMOOgmIlTwrxLqJcKRYs=,Tq+oqvvJ2p7GgRI6ihtuHa69El7ISVzrrDIFvw95W/o=,rJcXqyiWmREvNBQdEoOktWTTMQ1UNMp8QxjiggKVWrC7OoCw0gU2NtrOxtmsQbRWo4a2RQBTiWZURuM3AADGeg==
MpS9Rq29Ih/cVl6b7m5vf8WZZhkuhVbgFAp7rrRWFZU=,UhYNLhjVMtTkakLUFzkYIF9uvyLvRd6ca++EsALpb+Y=,6uCcUDsEqfHzKPZTEodqeqRm8/0d/ghdpKUq7PMFUR4=,87AcKMX6XaWsTjrEfXVfN0CyElw8HdJrqyEORW9v0aGAt4RFrzA9WU5sH1VYw/t/7Zfwt4DkZV5ignkjRgdohw==
n8FtVliSFVNN+ebbq9MAQLDywG2Yf8wlyOQ50dTEGPI=,2kzzMeUdHrGhPJqYEE4vLgZOzkgHecSYa1fXdMI9cUA=,8AwiGPnHje9SRbMELENYzgqc1GV+TXtAH3OvLl5dCQg=,f6g70xpoRgAN5iBMMt/lNZbvP61QB2lnvosbPuDATlA=
JhsIjtMNjPyunhFl/EmQps5u/KqQ0UBce3w4HiYbLD4=,WtTfnN9SmusDP9BBIIl0wjhELn4jUfwCRXRrQs8EzhM=,NjnPyjo7EKBGyeMoOpCVVa75r7MtFgtMpN5pRqxuCs0=,JWF3TN1lle2CPvZL0E+8ySZRLfHuFPQYHcbFZ8/dCbY=
BahQBYRT1bfE66vBjwpiuOFwGMsgEJXV1xRdA+wD6Nk=,QBs42uOXss5Wah517z+FzwIP24FTVV46/TQww6gjJtQ=,TlyJ6MWgZEQ2llJEGW2Ja9e1rfc1elCWSxP3wO1eznM=,MsriwJUOoWOG7FjUpCyjwDao4jlymO+IB06MitW/k2mCOxOrPsjYnEZMk7mLzJpg1K0ZeuCjirenjVPCtH32uA==
U13hzRyXWdtnvwR8wzweTaGkKIN15oCN0QdAG3HKNuY=,wasZup/8eqsRyPgE0R+nW4WwkBxyma6o3txbideGjWY=,rIBLe2pHJ1HmRjw1NaDa0WhUb72cDvH0R6eqI56Eb3U=,q6/+0j9wE+E2SAGCkCOMu/ThAQCCYDEpMNxb5LFlhjmNRGR90bGU4UPiopDN+d1+JwltgHWQYUZhRNR99ikqow==
gOdYWR6/8xNsCGZu01dUupMIPBMYN4Vt7i538JNsk0o=,4sUO3nXk8ptyLR7/AKWSkIbd3IIljrMSfjuC2zYT6Zo=,zfkOv0B0LtG/uBpqTPdvHStr6S2kkQDt9XE17EdTLYY=,L2QV6uQuiBYp+AYuijv3/DIy9x0YcPXvf+mOjYArJmvhKRZiJMoXcp5HTbmIoFE/RvpZXuAur+gJu2XdSgXndw==
t5v/l94V8q+JF+fQ1G8X9QNglOVnAcAE/yDSSdTWSUw=,ELigIyVUbbkMUE/3Ot/gP2BhR8hcXjsnLZfH/e91www=,GSt7/8zxdTHWi6WHCIjp4HyjnJkbNa1QvbUwaX8EG4s=,GNMQmi/YEAojxPpBksFkJkBKSqYfrXiWMo3I1sMO3wE7uZJ2zsMx/e2ZWJjDFQmTtHUtXgTmFlbqG/g+8wAV3w==
jZB5F48ygm7GwmoGQ1sgULFWT66d8dbCw/lHf2l7nqg=,eq50ff+GcPLlM9Sh3uS3oFD7oeh6oq6Ne1mCpOHXDBs=,NfpbyVq9X45ZO98J4V7xODsnK90oJOY9hf+wfmuTBfE=,5+JZ1ltsQRFtsOXonE+6S7U8tnABzgCoVha3MTqhulh/Pz47GZQ6aBTlQ/cLFCDU
sUgNh0jbtVeNF67jdEd+MmCL5mIfSduG9c7hl0AlREI=,G9VruOCT/RiW4HrkAZ1e2kSz5DFGQS5yjz4goxbpVlM=,t832HkwoeXG5uvbxIZlDQdivK3prQ3LvHQ756JYgtuQ=,lEEpw+L8RQY8nZfAcQgC/mxWO6O6D0rFn2CRcQx4Xkw=
f5YfA+psi7fQIdPjOJ4MbbwbsfGv1Jkxz/mN/Gmu/qo=,RDMOto6AtiSXEIoMzSP+16Xj6x072UPFi3/79uroqtg=,0x0b9O03OZBGvxd/DwGqq/OhJ3pSB2S6HnO4Tbyusn4=,38JpVaGlGazx1to929C4uPzBJtc6kOkAeEd7168pIgQ=
yukDLJun3vVQUxXOVyp2HehzACAMJ8kQQYCVv9fh9x0=,jAXzPBlmUe47PJdQ85+SpOezf3ftMIBpyUg2Kja7wt4=,xc8IFgj1Z+4Ktbv97TmeEO4ui49RexUR0riWSXyTaEU=,IcqLhvSX7/hQ6dzdY/56rfc8VSS8Zx/EF79OhKvVHkXj850wCTjU7BVDAvni8/MUbCyqgiPABzj7bSFF6NsJcCXslcRqBR7DthLwd0syp12kEvO86jSXmbHmvW6wl30y
KaWOe2jRHvvzVymC5VXM6dGof+HmixcO0W2H9dzIe7M=,Ic6Ywsijkcy/Ay9qn3VTbbvZX/xm3RvZMWBJVofpfiY=,FT4z5MFVpy9IMh200Z2urQFTt50MGJXqAtJJ2YYqGvM=,tQ3Cdrov/qfV2HX021iO3M7KdjhzaTxu1rRu/hWFUJQ=
Gpvrr/MYnaBpqKokhJLqdDAXO+1244xRFvOBKRztoRE=,uGsccUn6KoerEPriZ8CKluZiU0Rg5JIZ+gMTJq2Rnp0=,EMjlo3B9F7OJDFCFJuxnFqjzEur4seUTn0gO1DCSfBg=,2InFJMVGxujohEY3+a64waFSp/37J/5EsORq6o5zvqY=
mYEI4mCTU7iFtBdSIgfwjZfuTeDlaGl4adqjIlDE0vA=,mUsNCBxBMdtM63XPa33D6q5pfM+UNEeHzYwHNAbDOO0=,Vri8fZ+vLz1PgM5ZGn+PBn7aXtdkB7ReI0zqlDYlGZw=,UQyFbxceeSNjul9Zcglyj8O0G6mDG3MD/2KI5a3NJTPJtSi+M4s2L1woKP1dEjxRXPp+nuwI/CKejdEHVqhVFw==
odCym7ob98OqzObZnN1MNVOOdBPFVvngSX6YFKf1a50=,5hCw8UH5vahaWiJsqs+xrBGHxNMh1NAD3QRqnjmI1zU=,RqHVIh6609s8Fqdrv/DFDWQ5TvsBH0W1+Ux07xydlaA=,5kLXaxFJyGzJO9P/UegPKgaqaHg0EfHNCMrKe9NT7dEAPoOS3Y8tpZogCUirVZY/7DSFRM9LEmTHIpqiDPihlA==
2VR5IlKIq6Med+n3pXitW/gIip9+yJyMjHvHGBlrFYM=,oaK8k+jGWNpzRt2DqjpX9u/XyBjn3ZNZp0d32Sq7Rvg=,fyeF1r1xo65/fXKeoFbEX93O7Mv3Ra8k+oioyihI7xY=,2s6M+s9+C/OMNxKWgWd3iz557jgIsqZwNZF94c3PmeXzvlACO5yEKAeMStZudQozjF1DifpJ8FQI5LkvLQ4nGA==
mcQQWzsbwi55epl9/W9TXzAWgsC8NuiMlCYaDuH5718=,z7UPX7Zao8w5bhX1nCB+xg6SyXf5ByjV0UiHpPUSYpo=,zE/jBfs2CIvnAcOkp38uHktdUBKXSe4i6X0VMARy2Xk=,Aq+Y7ieAy2vY1sOGB5pkm5D1d7SYis1L0QkE4jhYY7GqveWWfHzE08f5dT6bBYCb
M4/GGQD21X3a+TxY+u2R6bNbD8YzK75cKIIKYBuqXAU=,lP92pwOziUF/fsyfLGcbUp3vuNKZoDTWiiXnMcsqiqY=,qUWFXyO+nH21BKtc26vOmpNKUEj08rHO1pTZeIaiBx4=,WzLUgMep+t9l0IQYWOrwpQ9VlIegVi1SjCOuPeY++T70PZy70GRVPSASndWBcUWBWZmfnqi/4lXIZdX6SvONyamKlR10+K34G2kQmov5Ma1ZwpR1tISky4V7g13AXYbr
U2WP9617dF+nHk5uTLzBX1jva3Bu4ksR5jVUK1t5PBI=,SPsMUpYVfyNT75A5fH0AatkBVoEfByRoTVD6ILT5CEY=,tnvXh+Q/Wha2o64NkUMmLJ0cs4nyNMRTzk7HY8Yob6c=,1dHHtURZry4jgTmAFQA1dVp2hvg6VHuMJCdm95yUtHM=
fvWyWRqCG0PapNh3Z0W2ePrxg0ymT86TatosaXFthIc=,vlHfycondkHt0uK9cSFOehrdoQtjcslII/0xkgvvzDM=,ibpyGeMq8b0mXWvJc/8tfKhsZONVgSOVqgeeWQfpLcw=,ZHxQl6F6v8wh8Zs/6Yony3a4cZG9vJt3qA7c88s9JOc=
yiPrf7uL+A8tlqEmiiRRaZ4Nppi/fZ8yRVvoC8JKcfs=,KgiGo/dAa+k9xdLM1ju74q6nus7rL04vJZkKxwTMj24=,UH7LfCzAzzkI+4OEwFSEIuMXVTdcmlM+VJEnbaly8Mk=,ByJg+9uElN6nVE2bDotpx14RLmKoEAyT3Yjs+yB/1bWLUmUQUTXKr/RWp0depvILqGaGsXJxMfwH0QV1D39bnQ==
0f0iEySX3qHTaSnHoFEmmFF8OAEoGbMFUidDntDq7xA=,9Qfgw4jFlK7fpm8V5cTeX23N7m7uxpDSt1B0KZo58Bk=,7qfeCf9HiDjmEUL4lz3WL5f0SX9a3IuNIfYGOvqVHWU=,duA8UZ0Pv5blXTsbWgg2ZqtW5gvU9Biuz1djA39nF3UBsSf/bb0m/lsCX1ePjkjYYI5vwmgBeI/sOGtfigXxBw==
g1umvTprt4SQQUsgXn961o4xsXJVKmv+SdSg9RO7wYI=,AnXTZA01qwQYVB4t30J9Evb5vyp+ZyrnCq7yiYTaSHY=,zhqJKIyn0Zyfc+PVA5HJEtKhy1MWX/VsRnZroTbhrd8=,TGvdVG3IbO4TSMAII0QguY9FVZkR8nHDhRLZhJt+4XLfhTjGvl9N+Ns7gY45e4cOgabruvD8ghUVbAA/c359OA==
B77Fon1nEtFl38cl3B4FBMxLSM48JNfd2Q/qPAt4PiU=,zFaWfSd9o1GV66jLMrjwbbopxUJikI3ThtkI1icSTog=,1ec3Cn1oqdFxfRUCcmkXbl7mO2gyCBEbGQdsck7dWIQ=,3LLRQ/5Yv7rAWX1GJTdc7uUWih1/C524s6yRXY04INhTVOWypQSsx70U7b1HDQxIgeH09YFX5eIpuoDDqkt19g==
mXEBOkP5MV01svlZKFE4mJaaXLfU9WXaxtr4IqwGnuc=,BpVz6FJu7w1g3bQrBJI0lid4MtJIGO9S7JmQM2fbP4I=,OpzKYJEV53WPRrOkEd2k3eP5/rxzO9+Ecu2PvxY3IC8=,Rp4pZ4wO6iKBYnSr+7vfvuYqZMXEV8JoGR7rwgK6V96PEsQGwWhZQHWM0VH+E3Xyxw7bzzl4B4ofSg3ol2V24Q==
4xadqAddPHWONb+DyU2eyeASd3Oim6RqsrQ9fB7hX4A=,pXWtDkY4+/w1wQ4vclW1wETt4QuEibrAOZbiBZCNxPU=,X+0zBaT95nP+/8vS6tyTnu3jFMQFM1TfoWo+g4C9Z+g=,ipkfZVOewK+HIhmh/AP6FJOT/KakbQzxXzqcayWuDVw=
ptf3VRJmCkVg1AocdSTIt+oVq49ZnKhU2dF1bptpshk=,/wrhLwvN2PlYUv9jf9EzFDbs4kImkSBDRBU0v1MTk7E=,sOxklrjCbhfa1HcciFashtrpDRt2SZIXXAKi/FniFNM=,8bijujU5Bip4NZujppP7+KoXsQqGgvtx9N7WkX5jgFY=
UjdzpEFUpUSWOK7SZGzWH/GcMMbddwlGGbUqVra0Apw=,tSlZwaG04lp7VvgMJa/gbmIUuhHFzs14MiPot8e3WDk=,OWOpyg+g+NPoqmAFrhccGicQlhuQe9/HjyZ+j+hDnik=,FlC3NjfmZvmibXoDF40EIpCHotEuAKUXbWMRdjclknw=
XKmmi0u9aEu0PVYJcvV4c2fSYDegJTEcoclXOUwsbY0=,eG5js3uzLlOgeFfX/Ed4x76X0O/1ea9ao2/P0KkHJ5Y=,4dWAJDxzIjQKr7GxshcVJ2nrcccu7cm/WY6F+fLqyX0=,IIWaL5lQAIr7hsabcCTFVvF8Iceb3rSI/UzU4KE15EA=
XrMN0NJGaV7oBluPxwYnzxJ00D3K4jra+Tyx2py2Tf0=,qP91iv61gAWPMvdSCZFkplOJHRM259jbqHGCKBZtwn0=,2Z+4YEdQdMcevB3nPpsLXPa/xqsav75GbLf0K9Mf+n8=,EoED+hRN931/Rn6afS6OCjoBb6ffsKCO2/IOlwXLnb1CKj1vCwHEo5knM49YEuKtFyAZro45LKuX/UfdN4lTf6/HV6Hc1fgvbTHz7W2UH8625mwT8gzq8VEmUma3p41v
cVGtVjznugw5wnBJQYXD05fCQLcJceSgMlAeL1I74Og=,yhQHyh8MDA/BjnHXmU3uLHljmE2BC0yBr04+Q25havI=,15XQ7g7Wm8heQu/WtpA9Dg2te/qYnkj/JVCvLLrioAQ=,7Z6POJVZ/1DIF2VeREW7D0I1Rv9mCVI3GkrW6iEinorai/kCSwbrRRkZZCSg5pND
3kUzdOTNV+sCvwiiEZs75UBsZUudrxfznuTnYKF12lM=,iDAIrhGW9g44J97nRnShzBbRT/uuBRNRDZP/3U7Jj/M=,yCRw2ErxfPuj0gYMltrXeszo2vUFOavVG7R6Ug8N2T8=,//2Y5sqhmK69SGe4F6t/v5PhIbEM7b9zCmOY7w6sC6g=
HrGW0N1hwQBxIU6ZQOKRTj8dJQsj5qHgGePmXak5Apk=,IWNXl3k+86z0jB5o3fM7Pt3fJmsNbT9J6lFJi4Tz0LQ=,yZixoGODCWBunvgOXSEtUNgCAtbbI5S9oLeYsQXBkek=,N2F7jpBFa/HXzXlYuohycm6HIdeGNVAIsuxtG9Rkym0=
qPsMDcDUyySK7C0qHx+E7DSFxE8JwIot5S7htozPOAc=,HcO5gJ0L33t2i5wS9V4edgHH6EIyo176PJ1AG0VKxNU=,q/jz4jff8f9ystHDdEigpx6z3aFGRpNm/RbMTEaP7Eg=,Q3fQLD/ViNfljOa+2Vsfa23a0+FUSEkgZU69/WqiY00=
qajzsM1FWGwtZ43bzG4M1Bj9AK73VUhbFTWB3dB0xvg=,7xxRMmG6sfeROq3eZmw1zrlVHsVbaksuHfb1u/X4Kkw=,rv7/Hf3pTYIkyACK7wFqYTtIgRIIbq+jVvpJseGRHqc=,FTnqxrVjpz/obV32XJe7F6bh0QH7j54kG2I3hAwT7Yk=
MCRUgrs/s7fA24W5srVMlWy8BKqPOtdv3sS+u5/SRZ8=,bAyVRSPG7vtpZhOL901ZNmwHK1JsdnDDhf5oy4+4CYc=,m6e/WO+56YnWmJ4muDM48X2uYX675zLHsnRuILaeWSI=,CR3cDVPneYVEBnEQC20WPB4BR9wjYQ+gwh8d2DCrsQAIxoj3Bykvyl1/RL0go35am5Gzlxxs0pIt81Pzd5hloZr/TfqeJza/CcprknBRLC90vCjA6ZQtyjzHLN4E8+A6
ZGFR5s/uENkAAD9vsoKd4xMnAY/zJtmH3nW5ylFXz0w=,OKSt24nTX+jMGwTeYPJvRgusXtbThJx3P6yYtS91AR4=,RL8ljBZ9hhXB/c3Vs/E1QRTepZL8mZnzHpoxIhv7kvI=,So4X8F+TtfMVvGlBV+j68ZuwM+z0vw6AsgEU8iblMpat15qQpui1Q9bPsvyvvZH1
I8ZXdDeSdyzWEKcOJcKfOE07DQtNtM/NMJYAaRCLNAI=,puRDtTMggEgfcKOGyH3zsIiT5/nsUrhm0suYIOzQ3Wg=,e0amOcR5FqU4xe7s/MwcQ2J5zFGGQ2HDP5EdW1eoKIU=,lbKNSA91qpTrprCHFTls8UMRIyU8pz01HOTJH0mojPU=
Fun+QaGJ/nVLV8OUrQGf6Ib9Bwm3NAOU/8iqNVQxPJw=,Re6PgXCBoWRj+MWtNd15y5AkeEMYZ+bnsLVD2fHom9M=,0Qh1cXQyI1jl3h7NW6MF+cmhJhX0qcAmK2nF+boJTLA=,+Ui16MhtDLHsre1r0dxJd972CR2ux5mNkBAEeQXlY0g=
mXMm20cI8AhX4LVwK26wNfFfjrKFP8rlCNF/QvmSMhg=,Jo7YsbbS3Cj5/lAafkzzr/Y3J5hbrXEwrgCFVQkvjUo=,kYDZ6AjvPRY6ijPfrX9s3m1KNVoILx1jdZTu4XCaK4k=,BkBy9kgWFTPkilOUB/r5wIiGIlpmc/oM/DfWISkQK6k=
HgoYGM87bPTcZEH75LaOy7GGS1wsQzCpkvVxDwyumq0=,Z5stDb2JnzEAXGDqvD7DM7/czAChx6beKprW1Edh9Do=,n5lLPTQ7k5gWoqUgYivYw2NBwBoIV6PiF6wsaZcjLcc=,IM38+DJWYCIWqiIgHk/51h92gjF71oRSmiOSITmnW3Y=
tbeFS9F1OmWcuIx3GhG5mQGq9qaNc2Gm3iVDbP5Wnns=,MM61sHR1GhPXPWg427JBD1iMSvzMTkgGIXfLJVqdHdk=,P8lcFo/RHcdNv88TJcUiMdkPv1qfNf7CAl75Becv29Y=,VMrKMgy5fw1Zn/5ZPrinNH+aXJFeP09SjbmBnERPxneoXAmDtr1b6+BM8yBewENj
eXNrFNn5WvWNfmxowEQOmyBUQ3SP8+pFjPrs1p1Afcg=,ffjbnM9Hl+hpZzZDVZW/ZDtuY52upRIQGUzB/0G1osw=,Q++UDcTA4C/5+zuYWWY1C1soefmt5iO4cSHIFWu1zfc=,6ftxBp8UJxvDIdNZRMmJmso+d8jtp7GPrMebRspjeMwczVEiXLLhSJgNkirSPBwa
yhIgNBRw3v4mb4CxfVsYbt7PrH2ZAvGdPGMBKzkFwdc=,7pqxQRdZmO7bPV1IDeSU9Isz16P02FJHejCmGo5O5f4=,Nz1EH+51I0B/+4CZCDi57KpUHp68WQ9cEdg2uePleik=,dLcVs7jN9CevWorr4b/rTKZ3aAZJoAzbIcjraxN7fU9ty1/KvOZjvXMxUKvjl37/
wk8o8DfmLLwheVllInGhZk8wjQGu5Nb0VYZdX1gseNA=,UHE7cpWJTA95jpbS9QuvUVw4WnNUgl3rgc1NaIr+yv0=,VlS8Bx7Pomyv/oOzYevYEKl4DMTktrFFdl7pQPWpRCM=,Q6UmFrd9FDvPp7oybiek6/CfzWWRvOjyhOUKTxSy8c0IZcMqL467ITFqdeHOYZLj
SBdId8KNp78n9ESuZZtXkfzlW+jOslMg05aVY4ASXsE=,dctQ0uQ+mErURMItl1HTgT7Y35cApOqykcQyK4UivUs=,UPmiCVDlr9z1jCpVHtemtampfHGdRlu90Wz7er0zM2E=,34icV9NySh+4S5o+tS5TEArxjhnTeRaC43hQtSUDnIJmZcwWddD08euGOu1EJzSB
WbXdrm7t4keLEGayGYQ22MPjaJ/OZZrLRi2u7rq5Bx8=,7wGKY52RKS7ERJu81GNdLeZaV3a09pemiEU74aAdGtU=,hZotDIpNRRNZ5wjSGde9ZOAUa18eXK/Wk3IK3jj43Jc=,T7Qq+hXKcx72O6E4O7Jb/qeSJn7HudC75MgA9/Fye5jBFu1LFab+wJO+0FclcS5H
Q9jycPz6up0YjPSJAq2XEz8gMUWXNu1kL8u7ZFrg7ds=,ktqPhH8sQ0mfmeiFB0y6hVmRHz1qwkhVBm4JakSJHIs=,D5K+XNWIYi80SQ+9R+HWH3qd6J0wBmLVAwy1cAMAGLA=,6HkQ6DgAdKguGcURF0Q5W7ypxAlL1JWhAfyM7/Qp0ope0Ia5QXMCQF098Z8TJz8b
T25Rq3FTyF3bG3Lw80raqLjxAeyt9pmHjlFWkI2hzO8=,6Z3GXCIJ/cQPluXrDdfwFcp2QLjX+0RU/Mjory3NTPY=,0avPHbs506x9tO2vAuxR1lGCF3gzXEHSQemrM5mXqyM=,/pqT5NySM1sKSI/TAQNPM7wuO9HtnBWAN8bMEork46M=
