1/9T6ZN+lUrmP+gQqKy8FeKloZtpbYkOnTYo3VfBydc=,4Z37ETra//LLwbMe8nFNx5aKCinVLmjsFfb5OS38sak=,BHQv47dkbtW9VIEHCRsQaWCld7eJpvSrNmSup039R/A=,locV3fis6RSUByF1gGC4HS8We0IimMrPzYAgS/n/a1w=
z7iGdwkmgDZRnniz5PisQStdC8ZQQSJQh0GKwDBR+yk=,rlIeTsEM8DX17cWzedoTcagg9oGmG0joR8imEf8GF74=,CG7Zwwlafq58Q2jRK+ea1wxFMoZBPWQfZLjHDVau4Fc=,YSbe+YRuhwCZiLoJp1IB7yvcTECegSOGbVC2n3F58d4=
/RZlYytMT6wza35ZqtPohdQjgDuSlG1uI3RZ/axRgF4=,emVI18CC0t6KodakANq42UwquwpxNnyZUlZdpepNz1o=,TuUqrU6OO4KxqtGXZkVHXB+pbPyk/Hz7YA0QBXVFIb8=,FKOABJhH9aK4Dq+d4zZ/1om+cR050SkSFeczgfWNCGs=
ut2VQQpjc8vpSx9uYYgMRU6c8fqtvDlkQ7KHZnWUlYs=,Z3laO2pSwOEgZK86qXj9Ksbm3RuIsNmVmr9v+C0nRj4=,A0WcK7NDDxcxs/i+Lm8kq1bdKfVc2Un5/6o+q/ygchg=,8InwFmLVYwge5wtYGFGgXs3jBJIbVJOlVCgTUzmMcOaGe13949ZjtUdtU5WAt3M/
O/vTkwrNHVuxEMxSBw/a2STZsQ9EEhNNiCv2K1myLyQ=,xpuiMbUFhYz9AgqlMYLzvI0aRK0csxji4GpbfFeFXl8=,q5Ndev+Pa2sWdnqNc8bjL+uyrsKwvCbddAkgK6x2SN0=,1btmJrKvkA9rD0miIu1bq8eFO7y5M0dJbx0zwgn0WLY=
5lIO76tmBdNmodwXowDAjtJ7t0itk3EYYKn2ULy56bA=,8Z/kUp3V7jvXLaCOfPxY46G7K/9doJBKVFvU0XzUXu8=,WrL6QPh5iL7z1XohfAcFiYUCepA90r5spe+iZMZ0d2s=,udcKqFvMV9EWLRXHifRGmzWzeLAZmmuDJqmmmJlKOVA=
UO+FZjBU8O+fPLBtIbxV83Qb0rr54v0QWioTVuPEz/M=,LrOkjOx+Zc2zib6E0RirfP0P/oo/pcoHuIIIEPvfWfg=,PYpkwsAbuL4qs+nyI06pnt/sm+qvKCWcztbFMrWcwgg=,lxV3PtfMIqqJO53PAV/AlpDljb7wS9UYUSnYM+RgpUv9pYj+XRsuXd0U09qbBuFZ
EB/WM4cthUTTyK6ddb/MLBXn0/mzk77oaGt9ZNoib9A=,EYcr0iQGCWMeqNPkUZH7sncbHaKhPNayzlKpayo1Pq8=,owmCeGOendZ7CZ29/YniIIJzgJiosRbMrRrb60agqp4=,ZSAxQNCP16pg5BBBTBKOjN44rZsMzaten+MsXmtRU2I=
RL1rttezXZ6iGRlp81qoNQpOqzEFJmEoagQGL2ayF28=,JRM1NGf6Ncq6OwC5ENuQmNa1HXRUroNbAaxECq6gPSg=,ZpsXDfBpmghfc4wqOIU93NgzCvmdFRQzBcWC6HYbESc=,y//PueUQEHJS+V3PLKN3nE0rI3RWFdiNNVkHjzNRMeM=
rMr3mG4sRrgC5cbfnIUpIRhdejhpPBXuux/Po+9PE24=,mVjvbj/aWxMMJ6sHRHCuzJEdFp16NW5l5KltWy7ugh0=,XjFXsCsb6ZtFGwdA8AcmsnwadCvE2C85eympg9w/mDo=,rGaH3cmqBUXLXddr+2eNU4kojS/wWB2lwY9yGvJKNx0=
s+ALJNIW9JJdLVpw1N3Jnn+ZXujCtA1bFXhSO4ZfQjA=,ZThsgdNrsgPvOMebDxxHa/Lxbjj91R4PrVbqqKbAXFs=,+Cob7oYXc2BzmsBi/5+1qpUdM7ORWfommvw/EQvgERE=,AN1Ggbe22NMX2vOBPrziqEv0tjTyvhn5NXNL86OVOUY=
gXskmnFlylVPHk2fl7TRDziLeCp5yeDQH8ccFJ5L6NA=,IfUWA4XvVtV9eTLrAP+NnqnjKBpBtaYqzJiRwNsmDiY=,ujx4Pf04pfAxcvuKbHFfXzU9gG6RqBQGOkidZtVyqvs=,p4Pz3IS+0vJICes7xz+gFggoMlEuFssL7N+z8v/MHYk=
Q0vnr2g07UsDd4rP+Zk9XOrMTsygwJv02n2t5vMMDLk=,zwHLzyBK/Cs9ofLeiC0eGU1rbs+j6oJtM2/DzUC8G7k=,YJ8lPTY3d8VRg1XkPgbAi8fCB46rRiOI2EfoApzhJ7U=,iIUa+xLynISjNhtSYzMisR2lRXWfzKuInXoiE49DOos=
d9nJvn0xnGE9fmrXQxa84Ib3Ipfmi38O+p6y5RKBs34=,6hXU2glSquBNynD0leWxHXo2Nyl25g6vY6I+ekxqnuM=,CZePesALPzlbRBDY4fdjuCdB0tXtOm4WVLCxyZJqeQw=,znvHI0E0MhQ8FXTZj1QiMrRj0J8XPfV0aNOrOkf9kL0=
oy4ryR88MA4wqMry4KRltrHoy1qxm0avl51tp64HJ+4=,5kd98ds+W0YLy7q8nE4wb8VBUM22f4ArlfdL76VH/Vg=,fIen2fvfL69ruJ8ZA3mJWjYbY2QcvfOD91EcRPPHU4I=,rzaXfDiNT7tL9jxsjsO29Be01T8IFdbKaUWJyOhY/Wg=
mBYqfrkiPKGlOO8N34K2RAJbQJuR2K6152Ocp3R8lTE=,2X/cXaPomXDyMQOLfABnqm4MglHbGTzWEFgN/n8R1eU=,sVHz/BULj8sIyCeVpOjlhMD6q96QH3g0V+x+6PCNQjE=,LnbzpwyNJCklWixADHcB1WwQcHSJL8PO1vyp+mWArL4=
jb0ECqPbnXpe8ui9t840CM7PLnhIUn9yUuwc4M1LPCk=,VELMS72jORzSV/jV/a8KWTjzUS4U9u63ppheSuWj6dg=,eH5sogXW3jk/VHDPOaYbfTGQ63QWowI/yDR74KQQm5I=,8op73PVD6GEcR2NFf3e1Z7Vf44ZUlZ+qFMXrnUJQiXU=
pG9zhJpHLv8wEXVBD2fq1jcm0U+V7uM/7eMJ+FlEPok=,EVlS4pyCHcwgx1IBeoAgBlATCUlkDMT0xyYZ1kKSpdE=,68/z8LBg6o3H6468kFzYhnJbQcuKfJ9V0ollNjOOj8E=,YsPeLc7aZG/yZvAIdu4B/4MYxa2chZ96FMiTALrGpmw=
AuRrVc3j+t+6xAVnmbUks9ZVMQwuRQGjSHtscU8uAGU=,NgbyPtlQV3u0E+4tifAtSdb3fmer0r0NzAve03rp5Ac=,XkWxcCpcTORn3G6PZY3UIQ8B4CTNFEn22NwW6S1bZ74=,HnolJXz5DUpMO0gvfM3eV1bfuKqd+JkR3Eg9d+IqaH4=
69KNoq4rmjSOWQ1enZFyvpciSrOJWUcrjZso6s/bCWY=,gYCdskiuoQx5k+WLBfUHCPikTtRWCYSOPirljYsDg/E=,NcNWiX0bdDFXmPbE+lH5ixniqHBIP54sq2bkaO9Chpc=,rWfeHQqrhMykam8zXrpJ4z9GDhpXetYTQWiI1rMfUBA=
37D0hfV3DjxoXjESJKLMp4ehn/4mHlj3zAhgnuBUrHU=,+qXJUfdECDzZ5gD3rbCxJ8ldDvLeSX9473yJbGY3BhY=,EeBimA6G8qvR0+ZpWTCBcWFeSkKHUidOsm4zZUfcayQ=,LQ9yk4yk42WvalZsazEYZJ7oGJe6kbpLpRs5FOBQ1/o=
avvGAQz8bS7b7YQ+rQAN7norbEWwBYThjOOjZk42SeU=,0BBV7FtmpkLXU+U2V2Mfqc7wblJJOuiL6LL+LBj/yHs=,bjT/gfW7z8yW23xipHHhS/Azo5hklU2hE8I221wOrJM=,t5Gf39B5kIhn8i+qax49Yc92X/2mNONBJbe+DMztKr0=
z9IVUuRKdtM2+6WHPrG6EfRLtC3Qs78vKmzFT4GlDQc=,5epx5Di2kbb2CW5Nq0fzxz4Ihj5SLGXfoRPIp62NNgU=,uGl/ssM82dyYIqfM2t7VnJ6aeoZluKkBBYQrCtYnL38=,uJmKYoppJhXXb52uMKMrnlfkKN9AYxVGZnTdiLyrpBKiuLxdvkasIRvKf0eVFOFg
UXSTOrXaKL3xo7cIS4G/bkJgkGs9iw5QH22pGsgH3LI=,q00EkBE10i+wHF+3oPuXA6QysAtZoULg6b9giTNIbmg=,OCjMXriB1zkFhYOh+0Sl3VPy80sUVUkDp7iD315ao9w=,wCn6U+kEMOVLgLXizK9Tx5fbygWiskA/rB5Zfw1JAbk=
V5FDWu3f39x+72otl2XILjmXJ1OVLAdCF5AJxxu3FQY=,Rj5PIA1dBwsv4K3siHxLfS40bCn54yKfUiGe3/DJEok=,vtXZMMdAQXbTxaqu1sjRTfI2Ip8TBUTSEyTC6mlZF6g=,20ukPltFFHHMcqAB1yP90cDGK4Agi4+7147llJp0GYA=
sTHjYmRU9glwVzumA9IQDnTj4KMSbREw3TJjtmKFDs8=,lnNMrNk9ipGOF/+QHZTJ9rDdRX2pP0wbzLuFmBwXm8Q=,OWHx9v4aZtzUs9sU7SqgZKpjfGL4kz0SNyv2XQ28UH4=,uMkiWmfYwW9RpXbD0agY1eWEPhyg92TgYLLkyOBuiO0=
yHiFKV9+r0D/9IB4W9abfzWeHc93D0RwyPdxBaRQcoM=,ky/BBnPme6SOGAQYScqTklqLY5hUpZvE5wOc+J1W38s=,+uET4YE9IPbo7JKBBFXdHwDPG9LR0wtTjI0hESrrqAs=,DaWW6KWZIohGZggVy8Sy4UqnJySHYDS1VVW6wAuYB6c=
IMIwzL3K4KBrMqB1WQe+bzDrdLbWQIK6ofoR9/PvzG4=,PDFdeo2ubV2gohYztlb26u7kxBH2cyWdtWF64p5FjtQ=,//HJZZcSK0gLEF0j2YOiKH6+w5GKx/xUjcd8Vt+jlCo=,KG1WvO241yRnq8EwqNYytHtvipa6Xit5fuQ5TwPmyII=
5dQ+paFJKY0d8umZ9hAcHPCicdq+BWSBr9j8bevfygA=,2ryM8pOBOlKjY9EOFrbC2ZB5mmEjSdhZTflpXIsp38A=,Aozbi0aBvzpIRWVP0qnNcudBajUbyt9jVvePQEJDgnk=,HfUvdcDdWzzs8kX17HqrWYESssp9OqbUN2e4O+1oRtg=
pVlh2ycneEFz/J9cRotUF45SiMSjLKaaDJroxritRIQ=,+14KrJuCxKiG+Tic9rHS9GhqNnD+EV6/4FZbDMnF2aU=,t1v6rF5b1OVyC30j7iRCcf8xpEliblBzr9hd9jCMzUY=,MDWXtinrnSZ8moaP8ayle1skGn8rnlCOC+cmTPzH7RI=
54Q39IE0hV67qv8ApRj+XlQCbiuQSPJnkuvlAfPw1E8=,c1UWFC8IoJ/NE1DeY4/Kkgvyl6qr1C/xYUIiAiAoY74=,ja+E0Q83hNgPPIU3adoja+11tFgYLLbm1Wk4tnVsSUs=,snTIJEFpdp6joJezkOey+RFuXxJ5OeQNIgniw6H87GM=
+8gWWzSFxmyeGOH1mMb8doNsdiFOXWUZQ9Ehbsrfgss=,dOxjmkUtAfS5UhJFp2NIWKoXQHPVA7+LlYK2BB1e7KA=,BMz9TJOV11BBsaatcPmmJTfiDz+zafTgK8a1Ca1NlBM=,Q3Qo8O2vrvm/ZbWR90hljdbZB4YJT0LGb7tz3ZU+DLE=
iXNNW/XHNPBq2/BUJyMEmjALBqbRSJRGLcFCEQ7Tj+M=,SXJYJ0hFdTNOJfgdi8W2QP/yROUBVV6tu1WZu7kS44k=,3492+0UrL9bNioMZh6r9nwHZ+Yi86fiD2G7hICwqICY=,P1kUe9/xhmrT7E6JKa5xhaDxtEF221g44sYT31njXDU=
uZ0di0aV7JjzWOdgTNaratHhqJ8gQ05kffU+pQXmxDA=,eQTIZJ1Srjpm1wnaz3Cv6SzyNAVtAY2skkqLRnCNZ04=,KcwZ1ASBUOlyg0l7+i3SioR6Lg0jZMJpOFWYS8WAYJs=,2E5QdfehelSPACV1W97nuDaInU5unu8l8oLNn9HOG9q1aCOB6M9ylDpSCWr7pq9h
tdtrvlKetrr4sjdAOjUVORgwLKqVnFCwqHFS6hHbnS4=,yClZdIBlKW/5AsufiB1ay3qU0E/PpqDB1s/aiBLm/ik=,Fx2rP6lj42B0Ok0FGUxJFJcUVScBfsP3rhz7hOXIgLg=,lbacxDKstaXiiavilB6GPF5H0LWjtdQjL0w/vZLuT64=
pqC9j7WzGL9O0XqomQpfEfHbqkL1Oaq9R57JObD1ib0=,eMx5tDtRuFNc+4Xxtz9walDbFASs5N/gE/uYy7lnQwQ=,FXiHrvh6aHtSRgtYNPts1W5BF6QprtsuV3YBh6SFX6Q=,0XQgfW49L7QlIsRwBgTfaCIc045T/RUencJdfSygnak=
HGrGT9ejKdkWBWQfa2pXzcjUAPoiP8MUWXTNiKuC/Tg=,2RPllN/vsPzHmtcTezqHtva9kfSvyaYq0sIzScS9vQg=,I79+tqhlXmjx0e4NI+5w+1ri5+VkeO35oHktQtrk3e8=,xLalPduOY+99anE3nJ3BFTxIE658z8RLNbRv3Z9dkD0=
OoMWNyiAISuekh5tW+KbOnQAeOI0+NT9AJvGqjxf760=,PnxFG2rJ0DbLJ4+Y8Qd+/vDDbcJRJgF16d25XoPcXUs=,vx08IC3fxjE5Nwym5Nd9SnbepP8P1FIfWzSW/AJGOVs=,Z0jRl8VHWxb6BCpwsbgByLSFrr8LKAqWmqmqBka9Kk8=
2ZsSXZG2XB+28b9zylSrTkc6qmKq9UsqbrmLC7xRDzI=,+tLhDvHvzfsmn+LKVUyC1QBRTr8tgDIcs/oiCBQRFWo=,AyIrilxamIaDOHJi0O3hiV/hvixjIx69vxs7YUnIoe8=,lJPckccJMnPg+NBQNNiY0arerbdaEy+R5Df6oLZKX+8ycr+PHCoDc+o88OZeD29a
FxmyS/pzKPKwDevj1xkViNqCd+pNjFhf3rcqv0Bqg8U=,EqaqUDxhxFSkiuVibK+sijzSCf2mkoxR9g6/1GGgTUg=,h7XEv8mI375JZUYJ1TIWu6hqbJ7AtMPinvZnqSPUv08=,NpWdPUQ50WnZSOHoimuB5zqfSX9hDGHYXbQf6UYW+r4=
aKZDva93CS627mrxBEn+7OGppZIvwX7CfufiS1uS4M8=,p6jTNeerwO9TpXz+0XaWWZSInjyZ7MBX47ETdaEH0kM=,eV+kwds2onZUz8GyPhwS2867bOdn0bQFwBtGTW7P/c4=,iROxfY5GkbEte5eIkFjuNk+ZUpLEbIBsBxD9xiLL/8E=
ykq7l5T0gBEPIT9NnaMvrBOE5Wt5V6LWwIXPO8asfDU=,+vD/UB6vOeZ1eok2NPMkEu204D3TJYHwNRfFs84IBtc=,a1wgEycC3ENbVcW+Ikw3f4ESyFTmft0iF+Zf3pjVh/I=,jVOuxbFD3xvAcYQEsuCtbAkDX0YKou91xAiB0liQ/tI=
K7ibHqDSPpW4aP86VjOj9HMUJHJWZfqO6/CDSPNdNAM=,EAGx0v/4Dfh6vq0A6fCbDSFb267wi5rCss71NX2+ha4=,F6F/D8vynw9J+T8DJaKRZufIG3SGcTF/lkagv4ktvK0=,DO+3BHW3vEZ8TJsozWr+8V9eZA8GgmgMwArjVN6J0Mw=
5dV59lK90SGHT6h9ZG/pgZnz7G1TVmZ0AA3Ju/38Rvw=,uS+afctbT+KCf15WL2qSDM/ueA7lap+dwmFO/UemZ+g=,Fd2r3Ue6ONdy9w1pbdcMQ7nvfqaeCfTI6RZf3mZ3QSM=,vCPATKKIZb3j18T7DyYaZdNvYVXSSABKr8FMTUtx55A=
X5rlcwEJ/hWF3i6Mt7rv8ISCyPLUh9aGsWmM4BqAbmo=,DQMPo3rIpzPhMAR7en0QnoArvU+ZDE/xp9kL6bdFOAQ=,XoAeP6yQ6IDqIq+SDKGfPs1sgqF2RTmqL12n1NS3nYM=,vexc/VG3fIrTUl691/1q5iyiTHxJMdZVmdq9/kwiJ4o=
bSPlYoBeq3tCSLlNLv5t+75O4LQaIv/dcJPY9py4Zns=,bqdOLk9CodAq5F8wetQPymdEzqXukeQobY7mvL//EAs=,+V2WBjmHkPGim0Ew8LbgPcMdTzS7ZmHjFoBjpK4HcJs=,je41tSCJufDN/Oa+vEzCp5Rm338QW5mQkZZOGA2/SAM=
UTbAe2Jb4IpQQX8Jo//FXSB5wTj6h3PvcKFhiPlub6Q=,oJl2xH/cCQWRIURJKN7zwjqR/c95pCSzppaBpezjWl0=,qutbztM3WE2rrveG24PJKeJcTt2VNojIdAuWQ53welA=,Y1uu19NfeFRYp6aAHLVT//4oBCKLf4v3Jb18hw2BTxU=
QHqzUPWDwMg1l8TN6g5p3wy3wY4XUFNN5kKemmessqc=,Dh+TR0k1HZig+0Gd5y+txzau1QPNBGD9MsFKqc8mLmM=,aokMKY+bqa90rE9lAJKqc0YGLXEilbU2DffY+l0ID5Y=,dheIYjfkdK0EfpSivhzl7smEefWYn6kCLuKxmQHEvR4=
i5038/Z4dgGf7hZGsH0ra4bqrAD+78GisnJc8+ZYbxg=,7CTpgQPagX4uaXtZ4IFcy/pWOsSBhj7cadN8U9jm0ys=,KK8SbLO0+hW1pHmAV5h86fmAS77Ei5EjHVPZ8juhO6c=,ik+nAH0mJTpvoCefGwFbqpAlOKMP5t1bW4tdz+Zf35I=
IwzfWQ3ClEUOnqnZpFiLzEMJ3agz6F3np6gJneJvQ10=,jMvYaB8vPrP7s55nibVpsqkwOw1dZU3IqkNmHAkVXFk=,3lADbQRcFjLNk4av5xhyJiaBtqMhJE72dqT7TEEkKlY=,8QrorbHQGrtEdWx3FmL+Qx8+5qcB/scq9ZOuBL0sYeo=
smwsfy+BM8ostBpvUJUSnTDqf98FVOPgXDRhmrIPEpc=,vn5btpv+qf5bjxuhrFoys3IFG36IRz2/dFRWc2rD/sY=,jBq++So6Zv3KqnSQBCx3rwfCawwXcpcsBQkTfg17g1U=,XUKLaukWuZ1AjR11Jfa55YBDRk+BdxSLrGZ6mTpCl90=
sBsVgQvnuCPS4V6SAuhFqqbIRuyAU9pyURT7OPgnXuo=,B/DeCaGHP3FSu0Mj4YUh4MG7XNeb6E2qqYc1GGJXjsc=,F5RI03FxApKI6//1GXJNZIMF+nla1g5gq46ULj+bkwk=,w39SQ6wnGKBqbqai+bU3dymUiyL0frqskGRNHT0FVrQ=
OTTGTW3e1T6wkG9zwJcSEVl7O/zyzOVPquvGbfVhDlA=,sUMxA1dS+SHmkjfXtQFgYJBCFduk5t+TaM6Z6E4lN7w=,U/5jlt8lpCa5cvRS2xnZK5TVmIZFYWAxs1/RPiD2NEo=,UU0It9tcM8dcisNWyCPkj63kM8bbomsAlmrXXmRdu0k=
TB6BTk3jT5wHEXPurZ+PpS57r+l041A6F5oMpCJJyrg=,F587abZ3R4XbIKSHZfwvXiMBTShA3DgrSjIbN/pf2NA=,BaGJwu3pxKPsKG5hOJ1DhYl/MZZbyOF7gn+brdZ7SI0=,qS1LSZ8VZCvB+j67LJ1tmbGey/R2UJCwPTdN83c0DS4=
S9IBG/48Ik+Dr9txPIPgy4OclBnnYiZ7DyniItqbyS8=,gdZLjHnYs0JxWln4kSPdnK0DHOIOiJqiqL26KlNrN2Q=,phXCmaUNGH6g6XjDL0178D/DyZK+ebhFfmy6kCswokY=,HBADd/2YCl90cl1TPkqh+SaGvfrIqHSpydizYAEZzFw=
xXRYJUlUIMK5M4TGK44ZiIvlkLiT07++eEcghK39PYg=,teyqyJRUBFcKJyfmk4Gy6jZbpf04K2qJRj3m0piCiAE=,TkTlyXvXaW6yGgpZF0bmHdKK1nNjw2RpCyxme4IgVN0=,7ShdQuN2ZdxUUt9dJYMd+TI0P4p0NKTJUNW4smeTd1U=
UTD0pV/RjUXG2V50LTMhgmCImM9719VdxQKrfBa9zec=,snL2auVwJkBOIZheToNPTiHMZ2heBhmvTCYoRpF450Q=,XWQLX0+YTM1Ths5eO97vNCUi/msvQgvYWXU6EeO1Y3A=,qG8kapiwEpNq2v4czGXdAW43Jzz08HZiJ7TfmqgcJbg=
zKIx8ugS88fKNHkPDz/oaEucvMbGKWrX1BNOXXP+QYA=,Vu8K1hDVH1o8kbjZmALsulbLlQ8b5/NDa2DbgUE+VCg=,gD71uZuAOIh9AzxpRTD6kGCepM3bev/nfowWyW9Yimg=,0ePs4bHxg98OrNbB1A60BCI0YNmSCstAD0QeoP3rKSM=
txGd5qgD0l46X8GNd/1ZhDjb9dlrhy+iSa2Af9OrmIg=,O1Z10lf4jhCkwc3PVieBJMWWI7JLU2r8TzI8SynKlhg=,DgSPnJN1KInDKlU6wObYIaeqwk5mLg2CgkbexLTfJGE=,F1QRlsdGIYLG/CfFa+BZst9q9lAFCsIpLtAAL+c1SEo=
c0w7YD4Uo3I2iHwuyir569fnwzbAEvNiuX//EzGDRjE=,9Pj0e7HVJFY2h4rYa6xt2IGc73zdttOonC7MKR11dnQ=,8lfb7SBWySbyBOeCIuoVNFARqUB6IItN3LSKgE3x0qE=,PuuTQO4QyPv3b88OizmZQ0re+h/evo4TrD3m6OemExlvsj3T5J7cAIbxZ+wSfG6k
WcR3SST/93CHATDF0meT0SU0hyP7TssDI9SmzVGpDtk=,3q2BJTH2yKjJ3Jb8inI9GP5ovXO9OcrR1v4SGflNsz4=,aC5J7i+9T80Oyl98WNXIa9A96sjSEe60ttckSUcROWE=,tHWOxrtQO7YcjqfnmrWzOJyEyIpfyRzTf4d2l9Uu83c=
NaPshWdErMKssCDoMPri4JrMA8dsui16hAV0uODU1EM=,uwY1YTF2rznzLu0AojidgcYKbOHFcNmfzRaaESFkxL4=,KHnUICaPTrOykGukPWc7sIxq41ztXKBtSbIuQLfxRmE=,B+vAXHSMwoKZceO92E8FkiuichbQCQVxFaayl8CWIb8=
FrwWSSoRsHTi8QwAVEqMGElWlAYWWZyJsNAqMmQjdfU=,cDFaN3aAfp8xYj9Wj1n6tuz52FWvyDLGjlJ1sbQSSzQ=,FbHQ79NwHupegivWmcjwzsDbLpvXWWQqfSn5im+cWvA=,vke4sjihzY+Q6NgO4PuOMuX42yShBRJFa/7anHBTKlkZa6sDzG0eSIbjLoWQGm8c
PU1JFt/kYwttGlpNzxDoMqpRZBWHMnwCXOc0YIug84Q=,RnFI2bAlAgGYZRh+a7pxE1Vg4hA9Wcfnp4MNa8HVcYk=,7DUYQzX6CEfB4ICSeacMdHlUHiJpb/JGKtM6t/WPQBI=,f/WFqx2gi8sv8FhasC0uoVKUlGe4saUO+JMHmSTMFAM=
xfXOlDy7nFAiVmO9uSe1gn0LzJ/CefDvHLfAL+McgDY=,QuCCGa4p8/5Oj04NvwEj3siCebvw4T9R8JnMxkeuVu0=,cz+nUzxPdSWUA5thfMfCVTizz7ZN8RHKGT/1CUV1x7E=,RsDnruZRCcbYtPUbKIFginnqlHAmn0jBDmr1su1miAE=
SIPTeKDpSetTKF2Rl2W1bjpZfvySDjTcH96mwpfrKEk=,5ayBryoQXAJEX4qMj2Py+meNmb8kiK7gAM6D75ui8cc=,X1XhnkvSdWtGV0MEkCO4zynNhivF5E0iex9wR44pTLU=,6fIbnl7Pfxb93UYUvpZit07uGUMJpfaJANmzBq7eXKU=
ocDGd1ODSkHPc6mbXkqWUElFr4dXYgsTxBfdy0arLT8=,SMEspoT5X5tChCTJUDq20G9pqSUnQmLXoBQJhL9bzRQ=,6/kckjA6BtF6xcK9Sua4QhuIT7/vguqO+rWkFy8mVVs=,vJg8To8Xo8Tkoh57thlw1pHTPrmAkC3vfh5BIbiytok=
1gaULQfjMo/g3T82dcr1dEvLGUFtXR/iUu6fquEzOLo=,IFn7v6xKDxOoUPAW77fO2HK46vpxhV2VordxJPWE/kM=,GQ2XGoG+mbfc5h/VzYi3vUvi6DE02r6uruSw0MsS7IA=,Ej/KOWiG9PO2YaOgKyz9zUgK/XxNbtaXtASGyPm8Qh+4R6YolXldU8mVdN13eJVx
gjksGVHuFzPImr6gzpa9j2USIjdl4BLcZxPYL3UytQo=,oGEJNDUIppRTL53IiWbWu9UTbHwvo/R6Fuh8lApTjIw=,7CxU/kP90KnVtG7gRfEOraFgb3sOEl4RrA405D/F8RA=,yHOBpzzlj+OnI8rhjFMThCiBxhWjzFmi6Ok241DN9DzQh22Na7l/fMK6V6Jw3lBR
Bepmn8cRJ8Y9sw3RPCZ1RiHGk9Uo4j038t+ycx7cRHE=,W/VydoKBxWbdjFvtVLCFMOQ5XsCgvEdbLm7HB6Ed8qs=,yDtIpQWEtaWRhZkkM3uJP4mhkBMdrBpz32Qfl2vY4TU=,r+zMdk8MBNYLSvtkBll1IS0pZswAIxokVseXcZFVxOEC+Cmk9/kbKDCo7gAIgh0I
alRehZv7B/GIZEwVdaZCUFzKhbBfkstcXfPORVvxUqA=,OzeEQX3x34b2B3cc/SC36TA6nOPDPM9/qAKkT+M4Re4=,ZYGtKPBnW1t6ZSc3Hpn9qofQqLfO1P/nkxVzXfP4EI8=,p4/47JnPqgiIZTYwg+UOcJjVxFf+dK3xPtUhrzDR1y0=
HgYooM7c+PTnm1JdKyPhqWGPmu0HoQfbWeQbezUpYbI=,iCpDPrbspgu/otms551gBqFtq53QIF4JWaBFIG6G6Hk=,58mtnjikeF1WAo2/hqjskvMesB4mnrGZILJ42NwT0zY=,cNVHQUJKNv1De+weYNHOl92f3/Zt1db/ODeoXy3vO+I=
0IjsD6T10640aZYWM3hDt+wzPlm2MmySqR2+Y+GxWsY=,dyG89GK/OJWTPsLTYHsfNopVCJD3jVCXLd3M9OlnyLs=,agj+l0Lvzl6mj25wO3bn/+/n8vhdcl86oqIGWJ4SVvc=,rWHIxjKzxXL3dVCZqKzJL2NW5v24KaeWv5ijPk+ytGmB/am+Nrm8INtub1GYyRL4
SIdWS4jmMULHtPNfAdKwWm6DLdfAspa9E3WeXFZy6lg=,1VZLPVsutOEs6J/H1Lu4tfrfNw5QmNfrId+/geqRh7Y=,7WVXjXOMz5oMTUz1JUBVhUaTd5TIZH7ZcbGSCfp+blA=,4Vy/H0o+Fw+BW9r6eKgkJu+WIFCbo56K8EW6E5bY/L+6gPWYvkPgJGxbqKtD4iYc
ARcZnjgipH15rlEnPv4Cs4Lw8d0/nLUZATv2RgAGO6A=,fmJYO4g8GCVaz+e2J1ER+NMduUC72U2DLNeFR3hBwHU=,Ldfob2wOENfuDuSdD3c0x4drRcEcpn05xAgEcmj8PfA=,x2QB2rtkp5bcHlkY7uEsH6KzKt++KHswPkK7J7qGwSU=
0zVow/GdOHkfLrYPopFP5Qn5KKVf0W15VRd6jhY1Fm8=,F1iZ1pYukM9RDln/8We2Uy20XEhIVg7xX1c/jY3wIO0=,IQWMRkJim87auA8TJf8OiqJAvJwHj0t93QnV0zFQaqY=,yslrUBq0PrtNn+kS4U53zZfLaCSHng5/c0Ix3GM5WU9kDDhbTmaQssNYYhoRdBAL
47x2uuLyhAV42A7qgzREXAxWk0AMeZ8+FwtuDV1Ji9I=,SBjSfKsSqpUhoef2ISZoVh6dX4MfbYrkpfkG57mbSNg=,dth6fSfczBmTJx9876HWzO9wcu4iwPqHL06KMSKcevA=,UT6PBqpO/elEMHbaNNTtzofPyjFtlrvfOrTvdtgbK/RXlPHrhjB8Gb9VDnWgaG4r
S6laRtLjfac+DgkUFdCtnk1TzKnMfTzVSORBRBZnPdM=,bD8RizOeYQ1iy5WzF0KWxIBCQpKr09m2wGrdiYmxuqo=,H5qs5mPlrzi0WK5p0mJ57+6OE/4y1orEf5f+v5J0g7s=,QRXUiyChdmIIMAPfVnXI7Q/WVVNFI6Met9ocJv0MaAgQt/UYcW5j6FZxiSbUcT1T
yJ/upgY0XJc4mWXOxDHdXgGym6hqc35TUn3aaGJPIAQ=,AvDz/Ec+8eYUKKLuijliVoU+OW7p+rGSP6bno15u7Y8=,JVstn4bjCKNJpKmqi9oMZ2HYHzEqAXSIjnDLYZpo4ik=,OgH8l4M2d86K2S3l0WgccLkRhjtXWVhorZIF0qDWV+v8toMQSEmB0ROMEmc4fxR2
ygBqvrqv/3vsfP9C/OOnEd94XOCyHcSSZsdod02DC8Y=,nRzLGmhJYoztAGxn0OLNNP1dGJypzZzUjcezzMfGle8=,MBA7GJrvIXrFyVyZF1dZncO3oojCN1s45mcQlLWcHTI=,gTdTHOgl2TDv3EyXUyh1b9VBTn3X9HibDVl1Xvax/boxhXvvo8BfIcGGVqJb8kwr
pOSczYG+X79ffUwBFCjqPo0wZT35I6PaU8XefsFX/3I=,B77ncWQ/nWdv4B657qnOF0PLrgqGXNmlkgMX9VGX3Bw=,mvN7J3Ndy/dCnGIf6r/ns/9fE7BCjEEZ/WwKtj5694Q=,ynp2N7ZrGzmzgNAZChN3x6Nsdg/M4KifnSZF/Hjg6B4=
B0J+dLwbygo+sD9FZRZORrVAvGXx/S8kG9lv5g5OIjY=,2pQYSLc9/knU7vSA8vV6RCFyKXoEeNjooYyopKuWdgM=,8qCTDKKWI1waJdu0WjZHJsvGeZ4fqiRFYOUgsikRc5M=,hPKBqRgR6+CN+O69YQ/aPygRha4ATIMYKTFan3DXyPQ=
AYcvoAcH8Lt8G1jBtphB87SXMKW/MkKgl4GaEgrxTK4=,YSLveTR0/q/3qnj0pdWfmWVCE7y8TqevFcgMKNPcFwk=,Y7jsEmcIMW0kUv19RYvX3qKyFRKrRg+wUxjbMrLsZLs=,XBX5TYi749C2zJH2hghsAj+vDvHJa4YeVpi4qDhDflM=
rt9xv1D0q6agZlAcX7EThCrIj9+vPdSbMx/htzZw+6Q=,C9EwFsoqvIyccWXJMkveJc/1M9Z3Ubm6EpgtyRAKtOU=,Hja5/DBw7mlUdlZyS6T5zRAyO6BPfDhYoOzsXtNva/E=,GkpTB0IggHI6EUUgC6MdUb4ubXKXQCTDz1s3T0iY1/o=
rF+iII+8IwRqkMg7zc7t/8mjXgg7UMeRa51zZuRfMyY=,CwDt5Bu1lsYPfbNSSXVoTlBK7DMUrmZf1JMLNjaCHUw=,pYpSs9OXzVWWohV00D2+IltoWSN3NaHfKZa8d4+quMc=,UeZpyQHzMNJWDP59GgtmqrXAiDkduKnB3wkfLE2cVWo=
Zqg+FeMF1b9YpmIXBKJ9Nw2wpbme7zmhviBcOYRZ8xU=,Pj7cPh/Q4eOeNMqEK8PCMrco3JSbNwIIIQt49mXF+eY=,ugek/wthKUZxec3dPZ1HaI7UkMjnMc8ylx2aiPLxR78=,OcTC//+WbNqwIVNcEVBdDzwzsmdu5bEHvCweW5148gE=
hVICWHSj06rv6RxM+y9rFNKJjIw4K3GwU64Z8LeGCrM=,vV+LrLWt2PNPYXN78DsVmuk9E1yxCY2ka6yRb6jdfhg=,C3LzLputuD2Ui7U9hYibSs1CFAQZn7mPhDDwqBMTSeY=,AgUfniu0zRG/mFIGJEUtTsdPBrGEw9aFyHqqGn2oMe0=
6YIgKyPKAmGq9XBuu655kjQ9k6NNV1jWRf3vF56s4aQ=,j1xOa24Iu/YeXxRoR1IxpLvV4p/q+e9z/iAw2l3P+Mc=,hxQCh0tNpuzgDUZPpWpP0cuVqoeQK/7AlJIEasRBRSE=,IapDNxXJni/F2UgqrK8dZsLVbCo9ROimwy/gM8UmC9o=
q3snUlhYPY7pVEOkKsnRGYITdaHLiBhCj6PRgHixx8E=,TLNThzJOgBjD5oCsiB13bZaixfRqsXt0TzRp0imMTLw=,tSSmxwFKhQCUYXhJiRSMmqVX0V3g+xJh7oV9t6tFSkU=,ZFaHdfXNKmRkGhzsgEqmJ0uAB9bnDZvFMhiXXj0P2SQ=
YcnJ5K1v/tzUksOCkzhhHXLEzDuJozk54oHVxUFMnaQ=,TVD4Zpa5bU9ml7PhcyKm/mkYwt9JIJbREQzoon/HuKM=,46wv3UGTt5pjua/Zrjaslx+1MWh4hdRGyiosBHowvc4=,qBNDInWxs4qYgifAgEqsSEsrOdnekwihvZkrLxUSI/s=
9oEV+AGo6HSCFUPBCdTWHry51AeZleLVDOt7CAbbzh8=,RfpYxtcXqsPWU7KpjnZ1RhietlvajGbFooeuhkq4+J0=,BMQjN3I7v/llJRZxUY3WhwrVy1CbK62kGk1Sejz9gcU=,iBKPpgc+2EoLjwyYpN54tESziMPDm6WCWrNm+tqUTxI=
8Mf0TAkgSR8IRN0p4xYqxJ9TsX44ICFHQKDccTRkw7Q=,ES4zGuTBHEvL0I53howwav+gdz1X5sfXOkek8nb/CJ0=,aK0FUs3EHV9XZedQbgjPKs6SNbjrKgGqfwNL36sXlqA=,iKxYkgJYXv0YicOo/dlT6T8mpyJcfn+Rm4oOM7ZkRRE=
xBUhITz9YlVc65nyMdYLhMmykU37pPJoGSmgmi6TjhA=,nFQTDtRy0k0ACR30Dk7AvfLa0i7F+j6mMdLKdv6QKTs=,qlGoRFuaM8jIOzjWe5XFHsQ9cKbdS5kUVmGKZxtxunQ=,dR09tCZGAvm/+WdqsNOyclzTFFkownKQ5dyXCUEbjrAVPQBmsdJ4c6OKch1xu4uk
YV60n9mvm4Vlkhl9rJA9MCxaxhj67hngXIEckKN2JfM=,IFND+WoTpMuVJFw07yR9ouLB9uJbFG7cwDn2nySpVN0=,3K2SP5f5BydBMXpG5d+vd8iSWCVVy3h6Z48p4jmzkVM=,QYNT5F5kk/kr5z2QFun1COYLVPgr6LpfZMLkAeGchUY=
VwajAdwCUXxU0wAsr76rRavDCQP38tnyyuouTNkIwns=,J+FleT93DxQdobgVbXlbFawHTNRE2guDhXF7mhg12mQ=,eWLtA+uCnhL5oWYRfvPrWWPV8oUqJjMzhpGoPHGzDQA=,6WM2bWSOKcdl03/ETDeRTe5lDpoqzyvwzjv/3ks0wzaRic1JQSHfd6790OtiMvjE
bzS+X6nWpxzFwo07dI7tRvP1H963hijt0MJHcg4ZGdY=,pmsxQIqorbpWpt0BW4+v+LrlqnD8H8Lt9eO19/k6efc=,shS5IWYLgWInRpAJwcg77TEbtEmoDhRuMIP9uxUvgc0=,l7oBvDuGJNJ5ihlQbwLTnYXm8mgmg9ywIVGGChC5wC4=
2x/KgNhATgTRTB45MHZN2WaR1ZDxl28TYBBCXKE7qGg=,orEl8013AIICY4z+BPrPM5DsAu6IxXhI9eipHHmZzTY=,9OaL3z5s5R3GZzXg4iSsMJd4sx3WRZPxVTbnRHYwOUI=,JVXSs8dI0PMXiDEAQ5n6B7En8an4kdYN0xvwW44tV6A=
UT3HSdd5C/awrAY4/tfn6DQdKI+pVe7hSAd8tyUosQI=,4vVy4ldcPhkACqLnrSihM03PYHKFpIVI0Rv8YLhgowE=,XmJfeZgPiAB7iWfOnB1Z1TfjgYK7/Ox6Dxi80gohYrk=,B7Xv5oQVyl7wAOYmUIAfrfqkBQAcBrqUEbGiDGLKJ5c=
OMaT5YUrbyQe4WmazG02LeprMU5klxwQZ1ljTG4vMoI=,ByWkVHzlI4nKBAyO+Z2L2msZO7HvhGxIdD67XjgwTVM=,BYnwkDmzN7BmSsuCg9Lbij9wuKVbxESK8YslcR6kB4E=,jGBQKjRNEtPZBmNGDWdwhmqZagXmJb3k6mYQs6RNqlQ=
2H+4OAt3CpFFX2AhARWJxlK9V0RgLuYyCUf9jl5elVs=,PrnT86mQXM3xZQbsnZROFWq+kr+TAPogm7iSTRmpntU=,zxDp4w4+p2rkkwCuCCFu4/ZKjbpEy6js0XP1AZB87pM=,44+GA+zz0/IWy445W3wVVLZEY2pBK6tU7OqjrCcxzTI=
qyn7ZBaE0lvo8MHLqbV1AOTqTy2XOmhkCHm1r84nzxM=,YQaxHfEmCJaSdL9ZkDt8QpkfCsWQZJheX5j5ORAZi5E=,/nmJ3iFv1KDe6Jv0/IAIcs1xkSpoOG4xGmaUmK2m4NY=,kIuKlRSwUsreKOde22zE3IAqxX+qTTjmmzKS6GoJTdg=
19xIQUpL2LdLZ2KYrFWdTYULih06IWT+z9HcS6xymUI=,4MeIUJ8r510MhLfNee8+pUeCUDRVHxuJfGsl4wFteWw=,ACwdktXqqGf5cTL78yclmHgmiUwy6BdWsWNYXGlA7Dg=,pNGzliayf2Vq92wpnV/RjV2JKOB8PU14vnrPg5HXUFg=
UzFV54NXJ4gmvekF5NPzNhhWitmlh1WB7qPW+ugzCP0=,OUdDM2HFvbEOswFcphRxvEIvP3GRostcODraCZ2Bplw=,lqOc9iLfYNABQOEbhxsqFPo/8GZUM4SC4nTPrjNLXTA=,b5xZuMq799ACNzEZxLmji4N53cRAJjgqViGqrqIl9ls=
XjhFKn/1YxiUvDOwYZcfg+ey0t+KeGuBeyz0SruCshA=,FBx9J0zqA7UG6AORYl4DaYN7JIyNCMa4ZcgWHPe1RlM=,p5pgEeKplEn8AB5Vl5BFF/EtLfoSxfvAQ2iAC6Woq9o=,iuSE08hbjMXJKtTkHclTaRcZYU8XcUgZONLNfH59pMs=
vH093+oLPZ7+zkjdQZi5B3BulwL3XiplTkBOZYdrp7g=,Okb1Erx5g6eRc3A5j6ITappg6CQLTwYNAUOECKCnelU=,GuWFFkCTjaifchcpiZouDwRuKAU8KieoR4ycZMoz4W8=,TXwjbaQnJ7uwmU67/luqj0Of4tMSPdbI2L50W6Zsdrs=
GqRqc/VsnTEPsoNg/I/Rg3fzk1DM17ncIYEWvQOe2XQ=,KqpmQCry0rRfuj88w5ulSRl42gO7Lrm/Idsy9qrjNiY=,l6CIbS+kBCwZSn6lspAnCXgc4zcK+2Uof01aj12e8Nc=,jzyX0uoSwwdDyD/DUlhYukwQJi6s3OggydISWP0LFFM=
E1pdmpRzvIbObkdRuEiWUcw74j9gEGf+k3uTJpu6LVE=,TxSuuB9TJ3LzdFb7eHOmciGCSPk9xYC6pIz9DyUtx54=,l3jgDuP+PHlHFmKqV1ZlrrGnwa0ZDVlij06MOUEcIgY=,4NznWcObGxEHFZIR1Q7LQqqBKqU6PWVlz7ekTsg7HwA=
N562ke7y6TpP9Znq1PJXXCywoy5QeMRhJZhlm5Fcvqg=,J5eDHcHr4w25YboyqVRef4a3zeqLR32Z4dI5D3ZBfb0=,vOM2Da0mWtzTpw6QxWNIffs3vA/C1J5FKf/DmLbFKfY=,TqB7CRMUcvhpJTJntZFxXhkCJ2SfB1zhnoDb/hR4KQ0=
T0an5/7HvyWs7HcAxIE7wwnfcXG7AFWN+QA1rwVgz50=,JcUMYPXk0WKs7fkYB0nxMe46bzbYhW6wIkaSnbP0ij4=,XPCh/6fpV5L+FyU4Jr+yMU0qJAwxOzPFSv2rGXIQ4UU=,N50Gnlax5AngQlRxkUuz6taLJklTcH29egirZjeDwqs=
a6mgUW6doPlWrahTlXrZobBum9aFK2KgqJdQV02+1Vw=,6rHkjCUXKtPJM3uymmEPPYLLlZmR0evt5frUNV1u3Gg=,nYOKg5G+aWiyBYzrKQp6Q96RU8aya+ljKL/Im1xWxDE=,NfRljnkNzn0A4xlcg5IblgEWPgj59yyXIicd7q32/6o=
a/+cWdw9Z5zKKEhyq1QDdX6lvTfAjXZhPsCSTTvtv8E=,lgml2bQ/cfvRHnIlLIHYiQ1GFqXTpH0Hq737ttMkCvY=,Rfh437OB/b09u/aE1+k64kjBM2HcujlO/n6UMrHojig=,LxH9Ent1HRHICqpD3Tw4cKy56p6znapsfk87CrRSXyk=
5K7T57suE7Z+1ZpFYka+dO4sCmXZJTqMjj8Y924zxHY=,RvJIQEh+RpE4b1alJUsIqnVKH3A35C5zkaxkw4RAOO4=,UYUNIWtthF8jZUfst9hEcVHzFAwk7Ku6aPVERhdt9+M=,UhhSzyjByLVnApW7O3ZSXD379CE3+kRLZSv9rk/8W6U=
gu6B7Y03nkgJfQRbr1dz92+nhzM1XAS9+BJGlbbH60o=,SZQWkfhd0klBj0TX07cIByucvg9X0+2VsB2IViE/a5g=,FTjxzz3BD86liT8VJa+aVlwd31NDn896MQA5+SIC4Mk=,d/sAwn2/vPUSVk/SEH1ejxkzFmKOf5PJA/cihaWP3e4=
PDgoj1/T3tHmKnVifc5NH83rPD+W8xZSHi2SvNoxGto=,7nP9YhRkOxJS1j5opQG96rKPZMIIJJ7Xyyi/DT/NLvk=,nxP8pQkka1s3Wxz0T47I8VQ7Ga+wTuVdqPITKvV/ANk=,wKcoNOOa/ssjgoeNZOIoQp8u3m8OWF7nzCJeSA8vj54=
YoaW/P0zjTUGR0doixsQ0BzHDcVxZKKWoKZGLZbbXVs=,sgYZesgLcak803NVM1bVGt5OrgUUeIViBzAraodiVvc=,bUslUIZGpNK9D8DFKRUN0ir09lGJmTVlInFnEFAXH30=,ACGgrVXa4EHTg9jqD4LlR2dR6b257t4XYrYVT6/2nYE=
XnFs3z2fnXvaZ5hgVwCvb71Txn38aO6J4WrSDu3pFD0=,mYMABOH58iIbxRZh9PIfHhd1k0JipJ3KTon0EJC0xDw=,vzvi8FoCe69bGVg7bppS5ryaTBGffkBonZ3Yp5zYGMk=,3Q2L/fKnuZghMmzFtP67vtmfml+kBsC2ZffnRxlHqXY=
6FGOStH6u3DIhy6Njkq0MCqcLCMWpOVtHkDQ0c4IBmI=,j9eVXH1H+9UqtOMCNBb1I6q5w+rGSycucMfNu5/dQXQ=,7o51cFWJtruwuoGhkoI9LkINmslL7LNjMnMNQafD2MI=,LjqM5Jxkq3JjIOMlU5sYxhV1V2ebfpD/kBSaNRWtebQV3A9A1hZMht0mVDL+p9vU
+ALjYQPOm5cBfy/u5hn4OiHLIKfpuVV/gn0aPUqi8Cw=,2QULP1ozuFhXjr7jjOexUuyDYpXkmO4zK+hMVEp6LVM=,Qas1M5FD8ZdbtBBrU+MGj1J//3dBd0ErE7+OzqcNfzQ=,4Es1KpEq1I/w43r596YknB12oXhdizVkwtjg7wevmTE=
78BzQn2d0gCxhuAyWo99sPsPiFV1R0FepKJan8JjBXI=,rO2LyUZLgBEfYIMYtIJYO6V/RwFkFQshCl/dFdhzIhY=,K9NbsKmhVKC3aSX7Xrq1T8z1jL3Z+enZTfFTPqelCow=,vyY8IFX1kuecCcOJN1infrX3MFcy2J3oJ8zgIQTVO0I=
ih1vdN/6CXDbDtqo2bPaWPdYS9bvWCSKVZ5ujLrMEAA=,A2hLzFnXib+FSyHX2HBwyt1Gk4cHz0UZ2mzAS7QdP7k=,PGm/TEpQgBa2E4Y7KNQep13wRyed3p3+MRDCPyeIl6w=,GycQy5/IilHnzxBeBwwMwe5vHFvEwT+6cApViBGLV7U=
oLjMzw/izF5LkuA+nX52pbSceaHcwLQL+XQ2ivDv8Yo=,dtFznmKp5kOvq6jX2eJhI/lVgulPjlTK2bX6z46rGAA=,kSzzn2yH0eY57H1Pk51x0JlXaxi09Z1QCmVDK4y+dCY=,JgiAJr6u2BFyuYVfxniN7wqiL8qX98N13B3N4yluNeE=
iYgckBGbNZWnNC7HqMC1v2+ZR0h9aq7Q1/jGso72vkY=,kZEb0qMlXhJpOo38QfjG5DcIaIFz6WmtgG8pKwc278k=,pkzZJceYZEXrf5+HHKpQ/zGhZcyOcfRdJseUG2MJc9M=,NlJF+hyNPxdpVUCywjZ4ESfDPE4+XAD1PcxSByJhChQ=
q8uziau5Ns5TVm+i2TvM5vTFq3BxqhFJpUiObHrR7ok=,t7quZc9esMO91PK6GDdqNyhaig0f4OZHp2UxtTa89io=,kfEwuO2xCi9lPe81AmnLR5qdVX3UJGJpbjwmZNvncg8=,YLrtyTuINmtnonf0ceKUuNXB372LlmaUtVUxlbEhT1o=
omGu21n9oO6yqtOSz8nTaUsoLzTuJi9AdQSG6rVMCxc=,jRHzfP9bYenOh8B/r0a4viMr4ovuGYp2PYZfEL+vCUo=,oVCyvBdcE2A3xAc+FWieQ3zdnnVegJOre7biK5qyplk=,18zRLtm8gZMYEuL2lOd9S2RC8qL2xoalDZAxb1NFF78=
svtfL01w4Wz439CHR3V3b2F8smklPXAokG7Y4vDJWJc=,dy+WE++qN6PXt/IcC4bceYJRj74fcohImLfydl8Po2k=,twzhRAWjQZJt0eejNZDHvUOyfU4d0Sm3nmHkEvTJ384=,kO4Nc+7DZz/v6z1AavDpkijlCSF12s1a3pfFqaY7rbREDsc8bkcWG7Y4/1gWDY+d
5RHwAA66qKAiUIuWd8Utoi9sLw9pAlUEJ/aXJSfmhcE=,gKii5247obQVZBbyMylhnulMO9etgOjCt1FixZ/MzEo=,Tr57YxBLlVec3vDcGfon5V/y8lHa0rvry+CsPBN5y9Y=,raZpw5Zl9qDbK83at9js+upUyBkwCwecJp/CjGDeofg=
U6x9tOi7hIl/SJpTeV/HKyUh9FKtYQ9eov8fke1wg2k=,JJ6oLlgSAeGPUAhnZQAqXMZ1mbzBxBwNoy1cl8W+BCc=,4SCKu1x9/aoVgHDkDJxGIt1mbU53HUD0FJ3GlfbFBcM=,jhvoq8sPAiarE6hgOVN0Iwl+3gc7Pky5PQfUB6dZH/I=
GiPLQZ1HeYS4HR66aFOP57S5MJwqkv5Ce5MHPDVJDsw=,VPSYjQBWw3XnFkJzj+Z3mMRtzWmf6uEl5amdGgvBjlE=,dUOUb0gMrcESKphosi5ekaBzvbjAmQqdQIxUudvdlR4=,J4gLoeaMp8b+LdgFf8KbbPwxssVsm0e2a+WunUFxnfI=
z3H4f4wbt1JjG+jckk/n4OYSuy5HSpBJhcvg1esvwPg=,LvTIPJ8oRtTdXJ+cAEQAj6oaLzZkE+RGH8Kwh7S26Nw=,qL9KOENp+K9/inTD/sICsuiQOj49VfKA1mkXRB6vsMc=,4/SUmx+qw8WYs6TkD2xKgKoghBXAgKYoLPTE7DXdJaA=
zVHq9MSvdl3YQezrjU+RJJutKZBl/0Ou8kFULmRYtIA=,Ty8IymXEd2tYGHxlD9rQClyTu5G4K4hqYpnlPFCMkrg=,1Knte40ddq8VWxif85f12C3s/+w1hwLUATQRhpLbfTQ=,t1DJ0CthgfXk5CazmXnBhucnK1LBnqIgCHekLSBlmHQ=
Blvkl+vnnZKFeATY1cFYVMTigccqLCL2eKAgWb7/NmY=,53FGM/Oop53UbLWlxDkNzpe/yOjHwZnOd0ahCQmqSB0=,oOsqhMOcZvI7oA40PgtMgggHWov+pbyVFKx+W17S4Wc=,X2Y1aqAiCW2ZdENdcgCXzHVBq1l/RaW8Jg0YM+XtFAE=
mpB5g/IWqJlxgZw3ibgQP689xhWMorMfBSxmA/Sszk8=,LTgabd/yB+hkjIZwA5RW5qKEZwDn4wrkQG0Q3pchr0Q=,4XaaFOuSxWGlug1cXDDNve1bAU/ky1sb0z0hTe17RUs=,0KBD299e/vhF+A4iR82s9XyY7ayYx45do8RnynResyE=
qwOMT6xGaJ29gvwwPrHmTVFyzeVUfvsp0Bg2EOeIFHg=,u80oqz0ZDwFaFZ3/59YmFCXQQW5afFSWDYutBMLuxOQ=,dA3G9JEPbYyD/uSlB3tgi+YVjYbKqhKompHbbTOxYkg=,XPd522gxRtjkKNDkNflGeCLGlGdZoKuqArQgbr3bRBw=
nsyx0xCBYpEapcFBpYQ4POP/msL7WPh330Jrfdt/3tk=,5AilmAriPThvakTWRwPjqmHAAj5k9VcGSeWJ5phMnM0=,TtBOOrJZdvg3myWGCX86g28nZBN48wt1/bTYoirruq4=,X286hWg168dTYBBc+tpFOlq9f33HFPSuIJA5Od2q2VU=
s6aDj+RT8VPk9ySKraRF6QCVcr7ctsFcXDIObbUjVb0=,d0YwHL7pXGcdQ0GmfixkMfbQtGi/DLoNcw2heMXsW20=,0rx39SemQiBeE2wSV9ABDh0ExlR2IyiZric08rhsUU0=,0mUpLxzI6r4JcUqNb7oVQ4HfFfNo0V3kmnjNhQj4kxjcwWkuaXiiibsDZ2Pu4t3x
QdI3CQRVdCRjNB3++5aPh7Fm0aARpZduzm2wK0HYEqw=,1neTG9AJkFaCtXy9L/tY7xKbahwAEOvIkmg7JZ6rvAk=,c/Lemg42GdCKCuUIcquz8QOBPnyygqq8nefPrONm3g4=,FdXWwnp5P5Tt6LLhpURG0xFZzdHcUyBeac+TfOL570g=
TPXIqGDyBMGuyF61iiI6SaSd8sRdwcv5ESB8gRPcphg=,oFTqI5wiQ8dcbeOBM6wbryVaN7wOeXtfEOVHBVt98X0=,uHmxnAdBWuRbVb9ec5SF7aZLJ0/qJtTf0VK77d9De+0=,pu7B1U2EqpSIKbm6N1UD3CcvxlQ+cUkgozuehY3kjcI=
ARc1CwSK19qoioctIsLnQd59RKSWq5Ri2p1lYsjE6as=,1DZkaIDvg/8tjMekeI0wuonI1X9RwH6VxLb3I3IZMFM=,fArfehqem9YkSi1CJljGPgWvQO12PeOTAlTEbeA8Cek=,jz4IneIt73bGWP7zHerNedo3GKxt2a3KzrnIEbJBUYc=
nYhaxwrekgYBpYSoaA5NnHCCsDS8AID8GDJa9NJymAg=,KmxwFVgQWNpevXW+RR2by3y427LXOc2g1JEPweiaUR0=,5tFLScK+9dp3mATjEQzm880BzueBdN4MwQi5G+3n8Q4=,iIyJ5XX/2rMgnxOaZBelOTKkoxxDnixvpGPcGRj4Fbs=
H4lwrun7oK0zVeIASeTU3/jYs0XudoqNp3kxB2iuAaY=,+E+2GzwTXznEFcM5Zv9d4gpg9+EGUVGV9ryieOO+BCw=,Iq6PYz4SgdtK1mM4xHO3t42A//NMdOp8iqfztMSpQ8Y=,z7hXDMVLKjPy8P0Y4xIyzhWZZiqbpqjNyz2RfwrxTIQ=
MZ2C9cTaV/aggg0dSqWXEGJRF+CixbhHrTigaLcYeZs=,wdB258UDVScS1+kulydFq6U7zQy5Cr6MljFpil6juVw=,nTxwevBAjVcZEAzFBffhVluAuGV5pHoKG+xIUuAqBTw=,MQeCcYHR1xXXpl40B7WERJ5pVV48Q3j6W+uuvz6uyqY=
gpzAMHIwE4e5F4UBgXT+AdV9l+4Ch3Ipwppv5yqcIoM=,obJ3KlUzJ5/XjIAaI8YRNBmZWBmDJdINiE3yPoIo+ik=,SGnp8DTFWZTJGV84o2GVa+5yLqHStIFc1hpYv0Q4v9U=,nMjlbeIF+Mxa0cEY5D4bJ40J7KJLhHdhmGF59lfGOZU=
kkWqb/uye6bzQ0S7loOcqpjXz0lw7NGdoh+aamzJ5K8=,5TPmqn7FcPFrhIjs71fyjuwEtLirYOrpmQvnhd/SdEA=,l4YyPR77TR9vO8X4xVzZlLeXiVFshzgg+cT/tTfsdLg=,gEZ1WXAaQMgDuMNhkAjq6hub4bhaCies8lu88ZZ6gHo=
VvXJ7vwcC32jT0Zqutn0lOETYuY0FkNebozDTrHxXwI=,qdIPYgPU3ywAw3hmNKrvCxzCt1oMJ6VhdJTnDfFBYdM=,n0pP7C72lnAAxTLPeV3yDZAGk2fesuAWAnhu8DFR/U0=,oYirPv78UPo/TIRYs4zKjCbC+xeOxDW83NOVAY4EfLI=
fgeFFs/fQSe7DCVWtf26swUDojmOzHSMcDXVTbBRpU0=,lsMlQun8bETuEEYVveteizqqGTf2NaR2Wh6MGnLK4Nw=,332aqG2RWFkIp1hv0Sn1PROP0Z70gQEmQMm4Sgy67/Y=,lGCDHcoZomlKk7ZF3it+QaSXuQdU64NsZOj8zoVXFx8=
jjbjcMUCXOYn0TzMixCBj5BzHEKESWL4qrVrQ/EUGMg=,45q6BWlV4Ek/d9lek1k0FdGuu7/xATa8Y29uzZFRcjc=,UcFB1XheOs66twzftZvPtRSInClo+bJrLcoFp3y8Ubk=,o8hCeEu5jbKHUbpTLYjuyBJJu7d7qUo2dUS6WYbldFg=
VpC0SlFmJBzASxScHs06YX3lOdTto0zKo0Sac9JnCKM=,YJ3OhaQa6tdneprzRzZcID2mbqpx080SosAkZH2hI8k=,l/j/jW4O+jfAPI5EnyiwVAIO3M5hu6SaBCGjdDiPoA4=,cORe6qmPX4eVeyradhJbr4dtslHYE8RB4BpaxXsi7G0=
9jYSnvRCYe37HR+OI646Q6n5FMkn3GdT1RLpc2ETd+M=,oEi4oJabNU+mWH4kspUgalzPGq8OPZD6qFHCM/ocenE=,16Jh/nmjgw1dOMZ3uNc3KZJP/VpPtXLvBXNeNaFVfMY=,tkM3ZG/FyPfwbG3Wj61qaC6XZqGaav/bwaHZn0JDoz0=
V9U/sGxRsoCupelOzLTkFWsY4AplMUxyAVxJWDAJByc=,TBGpCFrNfK4nbpug+DwuSv88HFFyxXYUM4nVU5VGGvg=,L51t0OiuCK74tLkOQxz7FJYQQ34lkHyZ1MTxNEFNZts=,rfspqe+e/nbsRHFw8HAmk1fneaNjZ+eNVjO84NTG6Vo=
ufbfBCMdoIxRHrrkdAKQ+PGsoUd7wMwKv1L0zFc+G5w=,wfWEczO912YPRXl09MPMEmZYLIPtwJcXmj3gsyI0cB0=,kC+feF2hpzjL2aKdSLukgff7hTfc8H/kIgCvRsaXdPg=,sJs+lbh3DlO49rNZSlGBNrDqJp2ZEfqLIXPg3O8oUuc=
1RBOKayvRf5fkwmZ8xUj2RbcDLtcuBjPUyIMxDoQxvw=,V6xRmTB6B/6+mf7EudyfCfQozJdxJz8t8b0AgykCtus=,TYmMMeO+COJtTEM9k1vhfcou6GH0HSch2UlimNcI1uY=,LvkFqV5syS7H7ohdnbVAvvOjkaLUGXp5zYNdeHzBtB0=
hjEa8IrxThFkp9iBRQ0rS87iI7dmVXREyAau3tbE1CA=,TtBsEgjVO5Y7rfqSBbDsyMPqzXHy2lvvp2YnC4+nq0M=,f/ttknULxzzCcZqsGH+Zl7YLLfrMpX/omqiPmGj+lSA=,aMYuFIktkwnwNgn4AF6KQSVp5Q0pc/clWNlEEj6ZvL0=
Nz55zsgTsFZmJhKhnUhac5anRAhtSksqY8EqxtdVDME=,ZtHue6Lvcys0vgHffJ0YGdnh8Q121AKkOUEDPBeClXY=,eLpe6+yg+YNF4rJapiaocq0IwtlvYLcnRGjkULH0jSo=,d/2OXtXcgbHR/y4lVUlVkI9s10nAXJlZJDPNa6p1lnI=
DCtOu4x9+uwk8CNgixs5hcjWR2SDAexpedHFuXZyz2M=,cIZt4WKKtFIMRbdSN+og8lU+zUL6HnKve2uc78Q9a6I=,lovYBNu3EeFrQ0FN2KW+Me/QAGawvxgx35trT+3ZEcU=,9FKXhRcQ+ZrQ5AOl8uNqXM+4gfxiEi3SVK62ugxiQNM=
2jnJCsHc6rAcViiokuST8O+/9ZhHoSLss0+kYnR2w/Q=,nA04yHLN9rGOIBPQavDt+lge7p6xSmsQ8DWUGNrJbU8=,AyjE2Xkw1BPmm2Xm1G5izBaalYQfs4RHUbWrTbB6AXw=,5a9iuIdBYiqOs6C6Wxa4a5FpGhqj57jdOvl9L7O881s=
LlqxxgaHzDXZRfpijhSq1RfV0PWpupqCKzgpSsM8eTo=,3A5z6BsILBz69xya0yUoGkbxhiec4wBjh2e4oCYZhT4=,s+u0k8qxBMsyQrE58F6NED+HS1iLMY0d9pPDxZNHkB4=,mGWPdmkRuKb0SwUGc6c5s49kZl/ODh45X4LKpKuIkCM=
rA2oJfv+0d6ETYI0t2cT3cVoT+QTt9ibmBddbZ8aNfk=,U1hYcr/Hv4ztfc69UWde5wN508ncos8T+xepWnA1dr0=,37j56biLsnBpImxsojWWQeFyfld2cmDLidy3CQbIK58=,4+254sE3P4wDnWyaOLWjf6E9DpSe1ikjktSKJED4e4E=
BTyyobVZXufFDOxbRqpNQ4ObSc6eW66fN5bOmHYxscg=,4Wfcb7/s/75dgFlDm+tV8pNkrLVAlCX6xcPqnqhBc6E=,q3wBfHdG3KpSk7b0+Na7sGeUkm7oeQNCVzgI9jURxX8=,EI429eecMmbEdPJzT9Igc57AAuH4wOU/Omc9kcMskiU=
a/1JUY0tOZ9jV4x4BazP6WJloA7k7NXzEIW5ZsrRs/g=,JR4Op/8qvdHfl75TM9lrzXWZFsOIHAOml9+EV0KR4Q8=,BI45slXF/Q1WyCXFQuOPsQnusUHNRnosf9ub5RJlmT8=,2aN0W8V/yRIxS+VlZYZN9vp8kgDPaQo2RYj2YL7W1XY=
Yp75JojWWkwxk2TgF2U2mVlEPZ6HFE8r0zhRepstgxY=,SqY7mTQD0j6rD+LZ7QDOvvQTXZFB1nJcG8aKzil6WcM=,JHUfZ8yKRIJBEbE6a7Uz72S+zkmury2xp0VlDVVjCrU=,5G8gKeVQ0wXfFw2fK8evGMwvQRU3+jqo+AR6aZbMAm8=
1+J+TCAvEQM6M6BSg5cJPZnLCD+Ejn/OIQys5QM8szg=,C86zbIUXa4MLa2omujuRxLRJ4DcFim52NoEPf3eZhkQ=,Yaj6r+P2rKie4146Gk8B6+YucI75Fmuctoh/LrAEmkQ=,l3iLiPhPz77j0F4P4Itb6MxejifeKGYV8dkevmWMkH8=
/oKthKDHJTSUza+HlYghmuYjkbER2+Lv6B2XeJ8qirA=,70Jyq42P3Y7s6ZZixk8dL0SGdMyQAGBdpxh6U6MKb1g=,Gh5UaA+Whx1P0pjhfW8t2NTIyrNsaGuIxHmopuMWkxI=,Czim/b+onsozfBulqa9n5iYKkoqhXBtCNFB5mKuPL0Q=
lcJ6H37uU2HPs8KTSU5tydu109Q74Oi/wItODmZbIM4=,bNjOpdlqcA0Ak4ODEEogEUu723UrtlWE1UgCxeuaeHc=,R4pJg+IPB96akVnvlssjBug8CTck+/gFtMpwxLHH/aw=,zAuvC3g8vazBFeX1par7gcjL4I5wmZwg7/1rlZd35bA=
xPAdD+wBY/X07Mg9X4VbLv/yYJdiNMZv6bmAAcp5Ozc=,PvhkXNLVWqdqRhiZHIeLkyJcM7oCR8BliUJ/tNF9z1c=,G3ZFy389ivbRLk9/V93c7H2VPbOOokK71dI7M07A7no=,x5ZUGZI72RRn54UUOJeqLdPNAjWH1ah31+Y5n91jG6RtcZS2AS34QY3gQViYk4iV
eoE1YwIy/GaqE0DXNLchRG+tV359DzccMVAs29Tts9s=,l8O+gWt9PR5RzmMt+SWsmbJIkphO3lUi1Zym0pUrI7Q=,XEnpo5VLKQsoXwyS5G12c0YLrUnu/2ZL6ko8xS4rg1Q=,basAAZu4imIQdy4yx+ZvwHP+WebxHWtvO9PWb/J9opo=
9VLLRCaY3HU25YR4nTLAR/uiz7mny47Twr3xoNfeU4c=,fs+oKewiFTOpEHXbGfd7Hclibywqfpam8tNyCBWPkQM=,S8EBDOI6QEuaKEI3lqr3ds4JiM5IC2DUHpJYLIlh5Ps=,Ze1ApQ1JKPE3BCOvFNfwdbN28K+ArQHwAK7g61cwUeI=
sBt4TT2Q7Y0Hn50ueP4xwwi6XD/9Tsorl/Tywo7OOoM=,qat2hBPbmjnbf6zrCwSCfj1lQTfkE9K4nMmGkihyjAA=,036EP+tIAVvyOiVRAW450DBwBijQBTg3gne/Y6PF5mY=,G52XDVcK9cg6NAFrM1Q1C0i70sk6JQn6AdtPyeF70Jk=
2vkD4Od9c+xHfEVZEg4up0hb/ek7YDk6Q4WOzHe9DMA=,WQteljBqE/Nlf2EhAfRv2h8NimtGPzR63RnB9Qfdkic=,6IWkVNV8VxLFKQNfghptE1KpEONHxafaCEYwe2xnbAs=,nqrIcsjJvSwkEygzflie8WG5uwUjOXTSos6ZFVYSFWs=
yse3QHPzLvQpTNZddhp7StCHLz5Z8rQ22xHCxMtxEG0=,9Z58IUS0jIED8f8FNvfeaIUFcLpA6tCJGEP1Wwfwyak=,6Rw8cB9Cv5il+DfGkrpLI0x0NnZYTeXsbAdrkx5D8EM=,N8nqoMT5OXa5sTsJRZhBb2mPwn/ZofgHYIwOZ+xWud0=
mHCfJIepyiulQg1apS24l9TPgKRbCl9mI+G+1WzDiVw=,NJnbzMgjXKj+Hh+6pT6jjShxRT+qnsrMDtrqx8m2cYQ=,3jfkmS/aGgm0hJ2ZR1ysjLYweoEYlZ06IU2Xp0G5OdQ=,/85+AntU4B9JxdbZp0+ISoX7cMUen92V8jQug2tZJsE=
Db0RGNDLoxhrK6IkH8iHvuPuj2tjOHEctPLqDN6DPcs=,pvHNgwbso/nM/uEtCTR8sD8k7IjRgIIJJnj6zsfuzU0=,dGS5W4IfnnDH4xSeR0MPQWnDymaGRoLnKZZiykHeY7U=,ar3Kn9lBYJQf9p4IVIVlKvpSPTL5kS6BM0RcnhdQZa93XFeqxC7UxGw/zrBYbxsa
lyPkoLpWOXV8X0g+JJChZPYn8P6KQodxRmWQLF3gxWQ=,x5SPIsdLnuL2cSW7gLrvdouQQ5TRGYKeuq22bgc+jqo=,z10aPSR57g0a4prss5OyPo7+kmaFZKg+Iv7roWeE+bw=,KfRuLrd85ELUoDcIM/MNbwvm+wkskabB7X70M/0r+S8=
B13SXYomb/Rzi3GDORdLZMyEF5Tvb0S+0syvtoDTeZ8=,8fTX5mOlzQ8xvclJuHE3MFbqbOhOy/J9HyZBVMBvvtE=,xqWLiu7lG1DbJSjA/lFBdjLWGqBppQLxxlS6hFiZxPI=,iqNt3mjgbIDQFiwFj1Ho7QQ3itwleCHx3I+E7bEDqzM=
m1CVBAvkG9c6xPsrN5l+trYOVaC1aShlYEAB40hyCPE=,EQTjgp/GoSWq14TIvBPfbhdgG4ymrwWG2GqWrCXg4RA=,Q96rGg5qYjJBjvGfH2LV+P2zHKHQHIAvle3nw+FG5Wc=,S4sCbt8koHrVEosCDvF7EvqnsjwlGl5CqIBRGZ0vZNs=
dUx/na1Bsqw2BWmQey0FHN1u+z9fMNZQRXoY4J4foMA=,V1AglyA/XJdw+gR+DJZtorRThTW9db/Shsi1yBTZKUI=,FferkmF2IH05NoPvNvolM60sQSVDSmIXLCKSnaxtfV8=,tmwqwZaHZSy1+cXSZC5tmEtxGUrVaSJ1UMmqFSHqJDM=
BPQn+SVtEbiViR71j1Z/MTpTXdiX8+sg+zrMBMSscDw=,ysXlaR5um8SttxMRQTgsDQnP8p2aEWj5a/jZbjWmCpQ=,8GY/FX+u+mWGHBfewZmQZB+yJ3icDV9LFzBXgWO6uzw=,6LtTUfgh9LoAjvKuvNhgqA0Izs91pIs3xsh5ZMPnZLg=
lSZMD1yFXegQLRl+wdlUbeZuHmFDUQwKT9//AZl3vbg=,untw6sBMLckzwzd7SwiUyPGMJkd4YQfF0ReQ1E7LOMM=,zRrFI0+9KXuFJTHm4dsp8IW4rOfoVr1QK6iUNqsHoLE=,ISei9ONLK9VljbIFTtcIVyW6jXuBXnzBoab273f8DOM=
FrnEWO/QJt1x6USTG3xbxhF8pgMKpiSAwROr+9MjSRs=,DOxTR8qkQbKMOtG1MFWkvJ9zL5ElEzpYS2r+g2hJLXo=,dYHXj/E5saPphOgXyCrzHB4MqCYfIeXL0+xt6owsPDY=,l0aWdElZWBGPUOsD48LPbauTflV88rdIqxdVbGvOuBE=
KaNuvI2HKu2o4rbF5NrVVGJgOcC5hCg5exJ4dS43X5U=,refOFw0kdxQt5me+3FYB9RxToxyGybeyioXf+OFuHjk=,zixSO9+8vGmCLZgA3Ua/qeHYlTnue3XDlN7UVO83Olg=,6z1zJuA4SjzUtiamVBvnYjJZ2ZwWkWLoCzqxiu5mbCRlXRlbf398mJBwrkjUXvFk
vKaFViIcMrm96dZv4IrFCkzIX9XV+G90TQ9hqjB3aiY=,HcmjKbyoeep26UsyMC/HllhiZgALjkzyp+0Ldq9DzzY=,CQJ05eeFXeRdnrf3jjIr+iC61pVdSTt8/6vYv3+3kCo=,c+yQmDkoCUhNtc7urJXba+X3N36M7NW0m9mrM0U5sw8=
JCEW9CjurZ+An8rxSEavB2ZwwTbCKfbBF285dlasGT4=,f6Em+ejzM/1WBOf4EyWtQ0yJCUwCs4bf+zZz5ItgKx0=,/rvvrQWfpi4jTaVO0DwmYrPeGyKrjk43wx7WgYyxXSA=,UrZZJHJ+bjVsBbIf62TIYPoElyn5PGv4rwfSo82r6dw=
Hn9pyiwZP5uNUSq+kU1gCjJ1MwxuZeAhWc+XYoTfVFo=,a34G0iUaTj6ZQ7rnv17VckLXejrA8V/yUg2AuHpfzTY=,DFB3vOl5NnK+ZRsjaOOkz8BvhvXcCN5/7zQis2BYSWY=,McZ1VKWSzDb9CsSmGN2IBtjk1lziyfts1b0AWFNbWlM=
W+mz6Ghh032eFIfi+zISFPx2bzkirQQDOH1GIUfP2e0=,ANYqkRH3MifrS7JRGQDrKnlCLOrWIY7Dp4fVOJ9j0tI=,2GP3/TtuCehysaD5wfOX2ykfEfJsPM1XsUAM74PJKKk=,6LQBWuxP4rXxMPzNarYnd+ZjEA+0FP/2lPNLcGB4yyM=
BYljj32x0G8Qydw4J5J16gEaDc/Nh5dMVKV3I0Zn1+A=,rXmd8lOIMJjJ7PZNaeFDDM3Ba+7t7/Dv7LHYbf3u4A0=,fKZpqLTWSan0qijfM+XuT7Vwk0s646e5ZSZaTImxucY=,YeAWEr2xOXAd7BjnIJqf4mF+yguiFc0eGoqPQpDkYYk=
PfDSWcoF/OuVa9DLr+uOR4AS2oK9rXdZ16BCjXX9HSc=,SShbAyn+tAMhzcI2oZtX/rRLfYaV8jv562ltz1hl3v8=,QdvnNOlm7m3tuAsqMzfwpzpYfk2W3TBt4IpQ3YGtWbk=,vRzDWfUNk8VZ4W2nFPjj7pVcd0QPAIpHzXGle2KCSCA=
zHzGwG8Yn3WFINU7BCV3WAlpOFxSIclY1w3HZqIskzk=,R/Im0/EIA2eu0QineYjTuwc1dk7Lp2ibvOJeZG2/oLY=,6yfv15OL14FmeG6pMCUKwZqbM7OXGw09aTFv4FkA1vg=,biiUHeGPN2qq6OcPrpLiQM89BJ0ea9BiBoDk5bsfY8I=
Z4pDybvxthHRD1TjP1bVPpaFZJ0ttqKlcyGcRzg46Vw=,xlBd1l4VU5lU0UL8X8+3yDgwaKGmW7brv87g0WaSueE=,Tn/vg3R/AwXekK7R8jNB48GIes4CswtrWittD4jAnPg=,px8mxCPICdtFFmEctsS/lS4SsDwq6amfOnYwYEFi+Zw=
N7b9iCW5RqbNBpvD9Q/XV51eKEMJL+4u8GnIr7B+pP0=,Dq/AeFImFkHZchcPozi9C8+3vAJucYi1B6PakUCFyJw=,hkTxPZ1vLyV4PApq0Ws6NazX+ZyY3Oh0tMuGL/EBBSg=,8hOzlCY7uWKKT5r6ZEAeug3qzHwU03fDHUjbqhvaQuoMYU6/quz8/xNYVkx19VdA
B1YWtaXvANYjelkmsGpXpBYadGj6xg5mCNL0EhjPo2E=,+rLpxrWBdMlZJAWpbhteeN4YQZFA1jBw0gUMK28e7kw=,Gi+tMB902KBf+1EV3p9Hua9X6247T8Hw6Hwh2lxqe/M=,kN53YjI8y8YhOz1ZIxeioTquLkGuEvG7Scv4yQhOyZA=
1TOmZPSMdneuSdwHNLWEatOnUBfuYOtqCGjdl1Grp00=,Xo2xo27YCTeqKN2LHyKUvrVSR/A7ReCtDlEBZexCs28=,q1O4B8RM7mLR/GIJ9lsPM+F9ZBvkx6GtQbC7cU2trxo=,Ki5HsSjXq2ML7pOlmoIKsTUzCEScLw/nnsy4Fv1qiXA=
+2+BIpy+CoEahMdYOJ6T1a55VCh6wftrOCMvPCX/Ps4=,L6cI56d7QPMKEXZXfS/xnXE841zkWLMG0ZNu7RyG1aE=,/p9LDM0hLPoHHrRzbu6+/xTAVTl2SaBd+AJIxdRBAic=,Q0B94oh7f0BsI3fF0Mv85mHkVhKRVMHBtALp72hntEA=
3hY2WVUKVVPNBM/as9uj7cnZkHIFw0o/ZZqinUdBFSY=,4pmC8gq/QJ54b4YHnP05pE4kzRUrIGWkkEuzGCwO+fE=,r6g0tn6iqbt0bdjAPTlxgNSzB6GOTemEKpkGNZTLX9c=,pVZWvwZoZJeV8JRxGDX3dm0kK6/JevYgOx1qxTZKn0c=
OCWQs4oawZZ5X2tmWhbJ8z5ylSK7pkx8YaRHfFg5znI=,zXVlK9BQX67cs36bNeuh3rZbGU0Fv9gWc5GzYbFRRec=,az32BbYZmyUR4ey3GAD0sqaz+HzrfMlc79RBLRcYG6M=,KCbnTw3pl4EU/cSPFYSM1vW6EerwrZlyUEIeKSRm89g=
Yu2mylq40+XkdMDlsp9/TXKkJPk8ZJSFgv2II6I+EaE=,Sc5YVJr+1ysqvdiXU6vV0vKi6p2oaC7enl++uQqT748=,XUKz5DiyvnB8Pmg8o/3FfKrK2dXEjnr3IBFDJjju3GM=,Faou+bFg6tLMl52bJv81+PPVyPvpVWt+odobK6Xh0BrjZo6F8ErPU7RGK26Mk/pS
8OjhPLnb/mnTJBv+jafm1WPsAhmSlHC4WgBzxdA9vHs=,0/1yOY8KqYWaBFPDs7LNDzN2jGfCUgMIH3SS4cZml8w=,xkkdEMy4pjsClywUfsK7zMi6GMkR4bf7fxESrVDGhrM=,+PermxnTQ95rzTZEbBr0LqYt6ANE4jcSMTop2fllVJA=
JwGu2C/Vs7duUTutf3EI5YlwtuUnoD7ELjbVdNEkqys=,aWrI5fE0vttDP4m13rTAD9/WOfbycn6GWNCb3Z3unKE=,bX2q7lNCHWBkrLRk/NVL0q2CzIvXq7KDvxUJLLQFc6g=,iLtbQHR4WVw2MzlRni74O2cgX5h33NDdG719ZrsDpsg=
v8FknFVIwM0+59E2bi32AsiR/BYPysqQ1tVTJrjWLVY=,PN+LfqHIVW9Dq4YTQDrmtdT6jZloEjhkJHA7oO5Ce6U=,j7vkOneWxf6lGiSeUctQqvbYkN/85wPLwaVh3YxGkUA=,zFt6fUEe6yFi0xdn1RG1SxjlYv4pvN9MGyL8egsD7T0=
XCKXq5ZkPj3qdL1I+8AQyQCQW2OuJ+OtEBd80HcslA4=,P0k+MPeUKPG+C9fdD3dIum4g5XOJyzRSABKUzMsJI6c=,DCMw/xw5Eh0YbXRryZOT3w/MbaMeqiqe1a/8yx/BqjY=,vNuf6ubmwcZYfv1a3LwbTWVhhusmLuEJW30adVSJHXc=
vDTbfPMCeWmxRgf7AX0zWWsxCv+YyWQQ/4bbxWXood0=,hR8nxmP8bufrVA9KQBiEd0WYgKVQZXq84jJKCL6nKbA=,naVARU+0hSXhV1wDlx+i6HVJ9PsnK+gHQheMPZpJhCk=,47ocXx+eR4LnPABWXOStWYKLuKLhi1lYgVor8eHlpZY=
BWwUePS47yziUa8fp9Fn2PcweK2N8R3bC0KqLNTaw5M=,9egFB35ijQAkU69zWQYWEBwceH+8Dx8MW47HybU+m/s=,XaaztHi96qeXHXxORQznsNbFRAlknCDNWtr2fGvPf/s=,lqxYAKCMg84+wdWFqnIAYmni8c6gdbuHdTtpuievOrs=
CP4ny9BrGAtCBQRxs2WjgBD1wV10Y3NKGpzfmqcVq00=,I0uULrUVF+GwINJ15XxnB2Md6kuEleWAgX2c+dT1sw0=,pUxQYswfVIHktf8wYTYXCCYetIjw3acF79z5XKQK7PI=,cG2xEt5KDP8cjvhCVhDlManOFy+DoNaupEIWKoeuCZc=
Q8z2tIf7U6H4fC3Oh94/RklSn2dSv2F08m17BSvk6xI=,9AvnD0UaR/W2esmx+LLnVtf7pKhG65QgZ22uT8lgq5E=,K4QM/WRjYpL/UjR+xJHaKC586c915c1LBddSeyoJfvY=,mwEmRMv+PcFsOjEzoko9qMZxsBlK/q4QemxqMjQkApI=
ESc0+a8p+jtn9DamJAVybZbzlRFP5ui7H0/Y+bkoN5o=,JSCmMwnWjscCUpXz0uTfjk0Z2BCxPjczhR2ddFmtf1k=,KUQ01egXsJ/LmBAilIZ8WkuEwqOCWXf3wD3F1ALYOlM=,63m51+19hNsuhke2tgENEpYzZbgRu0iYggV9CljC0ME=
x55SiK20Dcqupu6hqf/1lbIYp2lRNTYZPPbnqcKtFzQ=,Qi5S5mNNv18ogUZVAM8ToorDzp13ArgoDWGe+jCltrg=,Bf1msgziUtmW4tzAgXukCh9ub+Jg+lDYZpvmDEolLRg=,evWUY57qmAGhcqwklAipwmxr4BmEYwqq99sZNHPHP48=
ZPTaRfpd50e8bvO+NM/x93QRRpetKt3YmIPmCE3w8yk=,6tCNYmHVyaXIO8VgbnMLyyBFp6bw6d2aN8xc1tWhR6c=,2O9BM7h4kAweJoV6eWLIzKGPfmfetuUI7VNPO3Odjbw=,3jLXgpTw51USXdtZcYSdGHvSxkw3owCiTZ2MN3xCfIU=
ltFM6EG0Soslk6oCp6o4V1Wu8m2znGlPYcjEi92auDQ=,YM/aTW4Z2GgfqvFIFfOPk9bloef6UbjvYHPu37fYxV0=,YsakDncdkMgExvhsmYjCESl9JG5R9y3qaVrbebmlkGo=,KeKljXasc3BFXPUh1TVw/+4yGRMwP7eLP2pw9hcG3gc=
Txx9W0wt1imBwZOC3rlV4tZBuvAiEbMoAJG9378Dl9s=,0a8tDGpx8T6Mtvz5HZNDsW/ylqck9OSPlshh7W7rYCQ=,DZiaGuuNRca/rpyt4tWNSuB6CT9CecK0V3JMVy4Jun8=,cMkIDmAtq6WNZ1lrRVxSG1zlARWWuOokeGJApGODiAo=
w6thsno9+D3bLxqQguqR5OY9Nzbc4SGkQw2NT4GTzvA=,M1JjBGbzIjfb0rm/zfFRez9l7beoEcW5m2x5uKq7SwU=,0P3PTB75Hee6pzLFSUVcJ/jb41B5lvhT0+SlZKNQi6k=,Tx2uW6JbMOeRHoZtI6E4sXu047vDPWUohJNHtQvab3A=
c8wzjYQwH+s64k9ac5338xEdMmNP4wREd9jJ5GxMlIE=,YCnIOFqmRzqFZd5xqTFD+9twImZnlsvqe88FfLhjDO4=,VnPsaJy4g/3EtyZjzOFMhQg0/H8TOnKD7kc/ri9+z50=,u+kK3/cabOevMbGAqM0kENCfLtxn/Ynuu7pe7oQTcf4=
zvwiLH/nzNk0jrFLV4bjBPHjDy6fjQyqn2+Z8bEZM5Q=,QRYe3roNO7jelr+ALqpEL2ZNKKFCcM+wWYWbdADnlgE=,aNXXKj3sKH0xMHkC5SuXYKSTQ/CE2Z+aKwGGhbs84dA=,PidoTb6VPFjm64MasqpRqpZQoDjpG+IVr4D2ci7xbSo=
j8CXS5ERkXV2dg1IZ6ERwaitKDx3FWWgb/GliudUWWk=,kGkYtpOx1saSPy29bV5LvbhTiS+eQWt+tnu5TUMlVH4=,Vl7b+4JNsSE5O+Bw9MxS7z0sLd5r2zNx05GRFApPXdk=,Kb5qLcv91IbzLayOHmHdwW9/FilyrgXaM8sGUCRZNrI=
Qafec0ACBnaB64VL5bYTccqPSnFrhToWDFt3iISb6dg=,h3D5SfI8tu83109P4orFl1kUVJgKC+wj1WeMUfivgNc=,L6VOMUQlXUcLuR/FFj17Y2pacKBd2YKsg44R3OvLV8I=,KkeelKO/B68Lt4FzAebmAZJJlW1S2SU5MKRjSRsmg5w=
UgL+1uONjpZC38aaPwIt5rBaAeLh0PnRguKBhkCb/4U=,a3Qm2PL4Eoi39LuXPecmXzPFVcij5NjtrYiSZMvEa2o=,+9wAUZP0mvUerAA5CJBEO2JVJtPcZXuLnAmEz7Qg4ro=,OUC/NNeZZNlzrsPajMInG7XBzSZUH4zw/xJXD5ckmo5qkc/bvXP3Zukf9obQkfw2
HcjlhnbBTuwEMY6lrcIC3JMNhP2p51Fz6Qfou5p9tl4=,n35pws3fLE/ZKViqJ6JIuhT2Z1qiBFy5omJ1Gj7kynM=,xnRPQPkXh3gzCeXC5OcgDkQif3m6C+j+UN3rorKoQJU=,MUfCYQpq3+WeJcbCXrUy/BpQkC7oYmQR6UFs7REO03w=
RNzBkeBQa+dP4NCVqzjeiIYnvEFO07n9GODbAAZUjJw=,oIMSk4vZ8C5ovpXwrsSZ8M2AWFo76YQscF1bZot0jSY=,/RcU4itrE+DFy5fEd+mKpdCVN1CbagyuopanhF5LwZA=,bNIKBLgVi6IKxvGiWUW0E2Zch9D7Q/o/3ujmTWEeBoM=
JQ1a77bkhq4WLQsimKvkmQjyW95BpGIZph7KAGLclKY=,WINSBNyXTVM8Y7UnfHAet1X3uhEKZKmew8K5XRsQrg4=,TmqaIj5o/kQLPYUcSl1/idosfDCjBIpSx1YXDs5qUVs=,U4sJ6yZvn6Q6CNRpdvKvX0qxDSy1S9FZQkiPArm8Uw4=
ZBPuRYaTgbnVxddvuj7Cy2G3d/ch7tPaPcsOJe66nVo=,G1AsUd7dB+MZoCAUHHGAhui0raZfdnJh0Q/ACJGOzyM=,t3aWiV5SHdn/dAM0ZM+zPzAl9gIjbwQBrGLtlSJJ//s=,AgixblzB5KYay7c44mGjerNLp2nbLBPeW6xkKd4XEhk=
MtZF9R3tZ4P+eFbJAxueYnkDEPl0mukB0+9NvUfgrTI=,Zae2MU0QDsOJvk/fC1X4g592gJ8lyl4/KGZCJZHfAv8=,3RZMNleocyz7dn56yF8mBBK7Q7xtz0aGZrorS2V0X5Q=,cKkjpUI0clLV5QB7TvYpCNgnSORPgJnJUaK2R5xZlbs=
p7GW+2UEEK4qF9MTKz6c2NAk9empIbiBjD7vLXJ9crw=,87FFgTnW44wmXcqBO+PDNI8oc8/HK3/MBSUuliJ9Qq0=,N7cJXvcM+CTIbzlymuBQNoRGZ83mfkciuqUgGXiah9M=,CfcDN/VAELE5Xg986jBnYAQvJl4ZSe+CdqUC4XCZLhZSc1O25OLMvigpXIwezIt1
KNxme6bnjoy5h66WguBB2h9JGZUkbfmddacBJC2Pgno=,7twQGsHl3rSmpwHiZRkMmLlZH24lO48WHtGjhAGiWyc=,yByXLRvBy00/FG4i3wQv2BpTpudOf0BoaZdbO8KYik8=,Gp8NR8zgb/mtY1sYvTFEDU5IhFfGBMj/oMvK2B32+qI=
KScU6DzTE4Vzk69xNaN81LyZsnHdS40kFSW5XUdKeQY=,jtcwkTsAYqsE2VO7kniIhhYVw4b41p0qu+Tg3xo1rjg=,o8DakDqlPFNmpBKAa8fkNp9pNzyNQ+Pz2OzNKgfUKBw=,AnpDlVnQMQMCdIQ3OfucNQd6OYC7jxmUh5w22cQdqnE=
vwR/Mb7OQDVR1YZbO/Rx547iePP4U8arJhTf076umDo=,oT8aIAQetrET8YR+yKRbGO49yfJsLgjiYojya7XXF3w=,jb/CXqFgRqx/XCV1PJO899O8C91viPm3ySH06bMuVec=,srzxlm1wJsU8J9MgFy6ERAzVpie8IGZqfX3/NAEOpXg=
5WNoBtlI+CRHywv2M/kaNLhckd2BRPwXD126VDt6y0w=,RjGLRU88hTuREUub9ht6/3qXUwzrvUhW3N53q7rbyFI=,hBsYFzYtLxlovQ2CKaMynvkXAahfPelvj5Yec3VU0Qo=,fh+7Ck9s+86K2Y/AcAH9sfmh2XxjUDbz63epZMlPubQ=
pU+LzYIVFrbXyj8tmWUdQl8ENHnudw7RwuBk9FrT9Uc=,4WGskEnrHtd4HfqLqUxgoBTwxoYNtCB01epHl1M7TL8=,Q5VIx1mxYY7GujJUUoulkoI/phDh3QvhHObJOOmNk9A=,J207m4SJFhElKPDj4UYdSs8EHjXz2yVQ1z8PoUrywsC6uWjUx8x8GowrSyOYHyqo
nLlUFHlUa+IVeeY/w+kEDoxlp5qjy0rmwgr8r+r/Xrg=,dQwXpWtm8mDTFuZhGh/Vu41J0LobtQIAADKMbgtZLEs=,cCU8eAfnSvC9JP6l78WlqYj8VYsF0wsidHn1wAWUORo=,kPbwwtnMxeLcmGoyOTKqXehM2QJIlhFzZu0+loLNbUs=
fYIrDszHzacVMqWI7jeR7Ign2QFSanGeo9CwZWDL1iA=,oj5AbH43mgLFw/kFGNZGuEux7P2zhe6wNROW5uBYxSI=,1QJ85yR5KkiXK0ezauVsVX2Xb8WBc9+2DPtUDw0OQ8s=,t+cZbsvJIsjGc3Q/wRpVcw9Cmk7nawhZejSRBhhpHjM=
ymJIlM+/WMNeJ3uoZPeJ68lBt2YcD9DOLdlmVC3QVk8=,wRxbbe0z9jNr6t4dpCyoJehESj1xVjFXmHidNfsJpro=,eZ5NOBFc8EvjrlEX3KVAbu5zf3Fd8hb53qpVumwiC/M=,WqvHfX3G8PYstXW+HVAFfu98bngXe4wwyqUVTS049JU=
8dAyt/+n8zJHby/tjl8/Xdt2ZO/W5GTSTuxNTu8wooQ=,FNWdMsM6ba9us2UA+MobB4TdUecDVXS2P2fDyUyS0OI=,dk5W7+fPllBJjlT/QpOgcfyKs7/6s9nmtROe3YI2PXI=,3f5qOsagxzltzIcbqFybZL67WWLj8NpcqnVLpMzrLlOqGavC1nNNVId9GvI+9l67
aHe4u7/Kf+/NPUG+PjawtUO1UdNHUcDa3vJJMYD7qRQ=,f6aXk1YOD5LpTxfpNbESg9KAXbNTid8W0f7b0ZNFjVo=,3TgevAkq298+4Ah2gi/kZctHIdCjuaGeJzi0nuHsYzQ=,ua3PAIuiHIh6gytUn1OM4wbVhbsGykdiKI7p4WHcvoQ=
szjlo4vs2KY8li6p22X8TR66FVYcuDg+AzaYNlchfA8=,UK85H9+w9xcKLnX4stZl1gJmVqITDN2FSUTGMCBGBBo=,MmdmiCl0+52tsT0TIhM3ytz684Cx6bibvbbxnYUnNwE=,60pKxnXqydfgjbIQDJZZFoGNYy5nRnaKBt3KZUZHEJ0=
qclb3P9tWQhQbN16OISoAUp6uf6XJv+E3hK79O/BpR8=,EfxUNk7fH6NEBTRandjoVPoLKn2gSqSnnaJM3ka6sUE=,U5m6qRDscn4nGjgYGjLTJaYufnZ/OxcCxpKGPzyD5/k=,wujaXpzpUjYePx+fO8eYcTuMV8SQJMp8PkKRegQOa+M=
3OdO53FKcMPhrO6JC1XNmX9Spb3QRHtNjjaX93sIjKI=,2qpXuXBeUdeWhIsyrfAxLR7/t5bGmkQeWjSRhgS6KGQ=,QwiJxoikl4guE+y9xga0G0DwupgbJET6ji3TCElQjLg=,lm+br2fSmxUOz7ufJ72Ig+MPVf0O7pZiutbtn1Lrifg=
Jvjk7MIPL12t+VKipGT5gLV5s/t5lmjLKmM7dqrLZeQ=,cJWj0+gl5Jf6JcMhWmSxJZvXrVtEQmtj5o+pDhehsSs=,qHUiQJiILVtvx7fWzlG/5x8L8BsxQxnLSe5T6oF8mzs=,W+0tV5rUIdHOyuuR5KrUxPw9AjPV869nS6hOnYwArJM=
nIm4i+KpFxRWAsUrjyqzJuYCrNWctfbUTOyxtI7JOZk=,Es8dIRTM1MSXXnuAzl0l3THwCJqj9Bj/WnuBI3c6pS0=,sUxN29KrYxpMeCx/Ie7Os5nFyPEUn8IQ/gkRA9bs9Xs=,2NfN0KH+WmrLgL7G9eYC/j09Sk6oCnpZWOrLPd1u8Cg=
thha9NgWccugOQDWDADg6QycPzIFluehiGKnQOeFyaw=,bXT9cIPIexSc5vymy/ReQ82EsE5Tvhhs9AoPOIZsj/Y=,ZGnPCUPVUbHXs3SdJc28KXun+2FYPRmDIFruq5Eva/M=,jLW6LhAikUJvieu0VTofPrz1tBwJz+tXlRmSHAIOeEY=
O6OlRRMrK+f+HO16DYaSA/HUFDLQJoYnFBsQFqaVBf0=,ZLL466jR3klb8ZN/F1rXhNdURW5vj8F424+Fk71ILZU=,U34oKkTP+pbS604fjXk/sDxPHVww+gJLYUbpAbpNxi4=,PAtprMl6dD6AMGKml0OI5JnoVynucEKWKo3PLxHpiVQ=
heHQ9avBsE2dzhtLh8BqYbbEYUlQfqkiRWB+cRKRfdM=,dORxl3Z3X/z/ccWyz23obaowCX6CgdnsHA43FPa6Euk=,uX04Qvav4UBaCnfraxjjTnJiOI8RdYIeWTN0AXagfiA=,cRRcYTEYHpj+VPLA6YkNWoew5t8n9/vEIYOONCkIGps=
OESDh4vP+JMEOnR3ecqfA1Z83y+tO3xXgB1tGtwqleM=,LH/gIbC/NwrjQpHsOFqz+3VfBYUk/6Y0FkD0g58XhEc=,rQqxQFta+pOVPbOVDR13pHM4aSCo7Hp7YCw+0r4B2Xo=,lGgDvYZhvFWywrbFf4l+uKXWNRFL44SPVMN53Ad5ChE=
PjhC2/Gj/FtqRq80okxYDgtQSlruwdNVSSpDFYOvvqY=,HYxC0DjZ/FkedKVXgZxcqvhplF+95axfILnCAHgRqAw=,Y/Lg7ypYJ9ffoiIxS2VbynICQx6R8xFxeVZcMBDv1Yw=,m/ddtRCYdJXjs+xjPLoIoU4+q5z3zn7dZjtTQs/BHDs=
bsnsjt+xATIBEGoc1DXityb5jTGQFPa92s1G+iGvefg=,PhGek+q0BzHrjo+ZQW90dCF+v/oaW99/EwaRKSjoL6M=,gL679s1vEdxBKV+s1w+7TjG1puSOUA+k32qTN4ykIrE=,qo1KdZ3KLRgDKcO2Jwo5oVxiYrTvQujop2UZXSPtAYw=
bgy0PoVgv8ST1bc9wSeSnWR2jp/FwP32fS8ULvBifIU=,j64813yNwOJiN5KysjWOO1VUrqgP1uC7TAfz+JfXrHI=,FlTEFdMVQe3MfwDxJ9QMfudcVkDUucyC6IJceC6KNYQ=,nD+zCubtSVQkfRLn4bm4+W9PCh7sT+B50i857yukASk=
0YZiXc+nqlImbj4In0yI2vjtVt9RqZ71gDLblCl8C6Q=,GtZOHxyvnPm55VJNYvi2mEVr8Xd6P7gfqcU6B5+hq94=,PkZvOg53uAivZdyL6YLQv7JBvdy08PpIDOTHc/QKvTQ=,LcUnCCqbj2WZW14QbquIFRGzYbbRHIoa3GROVexU1tE=
vmPIp+wcOIwp8pLJQcdRmmn4Knd7tixqqjoO/wJiKU4=,fcDJyTNUKfDz96p7efpqtPb+pAJ53jWXi2eOABl9o4c=,3OWgvoI2UwKbH0BefL2nvlqACbAvGgF1mYulQt1/paY=,z8wCVeF3ecqVt9Xvmv5RELh5X0x0KOq2dRu97+wT+x0=
yMwS7PYT+sEujcqNZ+CvDMMDgW5by2Oz54n4BLbJ5ZQ=,ausDuC4RAO0TRyseAF5bqWnh+vLOXkG9U/NbW3vHZ44=,CvojqqEUNnqga7azcGhipgFA4xzthL9VW5v8xDbfCjI=,rLE/bywPZpA+b3MxBuosa38B2g+e56Xo2HJuuBKYtd8=
wHL5ygG1FNgVIEmL2FilwaEbGIE2yhmlAkjyrdZx3ok=,7D1PFE1G21VhRqC/MRwyXk4Q0UUGikD6Q4LuLKV+QwE=,yw3YIQmbee4U29G9803PNzGVXu66fWCp/n3OFATIQ0E=,Xxi/23oys/LzSzLVXRmBdj8h8J9dc+L3vGvaykyFRuE=
4KHnvd+CX5812BAI9dYPc7i0506GVHYwVbYSsvK8egI=,JM2097Rmsan5NSLwSJxlUrJdj4v6l2afh4MHevbspis=,eYtN4BIvGkeUDFzCAGQ3KnlE7BBYOVBTEryn1EiuIgs=,7/A4wJ1Gk0px21Ul/WhgIMVrHECDEO2c5TxIbiL/3m4=
7i+b5mRBtHfpZJEWE7/lSkDVkNw06RLAfSSxwYxzvHw=,iBovGzkLpSKn9CWPuXY/k6k3cLTDosGAiv2dsuBc2gU=,uSGXfZjRTATsWRhWyzCofjkHBJKVdbum7bHrDG5IMTw=,RCPcbOYlyOMSN5kACyaq2Bpf5l1McAoQQCxFqd897e0=
WdZZVdC8rvTzLT2SOMJpaDIfL06iFZBHTE6sndMYDv4=,cmtZlfOUbgE13YZnbNI4mLUYXwXUDtwnwjZTdmKtDG8=,9A8E+2x77oQ0DYZA8FBqdYirZ/QZizmw5WKUyLZQDNA=,uGOeokUB92Crlp83RdoV2beIl6Hrt3bvi+/v7V33HCA=
6XEi8MD/5CGRHBzQg3RZJaURyxo8FGXHxmC6kcSKYTo=,rXTtbrZfaoB7Ve3X20dzbckZ8avAXvhw/FogdgWL6mc=,KkC5MEXAYlaXgwG5m3C8SorIKvMkx61zFDTEM12am3w=,KYN3EGz/pEXN2ijMq9tW2eYBfWyRKj8bTEoXC91X3QA=
nuG0IsT3Eyn67AvpIStuGTNKqk4TwVnFOwO0/mFKwgQ=,Zn4rF6qmAVYFIYP5OHivTn9ISKxm6Qv9czeDW+1wtZU=,CxQp7ueXzgsm3bCMT0GDQLT2zm25uJt7Oon7472KASY=,Jr+H9kKsMKwShx8mJ0eybHQsR0nHvtC3GTsXa1ZwaJo=
icdZJ/7QDNj2XCxkOkOVGqPTLHHBdtLF62U3QrvpUQw=,Jbu1NN3Uk4zOeNjMYbTWSLfr8L+L8b5YEHXNDOAJkn4=,WOAhFLG9848OElgAGJktNRV1vf6+bbbStYOOvNbvB3I=,zjmuFheljWL2rGZVZJy3WZiiL8DBXmMJiDXe33x7vV0=
7e+EXvszcuj2Zl+/LvmseaQwDE+Nz8pqqIFaRL2b4OQ=,KonWEqm4uQnTTVrpCszX3H6ig7jCsFpUb5Phw4dXou8=,h5Em9YZ6NIQkZ57Wijz61XpMab1RIx37wKRYU99DP6E=,8PVvTVlfnoF15rB1ms6nidNypaWnJKyVD7cIIF57yvw=
Mbof45bb8DCiQ28/A7FOBg7yA1GIT0PrNRunuM5js5g=,S6cB2GRQN+9ymd8J3aufVcs0SPItIf/KUsHbKQhIVSw=,/L3zLyXpSQKznoQi4aq4w+82bK3j2YlKsNZQC3WcPLM=,GpeuBeI9nhCOGlclNEguCCEBSCw7AV10rpDEXFwu/8M=
qvyRajBlP1VYV5tRa69qYBckDymh67OPEGktZUf4Pu4=,leLEZQ1eSK2T+eQFXbGrU9qyzS/fFQU9bh2l3Q9ShYA=,u7uLxAfGAd9WRSYcpwmq3w/tFcIHEG6Vmy+RcibUEZM=,sSNrea8zSFUg/nt+20xxb0gbPnrTs9NQRfiwT28+yoY=
mlJuWWQc588YVc4RycQyup5d+SFbii9NMTIUFFD3u3o=,4MpGahfGKTSy+0CA20JJcAPYPay7tqTcWPvhO3r7gfs=,nNQB4XQy9GgDi1W8Vo+Y2Eq8+BTlK93KkiUwT4ZDLgA=,eS1CX4A/3Rv6yrQ/oxwqyKC7W3SmS+EqsmBw5/h5btk=
+olbx1QnoOKoyg6y+KQgD54gjZdNaFjEvH3rolwitBc=,Ab67qFkVUcyiioKkR0y9d0gLzdxf6DPFY0PMfHJTLPI=,m80J6SIM9kK8CXkbvKynAf19L+a+DdNRt8oUXq5O+aw=,631Nc0hJgnqMdAcxx9Z7zsQ5BBtVmupGiwS9eLq0KoA=
XSZSDvL6SWxS3v+tiQnSmYN3VLqNt14Rz4ojxWkxGAA=,0GhA3lnG65fW8aMDIv+1cAdNjQrqTq+qXC47c1OzjjM=,ua0ZbovG23tBP9RJx0Kuzw/aDoOKWy4sa4k0BproQSc=,h+mFvn7wI3J5TZYEnIk8/WG4pooobUBoubY1CrdV1ao=
33RQWzsTzTPk51dh9KswmtBFeGgT8puPq5+3/T8kvdI=,tWXokbejtJL/fs2jc+95gqQi9vKEDH2Of0QaPL2YEj8=,3mUMGrvQ3mPp08Vi/A5qPITMaRr/iUvCy6DessmOHCc=,E9VMZzNVfYbFbFx5EbJBNrh+p+XhUwAQPlpNakqGp7M=
L307TYpSKr1uJHiTEGAVXqJl4ShFWK+UZWsnZiY596I=,ae9DtkE1tRrJmGtBqR1Tv8hk/QpKx9NBrYEjC/H30QQ=,5I6By/BEtfzaF1dGIJz5EWOQ8dcnXYLDVvVRpVmcNQ4=,vzTQ5ydGIKmvGOta/W+pcqb0OW6fkI+sYzcWk1wq+TM=
wJ4ZpndZ8DFmaNmXtGqJoquuPLJclM1fk5aMxMUarVA=,2vUbvuqn5ornC6r6vl7KZC4NlK3uiFhkcn93ss+TY2k=,yOEh42X10dAFhA/47lMWhM/KC00axKTN+4uMntnx/QU=,nNvFine3BRBEIncHfoxIm5cr376Jt1XeLY55L/kqZx8=
HGqFuzOAUVYSfHmMeYFWe9wLQcuLoShSMMpWjhJWu8c=,Qp9oGUbZM82LT1ww8ZeZZw8pX9RwDdBDhkXmeEfHs2c=,0L9tFu27voDDUfewho5EuF4kUopplNZiMOPgcKxhGRo=,2dwloH370d5oLBwD6hqHY9c6ht50piccSJskR2nu+fQ=
Bv3M7JRkXxyw2Lv/HwdJK6WNSDV8vuE7YaI9gvxh9og=,VwNlI+0dn4Sppyr8hW1uE7FSlv/JbWJU1kHvxjI/cEI=,JnCcqmGW95CUeOij8XckiuMS6mnI4dgCArjXQ1ulKQw=,l3D+dNKx/HVR0yyWr0w703l8mbuYZvr4mayCQJFFHDY=
oIqg3yVcm3NlBI/NaVA10LPng27plmfDNKMowZMerxA=,SjnsByQ8ktPJmArvzPAHxBJoNAlShxaKh0hLGnH7C6Y=,dpVSU/C1eUJFDFNp5Uesl32xvjw8rBYlr0GFo7P02Og=,Dkx6ESqqXtfI1MMrntTvkQkftPQ+TQUHxFW9zAk3rb8=
wwFpS4Nvulvz6s6GjtE7ouvsNEVx4Ar1lRzDbPxNmow=,sGNvvTzZSEs7McpKq7ACjDYVfENBHttVuNWNwZPP3X8=,QSXjE9n0YFF8aU5l4EG0G2BTZadoUpdrPv75A6FxTHc=,NhTyUGglUCoD8cgOrcPQFULwPX0WfCxa7Lpi6+K4Pzw=
blmTXvBIRJLMDsYHM5fbKO1HliFuyOnImRlZuI+D4ag=,WwuCQ2KZltoDRs0CuKgzKA5qDMPNK0G3+Jaq9En9ViM=,P8gEgpH/V3oWUjQ0JUPOD9pmXdTBr4Oi9TNoHOGgR2M=,WI4Hd0ruCMB/XFnbNCl9j3DqJqNDTjZalsHciJl+5V8=
539Co1vgYv3ijp+BZ2SPwruQvXdQnpe7V72cJTYYaMs=,pjzP6jmlCa0X7Gh7iuIxUHgNm5VA9KOCP/6rRh/I3Z8=,REIUwg4VHjG4n4C09FgQ6I/oP7Bkca97NwUysKAIgMQ=,RTx6ZmCcONtJaYL/Jahj1sDoOcx0SD8pSbrch0UHs0A=
L5dQL8PfoddvrgoLBjPFcDcpsxML+Q/EPsoW9Rc8tbA=,LPFp03oJ3sUQ8Rrg5oz7Bl+jRRbp0Xbcqk549rbGcIc=,Meab54PdPmVYd/v9ijBaj64Rkk069ULRglRV47gna60=,vo5IhiUbFUN1+x3873WfVWSzWCzSuoZb5BnlQQw5e/Y=
35Hw8jFOxhPHYKOLPMF0vW+U2SWzomHWNcpZ99gWl1M=,iFt3zrz80tIAPNAaYKvjfrvFAytrDZWriPriCYjJIRQ=,6ef9bl2mlgiC1uvnHFGgDujUJxYhGXJYY4WFQWsl9Bk=,17fgbdl9ftmYFXZLXNUVNwDkUBizSwg6ukakUon/6ci+Udaqf9DAqOvJc/ZCy0hN
QqLe+RtK9Q8DsNdLN4e4lREN2lkF+1YzPITxsSuL674=,zvv5Pw1+/zP87E3dL+EAqkpfCOwsXr7HqVVRR4b94FU=,AtYbdJ4dHXhPMy39pTpNGli0Jro5ap4dOxxYFwpEZ3s=,669spikxOX333Py0m7uyXRHbo0o0Pe3D0Gc0UzflUXREZcGCXE1+0byKiMw4hPL5
qzpj6xecUIztAWK24YlN3UGz/LdMFXsWmrN0nJqXz3I=,GKNrCqT4qjZcBkbL+Vt9Erg0KBPl/kYHWvCphJa3kEw=,+xPCtSIJWaxwGNvl7567I3lPLa9IKMtmwyobwpfoLiE=,jAk4AUAhqykLKRdy4LynZpbKtYK1CZxF+jDJRThYme5zg+x8mDpvlVKXjwB/N5gI
lGG9kK/37fBaGhl71JSFaAEfbWhXgOFYfyFOM+VZY0s=,Ug+cqPsO7hwEKDNxs1u16DK2M39Tq6ygfeaf3Nbc4LU=,8T2QG1rnxOkFCHFyNAQN96Spa7dfONzupse48Qo38EM=,1fuHZ8GMKwnOTKruzsQRNfTfhMZSEUdxt4ht4Kwqfim7izeNhCpIOMMnV3O7tEPd
akYiKr2VxjbieS3MNDvvy/MQH8YifYy+RxScfqkxplU=,rYVuW2xcLZZly2Y8cKupIYJCsvpjzflFYHj9QbIvZSk=,T1Tski28XqcbSSg69NqriQSG8Xz4kzdaqCvikTxEBKQ=,hnk9nPBQJVnzpvzYcGddhWVDymcb9/FQwblURo7lLXM=
xCHPEkE2bR1jNAaKSNOT9Fsyh4zQWjija+Po+E8/07k=,n+A+on2VQyQiRR89RKVb3J2YPLLRrEURGBRr+r/3/Fk=,ghw+HUxoLO6/MpZQLYbZgopsiqcBWpVXkBrX3RJ9QHk=,u/QvLN44h7efmHCX8wPo1EqVOTZflLQj6HfFSFTcPbo=
JIUtVWHrgyaHfEoQURTw+sOy2zAO+Lkca20/iK+MYVM=,BBbAS9R6qQ+e6vw68f0ha3eFJ/wjmYKvc6tVgL50pD4=,R8TE/JKzHuNg5yNMrmFRWi1atPtChfNJevhXIQgYDZg=,ksM4ulVszkzqiPOdiwyqgumK4LpYcJi2E7QLhbf/yZk=
eyaM39B/hVmtQJCPVanNpfCNZyglFLBSoAaS3WSi1+s=,8Sq/06yLosq4l/4LBfBMHKmmlxoytmGs4E1r7xgzKp4=,6AeuNZPKL696/pTME0RLlgM//D8y3I+FQvTjG/zd8fA=,6/57VmTCAbI/L/IJOC6jurWfB8kl/UnCrn4QZQfmIyM=
pMP5498uRfEkXpFyC9IYrsCgw+MrYYgEhrxVYMGMrJo=,SejHkJjNEiSt4QgQu9mPg1Hy6uX1QniLgT/NrofvmKk=,Rfuq4AOuT4hd3X/VRnvbTyPbgRrQ93xjnEEMBviJCU8=,WqugYF4WtxRE7WHnIPd0jMup2bQZTf1qKmnSucaB6nQ=
wUusLTEbol++aQT9PavdgbHYBMAzcISEjSEVTKvlOg4=,Z6qzN2f18qUR0KgygL37c41mq7ACOdm2JROTdNRuA2s=,ybmmupTATivUYfHRLgnw1XqZXNYut+3+X+4hfw0+6CQ=,wIwh/EALqXkHpWLDRGzAzKRIw5DIBJlZdQfUH7zRgFg=
bnvpZsZHTJyn1lY15sLtVCgC4MtG49yfSSOsik8ZWQI=,UuVnFYGekg5yVme8zlhjtoQcmX3FLykrxnaIHWRjxvo=,kyKuu0AfxIevSpZUtN6sEG05YDJIsaT/eP9QFzhqKag=,ZaVB0alTFKZk2Bis3crpgfc4c72kSAgR+ZR33orM/iE=
veL2gO3kHsYvmYuf+tKYa14rehXZM+0BRsOS0QzTSO0=,CDI6JSTK5Y1vFt2yOLiq2WPTEEVlQlqUTnqKzc0kOGU=,9LQREtpfNGu4NwiYDPAMt0SW14jCHin33CvJLvGBv5c=,zV5bNpQVKikr1i9NIhOf+4f5007mVt7fPGjZl7OARds=
uDKkLR7AqJZH+t9lzIjs/uC1AesKC7bEcDxFGH05DY8=,S8orfN2FHubjNL9pekGoSZhCFooQEzWoVbeX2017TuQ=,q+NwAHFcHU5B7bGTPCOAcM4tyOqYvWAck/olqGei60E=,0WIMftiAhXcDhM9aUqbSp2iZFx+wjU24vJOT17NZhdk=
WMUHk33ixkYtC8nTH4rlJtV9TSzy4HQvD+ZGAhmocaM=,4bzXka54MO4JCr/oGlU8fQBVuN+6iCcEzO6mTvcNz4A=,2m//aNDQY4PhysvjP9INjn/qJU4Ja5rIp838CLQa/Zk=,b0O6htXHi1ZbfQUTBkDgzhUwEeGUXIJ2YafvddbkZdQ=
6Q9m0arcQl3/440U77Xi5piZxc5P1dKLGokjQQDVp8M=,a8vJgn4I5Ghv4Zaw5j29J1OSqNlODWyw2BDCsTeeCl4=,BDthbCEOvdpfNiYteBIkEhiFtRJWll/zxT75NhmVsD4=,EYDo5A0ZYYtQcTS8QStMNkjkm9nRyPe7q+mkc6aVu5o=
CMflMCjpL9UDxCH1PQrExjBdySeD99yN5g1BchVHCBQ=,0dxgOz8LBzmyC4zP/3TyCVHMWZkvk7AaW6FkIrm/9X0=,qanJ2SwO1Ix4OurNRjqEP7TVZCeT5SFTShr6zgjYrdg=,n5NnzcMJDgkecy99KwwzXURISCCqqkUtgr6xxl+nCWQ=
tXiX7tn4Wp33V/TusmDakU4oCOYAbxI0SCVYDaz/NWQ=,ZwJyFg1DhmgtZno86D3xzkX5k3FukrciP+94k63RSgM=,66OVEVFaz+G6rZpD5SmHW4JZbVKtu+/rvC5m2adpZyM=,4QoxFwK6jVjbE2bh4PwQSybVYDYzWV1ID8Z3Sd37ANE=
YvW3pnbFuHBX7/LzIXDRlJQuSMDuYcYswnuWz1bbJ0Q=,wqOaBtl62Sfmojvd+PTSPJpMfBO/E72R+NV0d0tXaec=,Qe9soX/Ke+oF04omRx0HoE80H5Qw9GQO2VawGQjhy5M=,pm0V+PdnpSqaE2rgqNlCrqOJ0muOXdqE93iDM29SAGM=
ak2Qx+2tDmlhtH4y/fFSY5Rw1gjvnFF59cqrzc1u/aQ=,fOscihSUb5bXY6herUP854wA1xbp6C/L+/dmA5x5M3A=,HyrHCD5BxwyPPi6S6+Su8vD09K2Mn76xuDBtrzcS6E0=,tphVm62ek2bsW16FNWZ4cuzqhAYQjADaqlkWchmagPE=
LksziWVXZ7Pnkd3WPtSUIsgM2ciDUWuOcArlLd6OPx8=,H6vu1F7tKJtm6Uq5vjBG/ggM6+6+Ra4OnmDPhqZyupQ=,RAEnTD9QmJItUIN4dHbwGdlKow/G7yhxs1pAee5HJOY=,0CffsUz0950umOEKCIjRn2Jy4+fIcXMAlD/i9lplc5Q=
2/gQNNbPpNwxJWk5x6+tHGkgaHYG6GF0MPUaeXCXHxs=,M0elI/R/mh0c0FJ31RBm6TZhxec4di29cG0UrypODOw=,hiH8BGAcrj2bjZZJZazrs7naSbZogRIkSPZ/RkidOC0=,97ezTqEjkZmb6cwAHzKgQ2w6m8GqYvIXygwW6vDE5/Q=
yG9wyeH9itrifIPOO6cyOBKmmACNESGQ7Q0/wO8xwfE=,+8cWmIeev9OwPpKVXn9dTblmSKtbTA0/7cRfaKPT8Zo=,LSK4V5DMI4ZP76AZCC9jA+KHGz+4urjlyXhH28fKxuc=,DaVLVsnv0eWvU+DV9j5h4oIiTnTPvTPLWcsVta9VfAs=
Y6wFbOiUWY6MkBo9KX/qFyvXbEXLu3vFI3xSVDRum0o=,Rhtqdlw/mSpDbxabYsQGlDc9NsjxRXLAYwGPFANT2ds=,/E8AmY1rkmvW6kiTEMkP6eQbUO38aPFEbTG9xep3vt0=,WiW2aNGiAqXNod0yn0Z0M9iUH4ldeDU2DjfYYolPvslqAssn+iIVKrijpCjGEEt1
qrBOU+PSUs071hy1MEYUhTg3d3aDADgw6hLz/1rL8uw=,lEAmRwfXix2HDmnoa6y13waKSqwJE6ZRx8s5NO2FM+8=,jRe6gdTSe/ARe2M3Gl3lV2k0CkfQt9fD12W/+2+pLyU=,L1NFsH/Kv586Zt/NDcXzvzEYI+YVep6BmrvPXHylMfw=
Ld9PWs4Q5aP2idlB0OBZpNDjiXF5S0piRY7KoF5PpqU=,WhTe+BLeDk9LlC1D/stHpAVi67G2rocyc0yXAQZMYMk=,iMSHRhGlQ9a7DYZyqQLR5r9HZQ9M2uCj1tbC6SZEHkQ=,JCDFzOrVGmLjoIGlEZzWWtDXLplrfx9JCpGwSCPhLOs=
RHrOdLzi+Lbpsrwc1xd0vMVqHHehIpJXARJ6TQBe6DM=,feetv1UbTN659QEuKtHIDry9AX8HhYSd/eV5xi/sX0I=,pUI8ZlAvpThEs64fSFKqmBI9/SI6PykvMnmUeEKNLVg=,DxrxkR2rD+WJlZ9Fi9cKcYrcCX8zfj+dh6QFkeT8Cwg=
PPLNYndDKk+qPa1ZQrx83oezpwpYrxnJRxYd4zexgIg=,k9GlW1gX363vttSwMrR242sQvgPpSWikAUhhtyYoybw=,jkIJ745PQAyzr+bz14TlFJxvRNylj7S3nrF9yBAwz+I=,jvxAmKvd/zBR/1FvqeH4pHD25m1d39RERASSjwW24Hg=
5w6vm7sZc76hmkodRU8/NEQvT8aGbSZv1BzgCTM0sTU=,xctntKVDTGTtOo4E6OC/PB3G4ZRxjkKxgLKziR0Heas=,JM45UCTtnKhFtlxzkCIkQarJE/YUpqelApYXYQC02aM=,S2+ZyeSwsG9vPapS2g/k+PDEoE3pfEaSRdlGH2+rYWjtAFMcPe6srLzbg50TWMII
czO+7mXHbfuS67m56BWmKqIyX4NqQlwBWCLtXnqcTPE=,sIzhrm3+1wYuQMFcULuVO8qxjd0JcHp5AGsCSMoeVZc=,PKksgxFSUbRpnrcdDg2QFPVwHO6MeunMYbmUM+IDXD4=,bNbaW6y4HJtz8UPZyDKjWrSwCCYrZksQoXusO1k9wLU=
t86HCHxr2xK9R3f9v9JAbDUGwsUy01mVjxeoIJGTG3A=,GPUNfgWZQTdWuzUGQTj8qKi3FACHjW4cHKQULRSWy00=,bgu59AWdbdh1S2JUyh41T/mILVG6Pxdg9A3F+l8CiMo=,EVfTJ9qfYXAme20q6hNJ+8xIMu1o82S2oEbAErN7hRs=
iGypcMfrYiF/wncF9SzAdoz0n6PT/qEGHVpTibj2BkM=,bBfuGV3MmAsEjc/5UMdYlKxytdSd4JIrbwwZD5neTCI=,rrchsm5JqmCVEcWvuBUJd244lTlBfV4+SLNr4w/IsPU=,dmDe0m78eFeS7uu8PsfdZVuhgV8e1xUBPr4GTdWJ7S4=
Z6t4nUQ7WfrL6Zp+GcGQt0fvDpKm7AH/4fh/M3dFpiI=,2RtYYo95G67CwI50rtCtbH90OSwPpeRJqhNssLlmT68=,1+XGIY6PAJRa5H/Bk+z8Be+bVmdExIjYVaLmwSKtdf4=,EM97xrBsH1u3sLcFGvLjIgiabwBRqsAxSop0CLbJgik=
N1ARPLhu6ADiqx0vZZs+mqSwbneVNoyU4Bl8zJatEww=,iVfrxK48TCNqWMBVxsDC3ZzljUOFRf4XlO+VcH2iIqw=,9AcsYijRF9+5MDTm9IHALuDVc9HcJ+1TbJDOoaaCTPM=,jmlxg4L/T9kV31rpWM4YN6dJh22npvDyMVAUx8vkPtU=
1MOMPmDxva4yQuI1UTNMiWWdPTl+/p8u6c0c9XhLaqY=,C9gIu4NQmsnqEj4ZBvHDUadKFIEJP6aNLwG9BWQS5g0=,FtvZAgu0HpYhWy/qjBY4mi5f/wK/mKFO/TZzNc0h8bs=,jLNh2ugDotJUMktNz71DI9eExMDQeP3srtxe3AWblww=
x9ogGU5SpAlRsxEDoUbnZJgnSxzJcf5WHICaved+/2E=,VRlKxiiZB8qhPJZdVhqJ9NoJwftVuDg8jWOLLkdiq5A=,zprqsTolelz+5WHSaJsF9pAqz/Z+EZkvAV6zpdgx2T0=,dAtfe8lzjg6+wBglCZlvNKFfcxiK2/ThSYauvbRBvf8=
D6AZTIgyDSBZ1pJVfIBf/HvkXvDeN8Lp0x9nQ34dn/o=,hu4DsNowpVi/drAhNEfA9MzRp5S0IDdU12It4CCQkU4=,Zy+TvCe/G4SnM5Epa+mRbyeAkwwTTAo0iXap2MTVQXg=,WkF5BAeA/xb225/x2JJv7KipzV15ppqnyYCzp0OsR4E=
gOJeYegaTvp3eS3x2tOn5f4fDu6o63dm+WJBb7FTDBI=,9y8v8nKtyTyad/piKAdIH/4E/HrLDqpLZ4jsxLGqoyc=,VbwzgFzetgF/Mdj3tOFPgnVUPz08ATW6uoUTTuSttaI=,atYB3eag0fZtWOeQf2t2zgKwscpo75A6RKJxw1+6m9A=
u79s6IEbHzd10e5S1z2N1nrzrk8L4ZyiUy3E0ROMNNY=,FugO/84tzDHauga5TRWEY4s+0QqLRrIzk2h8TaQr9Pg=,3WLzPywISfq333gNniGEVtJuBZpbZzfzpS6PrUO7qHo=,a8c4zGXKVlmwaaEfg1tQbrmf8lqTMkypDFVklOVj1eI=
nrJcJBJjT1n2aNwxqoK5lwsEaqsgXN/ivlxlgYjwTHY=,j1ve1Et5b0EtoPXoMJsGbudYdS7UBbsF0gfadwQzXvs=,rg51pzd59FAybwRhRxl8SrmSrHr7gc1kijYS5giN0Kg=,ECSogra6+qPqRLCBetZVaNPN023L3XgtaZg5j5/5k0Y=
WR+xP51jJ/MFzJYg4ExMh8rYucmfNCdWJLS8ggFcSOw=,5yseCme3JIK+m0ZEGFhd6Kgg+cp3LjPdji35R67k+4Q=,fYssWjCaPs7vSF3+zNQNXWuM0qsqol9VqTA4CVb3Zw4=,pOiSFjtWzag5RpqgAzDfNoYIr2cbfkJQtqTA2imUcV4=
krQ3CCnTStSZ4u/0rut+nH1lML1whgvnq4sxRV4iOLs=,mtXJnKnkK74h/S725C57k2lNvSCqK8hhK2jYqhvPnNw=,UHzfq2niKP5+lHioeLXtGrRGg26f3udFeawlWiShR6w=,FKQeeGA5b5ELglO2kyu9gfWiRtZ8wFLZcxCZkRkBs6A=
YKoXm+ygaGyZTeU57fzG54wie6v65audXcNbo2vqLu4=,ACjO3xIkkmV97buN6ZZNrYO/J2EqHqtJMXtan1Jjgoo=,dhFLbQNwQU3hi9cpcS5be3QUrBC4UXQwG/ukNsqmGgs=,fRP+rQ0wpz3mwMQp9IibP4Sr4T1qwAI52mC+c7k4Mzk=
96AstVG0jBoz8te2miYMkQPzNvQdo9DWMnZa78iegUU=,/CGpx3XFfNy8isa8QDNebksnTJlRooMHeKhSXIwMMEE=,78QvI7uX96lYSuRx71nIQb9gTDvQAin7/c+xsEfG70Q=,xT3RUqOPdgKLsXecbxENlVU4LOEkgBQJ3gUmOu2gApc=
mhCgX2dAJ5aYnrLS8cEwLQGxLPoO5jXKoj+vDiiyTDQ=,j6OGWg5mv26qCZmZznScF5xuLf3DSun+i8wYSH/UMow=,pFkrRuH0OS5rqqsc7TgHqVrp7oR1SF/Sf6hpmtrZDZI=,TE5EtYT4uX3i3pH499HBM1tujPrhAAYLpL0YSQBbMwo=
pYa7r7MSVWXYRYZAIQlC2HmniR48e4fFirIuj53pVDQ=,lvJ3sPZhgAT0ZvBWiSEya3H3MtzFqHj/UYzwfsi14d4=,b7GWBxNbW2SGJUZJw6nvaO0yT80MxZTBz7LOLBGyoR4=,gNHXKPcgKCXkM4mBmcaQh4aJrZ6gXdNId2Q9DD7rRCM=
dAeO4EBdeghj8YKbZ/zcYUtJtTUiI9gBTyi1FVnuLts=,IOZWA2O9Y0tsSoKR6SUb11cffeO0pDEx2aejttYOMeM=,GBLYldyKXcCYafZEZopd5GtXv+7xCHn56i8lSq9fxmw=,UtOmW8MMeuEwtkyxJVe5puhp4SIlpOACpgbQD2tjiHo=
JnZ4GAcWSR7+qcU7hzImprPvS/jjCLmw/80Nu3zXnVs=,3DOpNg1Po2VXKSbjPblaLtD3sNdffwOniJhshaov/R0=,+U4ldDSx0+wvH8s7zud/wtBPhPQuLlpp30boKzjP0DQ=,uPqUl4hTSGSaz0OfceaNHeCvfxLBfOFOSvxVIX2r3X8=
5et+OOZXLOPbNmZ+BNgMGAIlrhfwKq0MV750n+Nlm34=,qzrorYPD0tFRWnoKiqGQYt7tc0LL7locjz2mx2hoZRk=,6hzaJir0LmJ5YMmVPLzvaOPoCIcRPWga7Y53zhpQUJI=,DpCacrQOl28MUMpl7igcu05eEC4V18kasotzokZyjDE=
IlemZOAwFtPRywJxr91spKj1iIYt31c7oHYj+n31+6w=,kGw02uDSLozonQEEjn0wmY8n/dS++DklHcVbBiAevmc=,IbgN2SdH9R1bmY1Z2ebD928RBM2n3C+vBRUmSmaE4yk=,o2nmPGKc5TJhV0xWyooMgGh8EPZ98v0J8omW+hhzWY4=
YZzHmWXLoxfsF7u3XcoLb8qqwM1yZ+ThIicbDCKIZeU=,c/hxvbQUTHEXvX5Gyio+eZwdLmRBJFCJsFZ0LHLJWQA=,cLZCGD4Pbb1fuTBYwCmUekPtv0CBdozHYcHiMqZynuI=,NdTLY05quh5yA56Fl6NehKCXowD0WRqk13/Pi7Vf4mI=
DFdcI+c29635ifVYOIW1ojV0OHBPGwyVmZ2DBxP0A94=,Kfmc70RSAMt5pg+9TXA1CEgL5lX8VAfwr5ZMC8I+JTk=,HxnKkwVs97++98n8kjE39QDbbX3tM98SkPxrDM1lM3Y=,yND9pYILBegCEuqx0/b6BKanZxS2T5BA1RDUW6s7+c8=
zM0mkA0Qrnz5NqhqpprecEevlzT7rxXOlBN7XpO3FjY=,vdoNIzI+uczNrQvLaHhvm+2M58pkJXLpigyG0lPa77Y=,jmKkhVn2CRGLItKLNw/vWMGwUdDuaCrgRLdf25Of7T4=,PYmljhuNu6vemknmnrByf61D1tGPIBbOjHIEtucifVo=
6DE6iKpWpZOS6d99NLUytj5Yagk6Ytpaz7nTG5nweQE=,5umfT88tdiN7DXpeXl8F/5XYMpSz+BqAqSivm2kd5bw=,oN9FG3cltBn8SZC4K2fByBpBRxGxCJWXqmiaH+lT/n0=,qO4xB3N7Q1xr6TCZZZprzK1G3wB9tHQ+D8DnrlCZLS4=
050+e0a8xCPs9Xq6UGLjCWSkPNNX3aYG9zMTAsynX4c=,Ps0HEeOSGXAQyQd2ZfvGtPHSyxHwv6b5ha715a2Erig=,eLDAy+H0xLQKl8Ttc2q9c//upgtmCd0yM6Fl4T88gLU=,T3pIijIqx8O5Pv6CIc3m/eDtYh3gI4kunbZmVWPFPDI=
PALs5J7hur6bJ6H0JQozSl7hPWUQYsobhqelz4BuPFM=,BZXjBc2J/hZSmofIlSNdpoBAB2kLq7ZGRonT0c9ZkJo=,uAYdBT/fX/eTTZilimZPWO+q8tjUfFkLwYX/Ds2h19Q=,d1je3zsd65WPZJj+cHeDcTZ7jRUwiduFdw1wkoA2LwQ=
VehysYyg4QseUfkLLDTYGMb2IoARDtJnXqq7TzziWZw=,/t5/UJT8ZoJpJv2ytSodWKpVts4I/f2c99vBpCVSI+0=,w9yUYCV4umBcZC6dSNi/apNmGsbp1pxKTEbAnZudZPc=,e21FpmfRbxTkzcHntl/JwEo/8+b3FSTfspMfyMqE8jI=
P3blyuvaBl/ooSD/nXc3B1g6QTCvLL+DA/D96aRd6jQ=,z1B+BchqrIoMuP18R24BZEYhcPlFZ0m1mn38xK3fOCY=,aW9FujprZIMkD6q54tTQFp1DDR5bzcEb2m3vRTjteA4=,JwEM2v67215c8a1apTrQRC6oioTolPecfRGWXoiopAc=
s+N+cE0L4DscH8mMTF+aYgAFLcM+W39KCM4oQF0cXx0=,PsW9a+7lC9Z14WD3tQOm4mGGPe2TeMMREqxabKpRpXo=,vCOd/oN1ZkU1hb6mZpXpSPF5Syp9ea7chL9IYlWVXDo=,XIDPwkJI0QZ5vdsC0m7t+vJpNnm2/X4axHHxrggvH8k=
z9DG2tMMTCbV0hRt4rPlcfz2rq76Am6tH3mn19NPBBg=,MIaN2SsXTFe4iCBIrWYaAIq6dFzANYTClMWNVMRv6d8=,rtSpa3tSvcHz7G/trK7JnNvfpmR5qUZfMYpEAbetUxo=,c9ssOIe/qvb1pQCXmM579InyZ3qPMF524rvbnsGkOCI=
e1KCIkEgtuRLHn80DIhhRq105xjl1L4mtDk4sl+h+M0=,2rREmHVmlXk0PHx7gUG/dYAByxEQjQV7xCibNAkP7R0=,kNZGPo2TaYC36usU6j2569CnH5eKcE2ko3TxvFDLGxU=,yhLgCHdha8uYzoTq9GUbsQrbqR1RNngn0Rl7KH98r7s=
6PJVuzxSgI/I/nLpEF+rUx+SXZpn3rD8lwIhWvLaayo=,duQchuKwP8pgIch2yeadKN00C8BtLY+4TsOFKxn5/g0=,K2MXEvb/r0cnZbvyEeEws4Q7QF4OSmET30WOejOiQp0=,DHgkKvhafDTHNxVENJsXmP2Esp07H8KfTLWERahGQkHedhdkkEKDZpCB8GwHxI/f
wxAdkpXMN8PdHZlojob1GCHQdip3ilIwSxspPCXgaFc=,YRd3ZpwFC96K8Vt2a4vv1gJaDMb1oN4PFYXzpGSTT94=,C+jGqmiQvfdfnDICSFFXiTB5t0CNOvFXORDEPXG+G6U=,1UKt5akhz+veFSVGya4FPVe76gMDkmyhOGuUVUp7Cqc=
bqcR0R0kcrJu9F27kSYq47oGeTn1FDjNt1O5SJoY7dM=,b3qo8u0qMXqk9c0IPuOLBD/bkthp06fLw3lYdwc8Ezk=,xOob9IaSMShTBrtMKrl4i+xOONCjU+USlQGw9yvx8zQ=,ZmqvwXTxnDeHSx1x1dEi3s7I5MFB0G2m6A0UQp1xgY0=
USNX62mSLuRAiDQSF/BKgY6GDdw9WmwT25OPyxiF4js=,7hx5GekI6V7tAd7UuFM85decaJlYWOO6s1WeNUFv3II=,9DJC4JvYOEwT5sWMVamx1TaorD5GMMn17AxBlEX12nQ=,59o69KNya+ByL1zzDHbJykNBjabumHZDY1t/oV4iCdA=
xnWL5v98NiFM7bbobtMnJuGi2c7kBst3AXjngh3gKbQ=,P5S1yvC7TGSABi23sz2THAoLJ5GHVzyOVycdRL143sc=,0WCHBF4BUahgZ3+ytDnpwJHVXDDZg+yjAjHAs7BXqe0=,9wH7Utx2ndsx/WzVO5io9BrOJDU85+BsjQKFHTsZ+7s=
LExj6I/JquzgTHz0bSMSu+avS6djwAR0PdfRhn8EljQ=,EuKt7Nt0uE4LqnBq1mODdct+XbHv6R3IJQXJvVrPeZw=,SpuDXha5T5OM1pLRNb9ruTzTigVYrubtQ9Jr5JZrz3s=,iD4KkjW4HL19EBCBqeJvBlTozAxX+6q3IDgxIm2a2d3eo5b2gbi3liOqNfWs7rnf
GPaox2QQiH8cw1zrSrBolsSzI/EfdqpseG5fCAJPjzI=,nFfiB8umh4mDGZHX/5jL7AYhu94rylxutnbSGk5vdhA=,WhmDAIz7ZUwhb43/NoLO6qv5bhr3uNvlZ4GKjXkyOEM=,UaRrmYErpEzxzh1td5YzhyRtNN8muSU0L5m5oM0gZRE=
LRBWBDhb2Va5f6hR/PIdfABUF/aWSWXK1B1fVJHDBT4=,R9YPnzVOtQGe81e7pyUQ1r8xtm5WjRR64RJsIdptEQo=,wgdIjPfSp76n5eV84jOvuiX/HRzx5veyKf7ed0EWCjc=,X87gKo6F/lJU/Pl8gOleJvwiTw805XHQ+yTZawpEHSA=
YcioWABIQUf9vVIozzamD8Jk/sKFdo7RZlpr4phgWlM=,CwWJTbW0J6xIhUPMpTmQO768cBSlSN30IPLPnDHf8CI=,Q1JddLrr7LCCNUF8dQbUUDbYXtxtuD07A9K8fSFoyMU=,5+4NvWdxQlOPNEw91QsXRxiTkh661gpLQfaJWZUd9+RqypZRUonJAYg1AMOQOlVK
0aNBvawKlksRg9FQYKX2GZYyxPddYilQQWv1W1789mM=,ubL5Hi+OMKOZlTrNv+pND0vsONKFQmDjGqj0yHLds1Q=,d82p36WBgEttSI3dLCBmIKjRC7pzaK04OpU9Lc92hbk=,x8GsReirCmJAwT5tEZ9bT4inQ2iaIcvRDxAXAFWxQak=
L7YDNnlb5ikhgXy/lpUFEGn+F9H0j7u4cvzK41iXGu8=,b0XDDw4HY6EnGzPjZC3ZZN4JmGQYmAg6lnFDupXY22A=,qGPoXg43to/y0cLl9bEo1k6ksTPZBTkXnqaaOuxb5ag=,JMIlaEZpv3Du1AoF3Xkrz3DQ7GUqpN4QoEKRfyHt4UU=
hHmON1vNOA9TW4BTQDoQmqKBVjTo4DW2rdN4DVhNQzs=,DfPPM6rXqx4YWEtO5xvZ3PDfQ0Ym7QGyS/kKmsri32k=,L8RN/dDQlrTvB4B2RL0NHxkxkoUjQVQ7vQ1a2FfgHQ8=,nLh1ycMLdIm/SexnhP7W/AlYzRF9unrhD+SLR9uCfQX16r1pFVnfXFWF1uO8prbe
BDmJ5LjuGCUL5GiF5NPvQRZGN2bq+YHEITfconZP794=,okDLbIAca/bSEMc8Y2qe5mMoz/mTAQlB/rya92AMrxE=,XQka2a4whqe/8KJqDQMRKkYMD9VRCEqJvfj7hISeGNo=,/TibhGwo3SMnnrnwsP5GWlT6yxvQ1sD0Z+ZJBVmEeH8=
d+x8/OUufUA4lmsPPKbBcorvSnDXHf1rF2kyc8KhdjQ=,bk4slTe4vbkOIF1GKWdco0qBcztNYGHiDonQ8t0SUkc=,bIHYKanpWyih0tl9FB94iX6fy+RJ56swgecMNDoul54=,ow7zQrGKaQHWRicQvb7YcprXS9EAuiAxlnPX0Tbd6nQ=
QKbkucE5hHFnTZKEwze68ENrZ4Mf1Tbg10Z0SNklB7o=,Hu0r/iairsrFPMEzhksMaM/5vEqZqZ7lBrWZvuzqnl4=,VbhZNaPMm/vFNvWj0QjkKq9ZGgGT/YOLWmvY4MnusJM=,IGzZyjI2J+7VChGnRDJ56LTRGoL3vWG/vod+4bs3JwA=
ZVFOjAJtHJ84ecTksIZZOVwMAnIkCWWAt0mEZTb2GLk=,a7kReYHRjFVifBJWUjfZPylmsDbBoaXpayyZO33nqBA=,v1ZaOGgrmwOaBmjcpoo3FIuNIlX5cqFOCulpraj1mpc=,p3ldz08SGiS70yZ2lDAZaPvp9aYLHxcEYdk/pe+Tc/Y=
bH7wau+jI2nn/46kvNGSnSnhJ1woyVjE5DW6+8Xorww=,6zfUoe8wPVadsCH9Yf9f9sSWnvDBKUVw5UKtuOrAyJY=,C/mt3sOk9DfKKcMX/oqg4Q6HaGGufP/lkT/n/1/wxVA=,fGrruI95+jwcwl6ekPbR26ca3F7Wnpr1hghwmtlK3vCZMmCHUTSd3kR/N9OA5rMt
Jktw6GOHuZLljGVJw1ESksmc3E2KcJkQY+tulLOV0/E=,hLYbyNDXz1sNOyrLzyxPrWFnqyPYDzsUYYTuAuGboT8=,Xk6/CuXh9Cczm34poF6AyNr6nrW1fkOaX9fuOwG0AEc=,ve1iyu6L2aaIKvH2hPHQJ+hACHEVrDDgAzOucgwQXNs=
UpsVS5mAFIR2rX1iH9ro8iNqY0iCV/c5wiD6cPfEF5s=,o+3/WQbTZqIPb2OF/RZj57QOrAPLhGZhyGnBJj5FH0Y=,JKaZjR1/lrOLPobmsV3wMcLqdQSfHDF6/jAGzumaklI=,vWwA+qEadkc3C0yfj2K60WZKj9Rrz5qFP5HeHVsoM5I=
Qw0NlW6TyXBrcRCUs+LRIT2djyv8f0Qfrg5ymn0imXQ=,+bMjdGF6AVX2/wVP9AcXaUyIdZ4jdtWiOFDLCpoV/Go=,2JF19wSw6n1/DdOSaWnsNrpMq5+2ffPJNVW+IoLBay8=,pAGL1NVABiNO+7EF0jrJxpQuNuw6LZqPxn7cn/YngYA=
5l+hsv5n6DlWGhCERBeh1j7pUfCO1zM16IClYB1TjSk=,CcLmeYUkXAgdQSIR6w18KgT0U1LoI+8jw5TtX4WilBE=,OF//JjJ9ldGWksFh6YqsyyrHihiZKLK7DQdKXPLpqHA=,jm3HW4hdzMqqCreAVIXweVe+Fwu1DeoC7obnj0omMEo=
nS8E9P7+3rHQWFMjL4V+pv2m6weMMMsggjVcoTJy5rY=,PbE6UbA7iUrFN3xNLFJAayXnujUJnB5r6hPjRcaH7Pw=,3bPBBET1zOJHW0bWqT0fNMATUqMwRPZBWTvIFIDte9U=,bIq/GnaHQcOJWPSxXnt0NDEAs9mimqhW2PxVU26itDM=
ZciHTELC38dG18svzgqdALS3oouEMaTqlALVRp3gO+I=,o8l+HyOVp/DyhwKsoaJewYlbRiNU6qua/Zin7ol3dhc=,qMtS8tnMzNP5RAq2E7zbscs7v38lHqtdljnXWaRlN9Q=,hN97apLPYav0wrPIhQg+3kgBIs/OeymUW+bG30VaQPwKY5RLkPNNyrcN4LQkwsuD
qRlUSNObs972/gAxg3TUBEv7o3CwJxCRGqFZsHwWdQE=,zQDelSvkGz0huEs+HQngJlwdMSJnwU1F/8i8oaqscWo=,YQrxKJdorBj5uB0/egmssO+7g/f4vxFgsmysdsVngZk=,lb4EzW4RhZURmQQcocrO8jDyaSDFzcrLw0upSbjYmeI=
b5Sty2dbkpMizHU/IH1NsZTL85L2NY9orvqM14tm5yY=,peRjAq1n6EjNiMv9GyNzoJyjoRaKz2m59z1YBH7XNCE=,CXKUdKet0ORw8RWcr0OM2J2N+PUO8ayRPtDLdyL4hlg=,8fCPJHCJ4raXISWfADA2tPN7z/HI992W/A42AoOAWtetAKxiXkcpbngDne+5tfG8
5U7uPLrQHWlM2qL/ivOPl+bCq76KktFA99mTXyxdAEo=,l32FYtLa7SJqwwNZIs8DaLrK/cgEmhv8tDtQR5vChrk=,5ryhT2lkIluUV0Vn7Tp9i+7RRMKwea5PMgMMynqZfIg=,OFYPG4KFCxGlxwC0dcNNQOjXuqoSHEtuzYXPLpvBI6E=
Ab0IXxrbHaDKidnh8LPYvPDx6Snqv6bwwFOulJCaMWs=,sVjgpq/3AGc7i3/POPnELqKq7YrVQ4sbf0Ir+yXhLSU=,tr7S8Tg7SzKN1aNHIH2XWbxVKERxLu2l/hw9mq9KV+4=,5+Mta09Yc+iecOxZcErBVNkPfi6OzrqUGvO03rWT9TY=
ffqbTTAXdJu18tcfhMqntA5EOs2ljfUqp/x2iz9JI/0=,nSNmu4efk+1yvfC6Z2VTa5qOue4aT4vdyKB6bywuKng=,3cfIuHmA6Re9fsYqH5He6bG/OlzoxVN6inn+P6s16Qc=,JvKvCovA46OcgmhsrkCSpAb9UA0xL9GFDnmvDMan4ro=
Q4IvhBe2YgNdxWIMXFQiFBIn6gFag5LPusbPeHvom1c=,fAiZMNW607JCNEQPTVPklIYhes5AeHKsUygZaTYd9yM=,TaeQWX55uKMxoKXezcG2HYvbEOCw3oqRFjVn3Aq0i+I=,Ut0n6yzSC9tzxscO3U9vOGzUDfrbqWiKTgcLp99IIXg=
AVcZyrM08cbu6cL2sxD50LlgA6E6+W43+4deTLBpKJM=,2lG7kuv04IBya1GtqV3ZUnLQEHkTpgyb/BhtsRneSeA=,IMn+26JWxnNRsKPShoBCWOLU2xBX7HSPHxC5RiIceP4=,BZKP05+/hwdS6qrcmpUBSn90ImfVXXSRM1wzGLWCSARoGKyBsUl9wHYa8vxT/of3
aNL3jJeA4YSlg558Dyky+hPHJ4gWBGAI252mjpqMGXA=,+Cg5cXRE9WN1gD+0Gq5tPDWTMndo4ZmQXFFgngyIcOM=,fmPx22WkW8exAbQEMp0yTKRIjmA3m17ZNoTnzTA2UOQ=,UivPx60u8Jh/84w5EYvwL8NtjHpVrTIM/7TSAyN4RIw=
XMGkuyfxRkQW0XvC+GqIehcRl82MlWo7xIKBxWW7PCU=,LLpl0Y92v2YTokz4symsrBp7gHZWuEemw5sWRMBDRV4=,taE70aZYFn8vxWNTtwyZCarJCIAN3ZnntIcn6tr7nek=,OBfwSBLs1zGseTYJMGwTuAGu2+la3RfDGtkLIu96zdQ=
9v6dXTpNOnOrUpHo7dWGnrTejOYJH+0oIYkxHtRURzE=,QRZ2UXFGyZfJm+96Gc3wbwTloCQYuvDjIkfkhpQJJzM=,S1BBQIJPmNE3dE6wbQPadG1NiYi5XPX7slQ9mIUwuVQ=,aZKzV65QYqXQZHkTMl+14Yb5Rh1xMgXWGkilnlJtUNxeblJZnOlSisjstD1O4jzY
BDarJXeYCfjaX+ncoq8otw3DUKU53pt4l0Acx1rIu7o=,pbCwcsnTFMJmIty0UPKHD4eO+WuIXvHPZDZDhqK5N5I=,sf93uhqxfHdjDZSqjxgNOuadXDkBIG0Tq97sJMZxoSc=,8DLqYGUCrMDpfOLbRiRXn4xzSGbGxwH75TUUWFCTXwc=
onStb4t9ecSweqASe2IAFd720+knYPh9sYJELGFtgi8=,xa/+x6qPIgbhEGRokHVLrteKZxlJSc5Jz1WSpXojCI0=,lote5fxcb7fXl8axe/kfrsi/rGm7ypkwEFfr0FumivI=,zUc3sexYYVWpNoTn1SAKWGAsEVgaJDZSFrq+j/wD5Sw=
MOzfmXAmamJaWsbmYdtPEkmFAbni41UyraxPibH7uok=,KOVnwzFMk8XJ1fQj508t7ckvlOTuAM+3ypuiWJRSTPM=,WhSihb18/SuXHa3XY+TPcoGesqJm022Q7Wtrs/kMjEs=,BejSrtvO+dbwGjgtPKmyeg29G1GNB2FI5BHkGaQulGzgH+eQ4lwk2tCSRh4tol2X
4oKRGgeDZHIEJSdXd5xIU8s5o6RsfxjVYz4oQHYPkEw=,Dd0u3f0VO918A1l0nAYYfF1w8UhU21ipxVYazBnn0/w=,A7HL+tKPmEmXW5WITv9wEHzLIQlYYEpQ/J8zqOXuDfE=,YgoXFTkmow6UxxSzdaN3TwqxKDgeSEIUrRjNmA9K9zI=
OG/Kp/EZw51HdHsU3zLpNfGR6s1swlbp3AtfiuSFICo=,h0qeP7yzSitsWYEpU4R4Y8l3gGdI27u1scrf//GMVW8=,+mIv6WuudBTaZwSdeg6Czt9TakafT63ukUkxI/duawA=,wuKwiFaJBFN02ZfBLaaVR6KaZlgSX9DddcnD8uK3+xw=
assOM1tAQN4/5miIzHzp1NLd8Rjxd+bdvh7D78dFjfM=,+KkwHSMggpXkqFSfIaXhU1LQcTH/tE6MKn1+EGfMvXE=,6uDPUEj0Tg9i8L9hi/Pjc8c8Ud1OD3yGkw69sy21BXk=,U1fFk2CbJpodZnjJAsMQrSZ+WVX601w9iXU6h8AmBETquIlisMRUS//4LHFlU678
605Kn0onDgoG0uMBQ3tQKBQ/KFzJt9zp2SjA2WwjZv4=,y5MCPzVioCRI4c+Rej4Si8d8tHCloLzt4USqPtVYD+g=,D4DqVG9AxeQAwQ+DKQzz1y0Tz2lToLmjHxFTg1sgx3k=,b6SEPmmyyIhK8gu0uVqXVdV6TdsRqMRuvjmAs2jDx7w=
6ZZ1JiaK9z/oABubix7gir9lfh4pZwWye7jW8H4yW/A=,9wqHw3OI0H9lNgUhmlmCpDlc2MsJTswD1te9637uON8=,BQL+77MBnGK8oQzm1ALiQ9EVSR3Fjz72SRX0sezqTyE=,T98vH2+/uIMPR+PxvIh4yX1XmS9zWjprVzv3wyNf11I=
TIj3sir6IkMJo3iCEPu6b9YLm+MxNdpu/FZQcT2jA/A=,k+qICRWSK+xoKYfdiQaSC+keemK55tdUWrX4Cv8zD/A=,K5MkLFhwikr0zgA8K2iosM2NuqPzf9YGe5lSBCH3Ct4=,tE1qgDJ/bYx8F5nA8DSfWkimGJfSC6JuQnFJS169BmY=
FUgtRmXO8xtvGxDkp7PhmO+mo995MvA8evzSAM/zAak=,ylbcMLnaUN8mye3+yAT4cV02Yq86k5Vmw6YoLqgrRKw=,hpRgWqfJNW2kH038gSC4SRRMT7mew7E7HwllIiKcU2s=,+V+5wDwk/chQd3F3FuM5aVQ9LWTAQeuZDKrr+SNSUUA=
rFlv+ZYQ57HabIdrcFbiGXN+HUtQpUb+zKqA6W4ogPI=,z1dEEbukHn4AR7KPRCqqd4GLnAzRvARKlIDwv4aJo7Y=,H1yeTpUhq4tzFP+tPNWf8Kjsw9IR5ECacjUjcp4trrU=,2S+CxYp/ig2ILR7khpmEy74s466COb9PQ/ilEEqXHSDnWz+aSPCY0lBQB/xtMAvp
l8RSOfiFhsUYgRuJ6AzBFXuWr101dwU1NazFVN9qKjA=,/LDYcCJ9WivxAo5LjPuxEUC+MtOMualsvuKoCprpY1c=,6f/1TAqHbYRF+xnYPt3e6LMf0wlCXyDI7UH1tWvI6hA=,mEW9JzRXhvZjPOYnvpa90gZko2ndvmrlrc+P0odtaWI=
L+2GvCTzK2kTWb/j+LRQXn7mRGSGueonaIlFFZqgqJE=,pHXMAexqiSD7ePs+CKMFdO+yFdlrA3ATKtXZC5bDpE0=,gzbaiXyjjS45DNvcli3SGbsx26rhIJbKnXBcqPlC/A4=,iipM+HZEje/zUfyasSoMF6x9t9AGGiSp2AoXEXH1g54=
4AyhNpYI/IbGmr0YH7isTGodQ/mFInlpCKjs5gc4lx8=,GwC090ruhSG+o+FJzI1KhiuILa7o5nxKLHsKdwL/IK8=,yM6LGTZJ/LD7lzh1QYoMiHQuDg55vVaSezteSt2p4uk=,bzFWcmdMFRhKn4LdM/c0sDseF7Ba0svbnD7XKn20Gr0=
quwmyY67DjNp3gkSd+LFx5AOgc4BCr8mu1M6b2t8IPE=,qRl8HRNIM7X4bHzEwucgm89QoRr7wRsFd49VxOqTasg=,mavkc45SYPpqu6sC8v3gNskv3O6m7pqCWmn2Disa4CY=,KYo3dkOd+G+p8raxE7yjdvTbrsj6kM6kYwJZirI6R9I=
3aDp7dgOt1w+PxrPeTicoYlBA2uYoc0IujlzG8Q3mmQ=,pjsCoFCGQlWWPDb0tNA6xaLmqytSUZehO4rZ2pB0yzE=,ZsUA0jbQdRT3FXDZZscCAjHLmipgB3wossxH61u0dmo=,VUycYHWGZlqGXaiilBAxEQ9gVaDWf9TsUbaHttUASBuGf/pvJr/DxkVZNi/zEIFI
3fehqTt1UFDce66ngXUyTQOq/+VuFq4WPy4LIcSU+dE=,wiQJcgW0dLCndsoCSqV5i7ENq/vY1aY2jqJB9oKWuQ4=,gbvv3sWujjeQlzKIMnhy0WWpBlWzgnCVhumNDks3Fgs=,RYq5nwNFKZvqQmaqEtkoyKE6yCJOiNh8RD4cWV7XyTs=
8lu5JdTS1Ddoyt/qZkbwb2q/WRWQ49k8esLWWFHeTOA=,80tawEcLrT4vxa2uyBHgNXBlzwDW9vNmZTEw3l/ejd4=,K3QFSS9djKhJjSKU3IpE53t77gNwcRhMy8dJJ8D53DI=,MickFPL+WWfDOAu+1/sDFc7y+G8Lyt/khB+7BeEEbzE=
nCsSQf/izbGbONLdhAvRuRE9vS4S1Y6fs36UhIi5vjQ=,Lpf4Z3ljak4u0CRaK/wMt269S6R6UwMzt8NOFScfBv8=,YJsgJpFNyVLRtIMM3fx7N21iEvLaiE1Lg3FCEN5F4R0=,fl5RY3suYI8KRZbc8GkR6yuNyrk6EEQDoW6/B2YpMuNKLlYxlDItyK1dY/YVzhmq
YCFURpy6p/NMLU9sUYYJGutmiNMEXoZXTnOgaTN3ibc=,pwG1/EZz7bVcyEG7jLfDbUF0IrQhDjT5I+9FBQwhbrk=,ByyZXzLg3sqzeVrtubO+fXBKLBjBElgISq28e9O9epo=,ovST6LFptNll9rcdvi3vYjskUHO1IeC4vphp01ArYkA=
RUmMUmraGb1wka6K9uap2USDD4XtOfl2vFvwWik7Th8=,ywPuiRSl/tnYO3C0DKRIwCY0fCZMvjrLs8WJ0TKHJNQ=,3P5lcW7Kdy4CZhZXiMTLPDc/yVxxMIsT77/ahc3Q15Q=,rto6f/8lQJ1vTddvhzzHRpK5F4p3sE08tTwvZMixtiM=
9U9VSgbBYs70xc63P0eB7NNoBpupRSFX+OZTaG/RzN0=,nLPFFDBJr3U7wELGGQL9OTEWjRZ8pIxocQRl4qvRLvE=,IlUBdcQgtkqztXnzUcqmDFjz5kVu9Kl5SxXF+xqBvNg=,7cMiOBkmeX1wmAE6S2G+O/klIR/m0cxWDyXeWkf4LJSq8jyH0rBLynMvXr0d5JQ+
DFFGxJLHj/UxouomXxZanGnHmbete5DB6kt8RfroVn8=,4jIJaylYvU4acPxoQgZbE23DCPurrp0wsTGbegaAsjc=,px4pH0nbIg4U7FL2uoMx5CnYdeaZj6sJCpj1lssj3aQ=,eUL6eP0A2VCe8WWXMBqTIuL/+9PYRjag+rJzGK2kwAKs5hLrV4/6PDl2GAbq1ju1
31lDq/aSonMjb60lNyrO/LvDS2OZxVUzAsygEZOvAn4=,qTwVwTwjVge05Tv7c2xIy09STj7vQ8gp638SPUVUDoE=,/GE9Q51/2Tdr6V7L6HjYAYfuIeASeqlD2LN+6GfmzM4=,BmtSVRkSq74et6pB5FSlcUCb21rkROE05vRYvpJE66jYhGn1woGXHFNYgJUGJoiR
oyaWGapFRPiLCfUB4QltKBdKr8lyfdKugIFzEJqX0d8=,PSJxa0rzukU/xKqUwrTM+A/tEaecbeg+INoE6ZtkdNc=,QoeeTJdYLo5LfPI3qib5D+KiYzhYB2sbMjJ2exzsqjg=,z+HD1oVWb1E/aVVMPaEZ38m/X/vkBuOBEYI68IlA93Q=
9k0an/zsXUUuyrbg1sgfbmxI43os4cmSAF1xBR91Gn8=,b/OjqbqLfPPzVuN2iQ0WuTWNgQbDUjiYLXsEgob2jsQ=,7aCy4WXnG9GxJZvSHliSIlticoPPS8RihDB+KYYQO58=,9VF8Lv4TdN0a6+bfIzNzGUYLwLzVWCHzF066/S4h1YE=
VtTU5HjTm4iZvaU/nzjDubII0wBgCky9KJ0RY0DOWKs=,SjI5uyGG9nX0U7jmVZlsOeaS6H10hwKzyvQCHOHSIvQ=,VaMk2pSi0uDoyfiRKVGHjDGO64nQrz6qRJFfbiusWFQ=,ZBEzUnQrLW5lpH7hT+hGInFypXfm5XAT/GFrPBJ+kE7CAI2MHLcyiQspBFf/X5jZ
twjvSa5S5f3wVT2Yw/NmfZEblWFMxmXdfIcVX4OzTac=,DAEX1TwDtb0vPagFe88PDAgccAnMTL/abMpr3WCFNxM=,N1pyyQrSLztoOCDDD7fIzf+fFYJpKfbKpFxyZfTbmsU=,kO43GiUGtfUsZM8BHsfVHrAgkmcG2sPWN83nl64vxP4=
eBSHacqK8RKM3ZM+AuCl+v0XwUIFRnJ4SR8Nju7J/Fw=,18IWHuab7CqQenxkJ6OTxm/0eB9Ky4tm/atAXsVI2Wc=,TYQNgfnNEr68dIzFt3shaR+ha1DFEktTsNKgh5R5FQc=,0/vn+VFs9UhUFrxRq0MV/vaT3Y1l7uMm9G7e9FsmIrM=
p/njgbDAmJkdiZvS2/ZeGdi8CMdH0MHre/opg6dOjCs=,2zRCV5vdMVWiy6Yn4B88twZMYwhY3OgSuOlYekTwODI=,yDAgOxY8qPAHbumON1cqZVGD3f9YL8DXqce1xqUp4jY=,gSEuoXGMkOQ8N9s6hns1XFAVXhKxRTl4TjOEVuchhFV2ImGED6Qe/rsv5wQNVwq4
1rpdNlxUVyP8rmEogt5g5Xhj/1G32ycG6wALGG+zGX0=,GWVtkC3kPp/Dox23V/vp8W8DIKyeNaxXpamuknXr4fY=,BBgaOf24c7YrlHyX3VETK5cwuDj1nMzfb1fGdMDkjNg=,LO/dLQSNzfne25Up/dd/AKWdxle7fEWdIkc4MXu8owM=
1VCkkn7KiJbbnYcR6zY3fhokCMU2nvsmg0adASXhj0o=,ZuCiyTC61VPO2K6to0CDwjKZQPcdN31itAn/7KjraYM=,d6G7RIQTgSktSzN5Bw6R1LDe1T3d0IIiK8NZKcHX4+g=,tEHvHZALWJXf2AJLxkCRz6DTJ4uHgepvpRsBYIHeDko=
OufVwRK07bZ88cCaDiyMwHssTNDVyxaOis8XI9DPvEM=,uPJl0H1fVsmz8yMLnjDfzOc6mz89r5Sy01Z8IqliErk=,kXOICVheQTZH0aiyS1cJH4XSFTvVgdXIqVnJt4ZBuGw=,pea7X4X79l2NQyxJJsT1q8hkotOdmkA1rqPcms1amvunb75cN/yjwpr+dKEWa33k
MM/odgBmIgRiWME4O2xXlcui/NrUK6QZeO2RLgnzhv8=,03NfTZZ8+hn9vupGklVqi4aNk3vp+asainfEYh2/1FM=,qVecJ0qH+koAur1nhYbKDRe+oBF+ru8qR8VdNLhOiuE=,aZq1KjVlI6RwnhOaga7lSjUgOjsgTo5UOeJdUYgg9UA=
yBLx7mzxFuj+oUgooi2lr6g8uxKuT8/pqEP65lXb1CI=,jNTTplrYrxflcYXLJA6PCFy1JaYOulOJq8zq4UrkaZw=,QijqYLFU3Qkcap0tkSGoasIEz86u2koeZw8ewzaCAEg=,FoQeOviVNJpF1l6yF0geAxMolqlsf0YxeDhajVKbCh8=
Uqy360RF5VKpsCSViQ0c5JVwdfTKnrMKFL8rg4kXyl8=,I4TnVou2wIozM96bABhXsIroFRGitumy02QvHKadpo8=,J1ZaQSbWCkiNp1wncttYTet8A7nCXqDSI2GQSfZrU5A=,smxcVNYI6v634Eo6Ph8bWG30I24pIWNCExsETUEmBTothPKtpSmBcjyh0IFgqBko
dGTLrWBvKSQaMLFCf4YRw0N2BIGlfOtKUfYcMGwseMI=,uzTBeh9yYQqFvGfFr0mw6C0PSQ9g2E4wiJRGaGjZ4+o=,EAZ/uxEfkDVWDnMgsV0/tKwTtnUMNsgY4vfJEjpOPnQ=,Wn4mm6McmAz2NIljXfz/Nr/9mRTn9EvpmYDHYzvzg3I=
CYa1bT/laiXTCKmozzOgS32Z50xXhd+19BB9D1IT9WU=,0DdhUknmQnHZO75/HZwRpXeowb4fUUm142HJOkueCBo=,47AA8JoSFMUUj2UBzjZdrS9wfwPoWJ+yVTOLUpIywxA=,LOtf0/cgSkFLIbxts8Vnd6WI0U7MqfKKk4nyNtIb9FU=
kMlCYhkOZRtgtjOJlJ5C4PGU+5eobCXw3oVtV0qbqAo=,egYpU08Dmrb4+xsvlmInysjsEZMvI3SHJb9thFy76Do=,OFkLgS9DiGtEhsGFttzyQdZADkkq9Aq+CWS89u8h0GQ=,Fvq5SPtx4C2uCFoYZP6B5IZqfJx/mfk5KbdZw+VYqgqGLPKsgLBu9wWj87yEIFxF
ZiuFGl3qFDp9j/G7sZt6Lsfa981GsXxnThraBdgyURQ=,4qlVtDxw0FyjcCpMHTQAXfm9ifUOHaS91Bge5H6WnyA=,N8BKXlm1q67+EJpONxqqOTJ0Tw5itCRKOU+xNV7FssY=,eyEg6tS8NmuK9QEZhpb+MwQDSmedKpXjKv7mk0W8mKg=
cxlFVezqf4QIE8BTKW7bL7jbNkrX9NbQIO+JqBprHS4=,ofYunScHjx7YOU6BBR7Pud1Bw3yHagUDzWXCX+wuIpo=,AKomVT39/IR5PDnlh6n1hGxTbtSm1A2Yht6IAZtxb4I=,TP5PIygiQBxzIeoS+RVdPApL6inTs8jriqMbnyTC4R8=
wbQjcWked2pyGfkTTZn2f5845TZ8j4c2LhejdZCEgq0=,h9jdM3zuKYOfog5Udok1eB3/9f4r/E96EFveE4u0flo=,oJ+44YlFWeVd4a1HDmJOu206zwjMohZe3yuW97993BM=,0ACIYue8TUi9o8wKkTASiFf17ktkpNzlwI0eyFV8bBuA6HIjJ1qk6zj2OMyvDlyw
kTteSR3SqyrUZFbWfRwMU8ZVaSJQ3CHPE3i3PucvgTc=,DrGXi2wJ5DKRnzIuSBMdwTk6EAGO9K5YxnGNyzf/FAg=,vglugBqZQPbPjloApxISAaOGx6H+zwIvHCgl8o62qN8=,H8BmygRCmuiYTuK/FPCxILCiU+bc1KAT4JFU2m79ono=
hgqxLg73ge/77jcbEhukFhcmlnmXCcMM8lfeglbawfk=,gE1N1oQYa3VIm4qJrHVbcx9fox4LL7MFyWoVfjrXp6Y=,GP0/d7HRPKVZcMc0hNPZDb78A5Cb9Nj30U+PSA0GGEc=,LH1N4wDYpQWiN29S/eyNgomCNOcWwvX3xstfeSjkf8I=
gA5FNTa+RD1zz4+iGkdxAdvxsVzb9bosDYMI72C58h0=,cV8qiKmisgxqWgM9NLD07gaII/8fWT8kYRx1AQwBgI4=,gfsnM8919x00ksGqzsowF9ik1syLThYGC0Yqe2efNrg=,eQnw+W7QZrILFwjYP/sXNsckmTbnUdV+MXDHzFK3+H4=
tKZUBgHSJ6oxcSpF9cQLkSb0etN+hqndDbYYjvxtFgY=,dF3gvQ6RXMOaQPU4WLuZx31FVonNDzdSxQiH+VvvqHE=,z9lpCykRPqGl8luhedJBhliNpGlxY1LDTs62+K0HNrA=,CyupijX8KC8/4BtFtCsc/Q+HvQmz+4jfQHyLWcWl1Pw=
DVsDEj0wxk3rGEizlZ8Xbxyfz1HZZ5Hq74RMGi0qhsA=,u4uvy82MqgbqLb8splzlmAh+CL90zlftXbmfaovRcro=,lJTJaOJ1ASE0PrjT/kWrkoyeQP2u6r5+gWZodb72zkA=,E6kMftWqCGJb/f7DGPmraxrMlwbFJKtATJPSn1ZEuBxLxjGS/dOxB1zCgEQk09pp
2AngYBqBuResADQImIY8A4kuwtWZRkT5nRa7s0SRq5g=,gs7fkU2hpRclQ30pFTQ0XznhG/WlUQ2pMedJG0x9ALU=,D9heJNslZc0ZDxnbBhDqMnAAvoSmYBuM2jj0iFJGS60=,4+iZMf5B6ERO6FtzqlPIHJrlAoVM1kuL1iLpjBpwdO5GYpuFjpF/6jY0setrFWyj
maFWJIjBu1mJc+vsULz2OIxAmVtqg96isXLnFzrGAMA=,m+oRzCXYCum1llNcOMFs15PYYr7NWFpmQn+a9u3OY3M=,TN3vVxdbwVeDxLWpOncbIGemXYgttOsjVs3U0z0h3uA=,fttaAh8sqkpDarhU+CdLNdmi66RqqPtkVE++D5MY/mo=
slg8iRiTqrxhTf/SRfPFeP5SaOBIo76pudOIur0c084=,5b7rAB41+U+V8pXqBNlbVetE7Il5EpJXidA+icQPUFs=,WniV9ttoRRRZL8KoIrRZlH7DzG4dp2xfldGjZVA0kWk=,cBRYqQtyiZAyEdeGeihxpdMshLxMh/bqFtIJi80hDU0=
Z05a0CYCCUnonHfQdC9uWx3JNiyq1JDx9q7Plr1Glfc=,EGVjN+Ta/mGMPbekCIeHzABKyhrr2Py9SYyYQ0iBA8c=,Hk4tXOYCdQfeeemUHiHs3OaMDKyQR0GAfgNAYWS1RaM=,i/JDVHfXnUwwDoP7SrOFXmnJDL7cPPgEmPrY1Exqji5GEQ1qScGcwMsoxj8hkrwA
y6UV8s0774A0b7jwVPH+n5dSbO61xPmeX5T/Poo3OyU=,3OSM4R8Kdc2XjUlgg3sUS2WjpV8UGRcijXDR6LwyUgc=,f1fNrN+Obvm+rO958dVYLND4C53sYkjYGLu2UAQrZ3I=,z4wBvMgEa7816K1LHglvgyFUeNW9FnF+u6Na9WqYl8H2hUcm+bT89OghtNmVrVkk
lGtHMfKRVaWSVXEqtmTYuOaZRMK9CfIQeu1nPLPqujs=,EfzXNOdP/vtyJn2I2PKpKZG4aiuugmQJyRP/Qjp3qJk=,+lVpjPwM9uaZYaUDXB3vaJvSb0QTUCol1m9zazsVtgs=,W5lNHjCV2QhVaYE/MJi0Eb+HkzIsP+WhnLYlg7ZvU1E=
wF3U0rZMpkizTBbSelTiAjFPvydt9K/lwOc56EkxahU=,43FAzKxRZKnIhXvVZwJKVqjUpIjMmNULWiE6xA1Csx4=,UfpiFmPtC+RdfXKmgtA/kMr6KrNS7LunNshNmIQEMqc=,7yOfOA7DL+f2HwvDdGwdt+FZDjqzwt5PKiMDdt7ho9A=
SIF5K71yFmLqPOjKsysYuc54H3S2SX+IraGx93Oj0k4=,i689IJ4ap6mZMuAbDyF8buOHxVd1TBkkQCrPyerxG/Y=,GFaPZpsFKanXQXUUSJY5kbr2q1EGVtGQV+y4GmSZI1s=,Wz6KtuLAAwAWMIGZ+3mhmw7FOrMO5SFHCfPrtb/qPTNDGrgOU39Iy4GjR710B7mw
k2Y+nxxpMA7Kz8dj47xnd1iPCizJXEz2+bYslL+cJno=,LLgR5eJdafR8dCMlciC8qxAV1s6VwXLgtMHJCab1LZ4=,nWlYZ81XFBxor4seSz7z8RPPUi+WNm0PlIxz+VFSzao=,TRrPo2MaREH+ZaNmvbkxZlktOHn1y1UalbSZchMcIIM=
t2hKNm8Zg1SGz7Ms+Exs2Mb4m0NWfP0aCpsUlJj9uzk=,h2YzwF7owPb+tehEjX6rdlKQeFNEnY9Tv0HnmKiS4Qo=,ui6aLuO8vChlImMoQT/76ixkwZAqgN97kvO2UGmNXM4=,C4k2Yqbjwvpw5jttJyO6O7xB2jcig1A4cswLDm+7hwY=
zhGEX6v9t5uSuXrrCPPoAVl9CfQpDbHJCf8gvfMhx+k=,VIFOl0MSCbMPFrpLXSadg08mv3F+uQhNuS0+VQ5cSEQ=,jYe0o4hhLlQ/zGEQgX5rmCDSrjPXpAV24qtPd2G5L+c=,SohAvQD0hn2ltLN3LV5t7HXUWzcsBqrqzpXOumW/h9U=
3S5mG2lCGc003erGECIYdWI/q+rqtN8mhCYiOAVp/KY=,jNLQ9PZCftRvoY8MeEzc5kGgSdrTPcvkiKdhDmUyhuE=,WO9z/iEaoAuxUEg4EuTWwroJTP9Kg/s3+UIfdkPODxQ=,a8kOp09il3q5+Gm4i7QXc0BnxHeVRiVcg4IwTscLoec=
IS7dCt4HnjsqlhqE6yO76scPpjX+hsob6CyIlDucO5w=,eZSvw+/74dBWEYZd5zfkeDFWajevUIRDOA1MBTX5rZw=,SLVW0vQTSJlxTyx58kTY/icyufVx6/fDjTFXOBtfg20=,N8bWFmZScZSgBMD5rQyci7OCX3Tz9v86ycupmXvkOCs=
iWJdwVoEPivHi7mx4cMsAUBGZJ21nUyFj+d2FSB/Jt0=,vq/tFrN3tw69MFo2Ev0FbpyPBAqJY1JIdTUoWWq7Xl4=,TaOJwqluIzFqj9Jy9tGoQIcDjVkqa7nDLR2Bpbw5uqQ=,RXQO2Ia441QsH0skMsJJVMcLez1/+/cukbbEyUk1c0g=
GjP768fmqXdJ16QpdCyhGtYvUWIASNZGywZc7zO+wcI=,nBkZ8UI4ZToofC38xqGmcdd4P00p7EThFuQtkSmS73o=,IirUyBFcfjpuSP6rf4IGRrqVQ7El5pFrO+xD1OhK1Qk=,5rmU5oj/1ePRSF694dAIztHuCuSBWnUT+YuKdfWv/ro=
h01lxx5aXkVb7f/s56nqG7M9opdePl9QnaimwiWDPtg=,t4wZxwDr1QPi23XhuAgceOAdubQZXjuWF92l2hpAKFg=,tQZgUhMsHFJy0k0AErGufWXcD2Qu68Y7arq2THiLf3M=,MfpVkfSW8O2alXEsP5tQzWyVS6CKEeGigLovtt9G49E=
QA7Tzb+hSIghSjXJlmWBBF5AGhML1exsiHc+zEip1Uo=,Z8dZAye3+BIhMOo6ORgeDHaLLulznZboByHr/INHLjs=,d+aldl4imfOertIPvVxa93QV5HFxPalgZ8WV/6fmUzk=,DHcoexPX7HD8r2RoFY6J198sdwMnCRgErYnmxGeuwUUH0cHaO/Ko3Lz7Qc4BM99F1WFIZO+CaVsmnJMnxpYOcw==
xj/oBbC8i+hC70L9wgGRqAK8ofykwdt7ObLHFDYmoiM=,ZyUS5GCCsNF0Us5mC57GuwzZl0KewoA+SyvPP2RVFMU=,znnhPrOqy/YBoV7UJIaniZazM+w36MXwo+MxTtY5TNU=,mIl0b2wE0iVi/kmCbJbJl8f8b3qwPCos5F9LSiIGywRATfqjwpriBHA4i/TJzAdS
33hbm/2PsVyeFT8SSKYw9wROhisHQ7UZXeboiiCBXWY=,s0C/WtZgBiE6P7a2A+fppZQXSQYyCEgruk8i1KvqDnc=,RPEFTGpN7SEfKBOXyyoTGwfQ/lPSLluYYsv0kyIl+/M=,N2OtBddE7DRysE77eCdv99KhzKYctaceqsmZYglkfVk=
5IpdPVwx7Ni+s+i2J5522T7YAYspqotWXvGox8jyf5I=,WSpBbknqFNe+AAFR9+R5eskR3z5+7+kIvluE61krK8Y=,KbfCP/DLpMmCyGCEq6S2Km6QqQJJP8vO1GTsmXNbAEg=,cGDKd/c2Q/4wHT/0QnnyqFK6j4IYgiXrkF9hBpBxSks=
BYD5cQvCDbx0LW4g2D1zPaiwncDNdPMej8ElQubj3oo=,mdGO7Qq2cogiyMhBUynLvKZ8YgIrzW8Au3Dm7rA6MG0=,gzEO25XTrx4tnbpqN27LGjlWsR3JDDuc9EvoUm40DMU=,c+g0P45UmUg/tVs9KS12mJ2Cl+L/r8UPILdR7lj1odxCcr/d1QKU20U7CUX8KdW1
21PJHDQgS29JWmia0D5arrhqpc3wKpdCmHDDWtgdKM4=,JYXJOVDdkPnl9i/aIgQ7hodp5J3yAyp+fR3CA+UdNNA=,+Z3nQdej1t+eNOn4k6uiboJxzwzO7mJkASy//LuVnv0=,pU1d2vmL5XNlfvPzvkUYTtl+qAvwDVwPhg2RAbNy9eQFQ1Vz8x46G3V2iHbsmyqJ
q2qSfJyssAIqJV8xJRWNdZQr+wXFSwZR3t8Y6SAxu1M=,ef3e0OyIueNdk7WeiYcIWf93vixl4QpPxw742oIvHCk=,DFTFdnCTcsE8qkSqQGBvT5dEwi6Vb6YpNl0HiJEoYWQ=,2YcXovCmPBrZBfTDqZNTc0hVdI0qu5pBJ0s+KSboheY=
9XnpZUmIQciMZsY56E6s86FoZMnQJbXVCwIFm415nlQ=,SjSrMsOxzu3gv+5O3RNF9aUbTsuMOGiQ7Szj/opmTqc=,nnUD3hBBzsAIDKzfzppuBPQeEY9WC23aoIAiep0TitU=,2dAE9qJEGsvtcY8oWgflGy+r1uIiszG7rDKiwyb35cI=
VLtjuIK0m57czDxg4rsg1Twi18iG/OiMsj8b0s/VU/Q=,EC0YHgaW4PXvIhG0lcboy2fEqY056cZEOGRn2u5hGUw=,QSc6wvisc3wGKPKwL6hgXRvdeBEiTZScq37juGrpH7w=,Sm8G0VwAOU3T8Ieyt6LTxl8hyZH6LMCYWWgCzrEDzHPL9RPkyn/t8wBB0YLBOOrfd4kzcYhSyQ7jw1Hswvklut0ErMaem2XkaWy6kug1mL+xaiz1qmzowddUSqCAAJ2SiOy5/9n8sV5zHmM8cfna1A==
8NkyNskL4L+oLeR6fm3ZN/UenH8PNQwdt/ADUD0zZ/Q=,U/elFEH51Dg0EV0csg/EcRDz3aHRRMR5x3on12gyfM8=,NTogjzyOLbA28FmFsuiaLDo90n6nG2wgWWQWimfwVB4=,F4KTDQrwwkflNeT9H8cJoANfWLWeTiZOLXyi3y1Uz8w=
A4W4koBEHDfxDuPs1owALn60gjxraSA3h1TP3IjqRS8=,95Kqm0vGQ7tGBLLH010QQT7hj2s0vJ+wP5KfHhVdS/M=,O9YCipASRYf39OxJ63Ev3Cii+s2OobeiLRferQRk0vE=,ZS9mP4jnTSkQG76UFvJ4CLiwnRRqo4Y7e4AbUkFkckY=
LdtTl3oXkAje86p9Yuw/hC/zzE//HtFyn2Le+TiJcPU=,QQJtpWSdTi5xY4F46J32l1AXLfaRxPuWdEf7Ov2+f6o=,oKc6hVRqOTT4ddgGZD5RCcJITZCKB3a8eK9szoICsas=,ERQUXjs7WxHE1g9D+fgOTSQ9qyf0JFuPhUxR5QbZ0pkTwlzpBk1hmwOO/vAgcquyf8iZ3PhMGVcJFmxHJGg01BJrLlv8XzUxvLV4ahSIJoK4wRpDkxu6kUddljz6B6G+qsUwOlkTqAVY1NcwOSxUyA==
U1p6PWHSAK/19z/u6Itt3kn8u1nV6kHtbZ69rW0n+Nk=,o701Ygs1hjpdegHlvvfbqm8ZBrrK4jovrxLXrmt18sA=,fVl3rDO6ZDXiFvt9qOvPfPNvzuZ30gF6Pf/Lf9aqMus=,cgfLSKqbT43obqldw5uJcBk14/+Q2JdZZxNL6HpBAAbtHtLEP2FbeQLaDGUHuoyt
aUtgQgLYlAQTx1G42bGeDdOMRx7ytRLQF1LkLPGEtKg=,Lah7gvsLQATR1BkTfnKfMH2u1EfuHWt6uK54iWs9nOA=,VDWdbKcoWW1cEcOW2uMnUMZ4oFUlv2kpdOJnFJbtFiI=,4PJdVjIN7A1fPMNDWMP6ctYyUnEbFZ4Cq0jiIzrIUUs=
J+w2ADivNygaZ6PDFj2EE0zkTuzXv5KilmSb4dmxz1s=,w/9ekf4LN3HVq7YyA01YcRJoP5N5J0xKz3KJKTb/q1s=,hRTb7UrxYWkIys45zb/DaODrP6RBoPeXLKLbpOdlvtY=,UWP/dFY/hUMoKB8/4UHo1te5BiSwin+8J1u92+dNNQs=
X5WYnID95liUpYv9JTpujgQE0d9J2BP8HwS80uiUAU4=,aDBimwNOiF25ikvQGWUDpx2imnSYdui3PmiLljZN9f8=,1BuySK2DpHraalkRcAlLBT28FPaDFVvuD7JD4E5RldM=,h5L93QMzGjFH7L9PYo7ETKqE8tUH6ARFydBktUj7/q2oXA5Nk2rLnfdwuSFY9E/cL6qFCf7p5qmrbWukoL1vYs7RHNTXCco2AKVNqSv2q/FHaLdY12eYpuZEsSmlqf7R77ZoovSWNl2jrGH9Ysym2Q==
NzR6xUXmPvcRPZwZMe5ZNwdMSVyigidaoGRUYEvLhjg=,0QqPuQPIzUWUOnLamL4PbGDe/Q5tw1NiRqy+OJO2CP8=,OSrk0Aks7V9AtP2poXRqH64t4iCVYIz92Qli7unjWEM=,m28Eyo/JHQEUJ6GaciB1wdOpajgg4GZEzu5GtZxWpfeK12t7E/b4rVoLRKWIeMXm
3yO0UOsfGlNviznadE4TQoif/jZ81dhkaQ6twAYdQGA=,3RMsE48h4ISOeB3LdiFUURQ5bsrHuNgXgmirjrgN2C4=,nXuwOmB4C0TNOLUdh170yw9KINv0mu/Lr8vYsIz0HcU=,DmkQVPiCF9B/EPOI0sYGR2ukq7pX32Ha4LOObWNGdxWXuY1wYdg/Mhp4uBaIZM0G
lItNoODnhGtlfhwDng5xn4RnGw96kQ6rstCWAR0RLN0=,h/Ho37D5VYLepSI2kNUENnQLJgH4JUbpDzvx9W9KK8U=,zJ5/35jyT9L+aXYhkO0Pc948Idoc2UbV6A5bhR9ZhqU=,cGzIiWcirtKOEvk8fjum3D3FBcCgy6z6i9Cv/1USmyk=
UNvkI62hn9J+qhP3yqxJ/BUjroRSyA8yWULDN+bv8qM=,gBJBeXXc6yCzOBKiD28izBxCrr6/zdF3qIkin0gbBI4=,gzENt51fwwpSWdiszD15fItqTXUDxtN9eVGUUUxiY00=,PYjJMxQxa++m847jNCs+jX+IkGZaqzfu44PqYBX/v1I=
ujPO/MhQO2dGw1vu/ObMPRU5CWOZHJp8Yag01j6+hA4=,we8w1g5harIcwCrBRJhAEhHB79WAMB2y9+FUq6Y6fqk=,g5aPQNFv6kA6UYZBQw7xv3c9mCw+SotZWFggh5M+nBw=,X3xjgaQ9EKHLVdKdHuFStrC39hQyGi6zStfI3lgvIJsRAta1mDi94pNjfW8ZfjHwO1JBHaexCPHdGiECpSHAjuU/kb3di2ZaGfYP5iRDzA49MUyYpjJK9Vqxhkiu5AwX
PWiOUt8IPye99+lymbvK+yRE3DtTIXc0PfURDEeG0wQ=,JF+nPAEfG3t6F/UrQXsn+QpxxtD0+CfTUjemvnrtPQ0=,RbKIp6iLoa/mPtgWpKJqv3mirWGnT268lwbXPHEKPGg=,XD/yHDGo4m+jgqhMRbWIffGxx4E3V18wVG8YqqAEd8CffKEFePJDYS2EStGb3zTbii1mwEPHaMFaH65xS7OF1Ab78kclGHcNtVzaJAAw8ZREuzOVXlFKQ9d7cT3ky81UiF8i16UovH9ika4U3I2OHw==
cukKd4+0KZ4tYMdHuruD50KL3J/9HnDrxxJdL776DKU=,lYVs88++1sFWTe02HfFEg7f3GwlPyA5qC5GNg5ldBkA=,2w4lQ+739qcexBAr9I0VgFIQAMq39sCy6x1l3bGmb+I=,SKAy6km63m+RW2SpnHb47rUAr7FC5cyS1OaIgG3s5wD5IGtp4t4VQr0+S8Vpg/cP
Jj8Xz7pU/tPPvTId94yveCEIdB6xjfwByZ09Lxjchys=,fpzl95uw1npRkhXHqYBQjF7KtkRg1N/XC06H5SH5KFk=,dgJ2dvqxj8QgkUtIqMgTgLd1BE9oKJRNG6sjuN2dLHo=,LvUp3+69dfXcrVDYkXUGmQ1IypyGnZJcnKKUxAgymmA=
Q6efjhrIyJSXac8FZuELAcMaF2SnFbhdg1Z/OOJIROY=,l76cg2E31oFbS6wU7WA767d8kknmU/mIr6Dl/s6TYBo=,Ee35ArZa9Aao3lkkdOiWKYJn+17gOH8d4kymdnpJD80=,INBhdjyalXboLsMHnrDvuejlXNgcAKL2paGVBnGLqXA=
qKMkg+zFwCT+bi99RCikbxZJOycz8msn6f7c3sDLB+c=,wr6r5lbOELaNCO+nZNJA/FPxPk7z5eKdw29PkEljIxI=,DiHUXdDt+HYk/OGtnIHWzcd2eKNdfamcZeSiqxESu0Y=,C0cH3xzrilan8GVEhKhDVNnOjbqUuHoGU+v2OrAAUiU0r2hRONn9RrkQINX+n/Is
FkYPOOVn+Ey5yjrA49R5aaD6vGxiQoNb3eSky29XulM=,wOLju8vO0ZsT0pt+++Diq7BrZqFbm8m+jmKhGnX4RyU=,ETHKr4H0oaNeO4PDPvUEvBEszCt1c1iR2wiiTYO+lgo=,gbf238pk7rtvKqoUcB2tsJs9SUz3CycCZSRRlVo85nTx8UzUdQvn4zAbzdIv+L0HpgjmgNVa6dcpixMPmU5dDXYQBZ784qb17z68I5MWL7qQ/qiyn+2mDfqV0MwiiuR8AnbgW/HB3gVEiUdg58cp5w==
0WY4qTRCc9cwQpyKY/RzGXtCw/fBY6pGl/Ur9kqXZ2I=,DaGGMtW4BBFWWszOoqD6A9eJ62Vc+xOKFE5rdUKbxYQ=,bL+9EI1Uotqnm57ca01dWCvZYC6NihXoXY0r0He9ki8=,PL8fRiQ4UOpt7BkyxOtJ+/0XO2ZnQ9UsXw36MFoWsaw=
aH5Cj5TgALjH+iFmWJbTU3tJxhrNMOpUelxk/Im8dlQ=,7Hk7Hz5z3Wuv32Y0A9MjGptm21TLfVorVQUNvRl7pv0=,0MqicF5An5RIJK6bmcVFzdDpC2WEABwHCVW+xzWE/KE=,/QaE/nNYY2Z4An3Qr2k811OQ2/WflZK+Pfaa0T3XXWQ=
WvK87YnkJbfpUlkYG66YJBYkjEPwgZ74Xf0982u8+TM=,3XdxCdtYQWFIIJlz9BLYHZ3bkHSY6hrdJZBQ4NpTFAk=,4E777jFl/KPkJ6DgYdAz6pDhp5/N4HPRqTQ31fJCJUg=,XrHaziV3H755CnzJQj605bSTzYswVMwDle9pE+ejY+Qudz6Yn5JROMT59OU4PmV2
CsU+NrpDcpqjDjRAVNrlT2npIPqtfM3lq1OznsPJT1s=,j5JfOyt6J5MQv1fQiKzgR7a2mNoRQA332UCHAv7vU9c=,bkLjAihRfNF8NQU/jXUeyC6lesW0lbUzefxnIaG8RmE=,u+jjlBGfKxCidcQocUCXOTDQag4vyEBmiV/3FqgYYeI=
09GbbqpfY6eGyJuCMcMtIXOUi6yCAU/qYwGCoV1KRgY=,RiS/7x2uCaae1XAxgZ+aXStzeox52nzopleP3yWZ0Cw=,aciYk2Q+hfiRLH82c3RERZGmtVJA8ieC981VZXdN2Zk=,YvR9GOyFcJkyZym2pXBeFjBw7dVWlR9syT8LKzlbXfY=
Dk7Rv/0C4MMMJQCCZlD4WyzfvtRhZ8/6uruCX2ThdS0=,JAlWbfVirjIMyAolwYO3JK/5hLh3XVMcZc/o466/81k=,FXYHyJsqsh6AcuxuCHCNF03cEuBtRLtVWsOJmkDb4co=,+G21OvEBMkPD1hCl3ASpsp1GRvJ7nG5ChJOz+Ekb/N0=
nCIyfMhMspwFHv8a9c5ZEZKggkyFZA3O4W14OMkYhKE=,PWcnlKZWdBXHGLvr3JrtEcCYmnqQligcGQ1swRUOAGc=,9996N9IIkGBMyTYuG+bVuXF6jmTP/uhdpdphV4esOKo=,zhXj1Xv5FLK1zSEHH3ecqQv9npq1wSF+vjY6l9EDenQ=
BpCdFKt0n6osryJVyn1UKkHu6h1lzmjFv38HKmIXkRA=,2BmSanGPz3Crf2uyiiK4/a3ZcJXWoId78pFJv23l54Q=,wb5tKgT5qf+srMV0b1ebCqCh/bVWnM6og1KRakUgi9M=,dadrBuSvnbYZn4bPWMC8NflEsPNhDjt8b9EMIVv6eRKRgOAduIOHv7cd7xR8IDbT
iHuczOBH+lyR8Z0hrRq1DjkVRw9TwnnQhmHFJge1IPo=,gs+10SxoqP2TWbP6TRvOl/NreglrJJ62nUgix/AazLY=,bvRMQIv0adZErKreNGQdoN84m4zXJ7EouX014D9Avc4=,EZ7jH8nnCLiBQ5v5+Rh9MsNYusxMWn/pB2w/vPKMQ3I=
olJscxlkUqj8nqD1Y7ykCWuyFv0ZySXg681H9omQ5HQ=,JtuVBtQ9hZ5Li67om3La1nNSGFpLa9E3LHR+AiWJXiA=,C+86kGk7BT/1ReVOfkxvZmGo5M6a2w/HZGJaqHheNqc=,jfWiEV5Jyz55naunrQNNvv+h9qjpmOu5+cXCNtHw+lHgEb/cbNqSimJiOFugzoir6uzL61efgIjHtV2NaySsdzbD3Qlnn9+744iglVf8zPF9ZP6L4+jgHZndDZiMKpgEUruNTz4Ay9Vw9Pnb6eV9Wg==
3R4bdiCv8cel7xg4t8vNNPG/Xg8EkGlcZHCOVi7Ikwg=,lxhIC7YXZlhreasJz1p+m2sUScbjXd9L12jvvnxt67o=,Moqq/tP0YhgPs6gBDkKuHkOhIVj6r0+zrUA30CwV4U8=,wLEf0FCCB5k9ms0Bb32Er9Ys900GS8Q85eeSrHZBLBM=
vA2N+TFOvFuql3HRGtkTJQEUl4zecsFFdlNOEEkltMA=,1okwbbPR5NiQIO5spZorqfsoWwS4P+5Yd3QcL4O+uVg=,XYNZV6YaFtxUZDVSnN1umbkljRXkCDUAX0IGj17880k=,vTROk/GarX9AL/e4gZtdjuwznVbZg0kZaazfOuuAx74=
w+qCaE6NOP89ebL9b5VxR0fumyrFG/O9yH+sVltd1VY=,i0zcj3zjt+fPlHXUpiPk2PfERG1T5F/segDLSecNXz4=,auebq9jio7hLYK7GnZf30c/W2C6J560geDUJP25h0aU=,pgMCRcy3rfLDJOfq/C3MmN5IyVeNQZyDkk6Zlw8x2CvsCcwsqiRuClok9lZXLvgn
epIShsHvcEFQwejghblgNW3dxkSf5guyKYvW0jmJYm8=,DlHe1Z1Pn1Cuo01uuMOKzkijgibB0KdZ8K8vgRrFtEk=,1s1As0lD4Ck5CEBuQKbv810jRAAFk7oAMmetSA24XVk=,ZFNEzUcWfpR1K4GkN4P8J+2mhTPMrLaPXCqtjgimfp70Q4szGCK7o9podwKcZbmK
Jni7hHE2d84w3lWvJtpECUjDe988c3cQ9VBCCj5e8iM=,dE2KbEDmI1LPHNPPL3jGnIY4729gPEVngI7kmSFbNgI=,DW4GoTtERuKhVdR/U9zTJLnPS2nXHIhOPIg74Q0swy0=,9tOUx0LfmlZ/UrW8GDs+nGC97GyDZBgEsfaY0PvcylI=
BqtOgE1tXEcSYcIwp2vOIC3b9tDKkOfd5xTEXc1ltPA=,4jc0sy0f0dyJJ7SIo6hX2PeUp75a2vkV4iPm8JOOrAA=,iB/N66MlCdzbuou1hM26L+nP4tXnN/8CgOeK7faVkM4=,exmD9oFysthVCpTiSPrrZxZ3DsygpX02V/IpGCPx/DMIscEEr9cSiHcFRSQAM4+nRfQv1CT/5MIMcB9ByW1kFcG2u/oV8eieYxBa8Fy9vzANwLCvr+z6zi9v43gYFQSBDpPOCsf19k2ARRX3eK0VCw==
Rb1G+5ny31Vnv8DtElb/R+zTrBErhQ08i9lFD8LbquE=,aWowZGvHHq5FailFbYE1kK4IUE/1QVLmrXsuJYCJp64=,/4OwOL3WBc4unSmRtFJFSTj0hG6+hVVxvRrlK4EwQyM=,QAv888QELNAJLm4Bza7iF+ho0Ssh5+da+H4ARC/LG+Q=
Z7v3OCH4FVP4RgwEijMfC8ankfwZXMXPYGW5tSGkA7Q=,NaB9mXBZK3C9EH33ZL5EiNaVQ52GbBlrBXaM4XOt0yw=,dtOojHDvedkdCcQDBdf+qY2RjA8ddTlpFu7WlEoanAY=,Qnnfy76ocpnMn4+wdxRFpSPZ+aeFqhSli6sOJulRksmVTk/n8R7qR7mOJuXbsCoWDxHQE+rYbKSLITIDNakkHuY2r9PxLQ9xQQ+JUBCRtVsG8JwlE/xws+9rc3qhQC9gTxXIKSmH+Lhnsn3k6JFrbQ==
Pzabip5fTxTnru6XPM4DiOgJxsyIk+3IHSQ/JyNg51E=,tSJV/xXuSgSxI7pqvvPGNjq8CvddFayihugPdVDfEUA=,whB/tD2LRCSQzMdhGx3tsTFgYG2leVGmMrQgvPNmWIY=,We1+mP20QN1EuHmoNjbjxN0V84UUS2UKr5cwjOF4os8ZvB9QAq4ih33gTJcHG77a
t+ghkl7Xc1IvYJ8NjbSCT3YOaikKflogUhd4zNudx8Y=,tDOQRuVjSi+UHGPnyEdGhTZy7ANMRUtt4+BHmu3kWf0=,FsKds5bhaBwMpmKXTCw8Q/0BY9AJPCbtvFvTDJefDBE=,rL6NPGqKucSWdw+QuaY2hokP54Ntpll5jbhrDb5XlHijJ68EY57CICrtX4lp6lR3
7+yjxAyXpIXnoVcwdx+MLLcX7Uj2lY3blky9ejE2bsI=,mA5O6jaQ2oLk9Msz1nm3m8OB9wERcUI9FFRTINiycZs=,iobuEjU8U4vYbHZ0dLJUi09mz71PFMzzKsVJDYkNfB8=,RdSiGXkkRl1zlbgQNzuNj3Snviv5nde/SRM0WEDNvdc=
Dk4A/0ShmFYajCnzE0YeLt1U0Z8ADCGtkS2hivnwFhc=,/kcEzJgfSWEGVt+xF7zYCU82qBwOErKvlVYDjfb7vrc=,Tr1hBMLFe1z8QtVCOnuZqfUxrtFPE0P0GLwAw7HYqME=,tWX3sA6aFZa5Wfn2Pp80HwIzbWKbhlXMDzfBVNn+uxQ=
ILtc7L92GYwH8Jl6+a8obRU8Pc8OW/0ZJbM1hpDuobg=,5Q/vl+0LVqa1nuxKM3uTuEt8xGg6bH7RlJd8804N/bg=,9eQ88FWRfgaZIBDNsTDb7/7zZy9byJ8nYIFNGrK9CoA=,BI4W6YreHXIKL2EM6lfPjk+TJ/aZ4Fpc0Z+chXxL/BU=
mBka+8jCo1j1YHJswtJE/lwdV1VYCi0/nWm1DNCNWYw=,GeNe3AF6NP9rbqytZc7OKKzHFTr8P/u0X4UBiEInrWQ=,CanH6R3ffWA911hExZqgqZKUbj8rnlofKx9hB8Qw76Y=,/L0H2az4EIpiU2UjU5SS9YbImly6f0Tv7HsXcW8PZkDlCDiJMxi6hk+wEty8RNVZ
4MwXFmB/qEE2swJmVY2bUjzwNUeHX9L5/ff24Jr9DqI=,HlBBuCrMF6smY5d6a5ZX5NoWo2B/+HPRMrMGv/HiLrw=,h2YNi8SkrjTlvRNhJMXLgdPjfrh7rq5KJiQROEoul1M=,xzrvVN5wpK5GEpMt6fA6xdOkhudAi1iw5YE4D+G65CE=
lqrZNt8tederaUg+rQX7w/3qdkgKpBuxjA5YpiEueBk=,88mv/YGVce4oiHGMydK3owRxZgntZnUgOR/x1wX4rpY=,w+Cfzo61b39C4OTu9QME0R2QxLr+cbESaFYveLXgwCw=,459Bx0v9wQh6zeyPFftAk6P9mogIKi/Kx608uiuxblc=
J9fCEedS044V8jXKNzelIYa5RpMujPnH7hdeICOnTDc=,vFhf6sgrvkTPIHbOes3ANA/+LF1ahEAtZtteb+34MkI=,rrv+1U7Qw8NlKnoWPW2k0e1m4bMryxxPW12oThR6YcU=,/K2rnSyI4EF29M7AzGztY0OsKX3zSuE8sXz0Z6NeBsjaGiZdMvUPlU2wgD4y0aZAoWDroBOhFmM2Zqll/SZOXPLHEDGgpqF0OLE921b2eAOLkluyHDCwo27LIWK0CLEYWf6aizMPeU86U9fLk45nPg==
Ye5mYVktylDvtb9KHdHklxUUWKhzfi570deZZd7tc70=,4tw7iO5Kn+q+Z/N8vsSW0E1LTbIETfwWfvxVL/3rz3o=,MwvZ+bpgLxXSGFjn6ck23RiZsDW3aF869/1ff3HPynM=,PMAzYxMdRZ0MdiRY0BSCUYuZ41OMFgYhvuPiW5/Fsw4=
ufi2LM2uwN1KwOfoFtUAc7ybFxerbs1qhpjOdgusn4U=,wheBGJqe2GfcJ7cfxSFdXN/pHr1LtudVm6pwPB5xPjo=,W5RWlUfnT7Ykm2TTEkYNxOAT7cE5q8acU5S6i52AoN4=,i15xtIUcDtLhEIoaFJy2GQhTIFaGNCcoOZbU++qJqGg=
szSKlXSbFQL/7WxAcAmzOZXexHiQBRPzMmS52TI99PA=,AA9r0XZ2W/h3aRBrVfrMU7H0qVpj2ndO2p1oCbGlkzs=,ObB8Ut33XKjXrWOU0ruo3E8xWO6SlEmzWH6V6jqWuEs=,AQDOtBlia/QNnj+t0EJfg56FP4lrkZIwsil3Tu6Zc9gQlrCcAmT/nse1B6Dhbe10
u7GC++GvngpTkvVGbGSKkoOK3dEbKJrvzAO4n16jriE=,jG/l1r7dNiJ7zxycucOaTNMsVgeVNFuXZ5VSveW+eH0=,E3t8EkMJ8FQRz+u7fM/6tOWTvMyBvPaVY+Q2IiH3HC8=,2Rdn2K7+egp0PGzSXV/yqcXFa3Z8VzTvASPDwUwh9+k=
NxOQfngHdkIxSHs9gAuaCOY3vCB2FpSCG4kglZp0BUw=,RC9tixOc0UZ3wicLSFJf8jX7JMSOo53M4OwV+8zkn9Y=,jqWCzf3HM+JISvmT2kOWqR1081Pq83dzmwDKEwt16lk=,io2iujCVFJE1i+T4PBZERvtsUvCcSuJdOgLy3IvgytY=
ZgHl8igekpksHRL6lsS5H2H8f+6qVBTm+1EWI/fcC9I=,PLkfGOsTNYO/FdSm2qZ5S4sjkQWJuEClzngGCVAdZUU=,TyFfa2s2p4CltXTb8RzR8RA7s33aNSXrIZ7II/M3ncY=,2atarjUGtJ2YiIg05okVXBfWr4j65ksXwM48CxovvbnFNYIECT/2NsRLLtwPmd86
TB9AEckseGGdmap9kvNOYyFPPlEBcbyVaeEvoRRzUvo=,KjfMWAA/4mGDTZ7V6mcJntBw+cdDErmEE4NApgCky78=,rHisFSNM0xLl3E2myoiQHLLXU8O7Bde2sYhgj5SOhS0=,d2cI6fiqb1lA6DVMvufNMCZpfrdF4QAxyUAMA3wi+Is=
zXXHNONcnNqDIvhZ87/FGYBu+SmxmEdb8gnDm8ienJE=,I7y9D5wH3OfbtqFBtIxI9RNxqz7rmo9a6NJby9StvUw=,e3mj9RBJz2fw4XyKC3eOkbSGdUOR1F0tqiSpdxNTBMw=,jxxz8bzjOApfkWkAi5X4bj4q/+yPbe5NjOSWYN9Nlgg=
exQE3i8Fw5HiLwDMYyHJ19ua8hclnafWSvdsB81k8Ys=,NA0aYULIHWgFdm4RURV6KBJvxMdz+snbfF7AkMsshUA=,iYDLjnmETZKeDDNu7ZdjAdjIMOJHAYskDSmr9F0M0A4=,xMfQnObT1kS9iCybwv4ZR+a8ZJ6tNGiNxetrOQ5V8+A=
JHHoSUdk2QeU/wE64fGt1czb0KCba3wAsWRSjKwJWVM=,XAjWu7hGmOaKF4eMyOeMhsFChy+jMb91TnjCGbeCJhk=,1uE38sNDWiuAEFoJLDRkFyKN4r7Rz3THHjDPBlimVX0=,EBnZ9icnKtDCtWlFgT9AlzVxXra4/XV2WDQgSCpeJhs=
e2G9AEO1Og7z5yKs+mTTt1ZuZ7+HDVAGz5us8NNX9i4=,wHu7XNFg0t5Yco+hMoaJOY7ptiWbtyANeHCpJ6DE12A=,1CBDW/6/zACtZDr0vqQKAppdH+PlBEzLXAgeyYIZSuQ=,23xprT2AYbEnuc0Hptms030JvsCIWkYW9IwuIUU5WxY=
1Foi2r9cEx/b1qghLm+tjo3c0A5erErZptpl5Knpeeo=,ckSfWkAuxiVmlpgumBEAw2BMa2X97AFFpW9JG2GE/qs=,qSUaP7H1jldgZqPdLybCzY4az4YEzSa/3RYIEGDlmPU=,GcjiJVnuFICDDVNRBbuc0t3gm3QG30yBM0Rs+djSoc+GW+slVbyjhRN8454HfF+y
0a3ruBwudADoq9M3Q6dVg/xZnyLo53jYbJp2EIAYsy0=,NFZVGgD5yPNpSSv5S4lV3/5qGw5ajQo2+sT+k4JLkpE=,53jtXQ6QEHW0SGxdqwbyoRGZnguMfs5xzb0DesXrSh0=,RzD7PucGvAENBNzMxTtQ8VMSpK0t5VHt6sBynGfjr8A=
UrKxVh0uH7BnRnL26uuhD8iVx76hklBX+MIdfVKBwhw=,+SwHfmoOrO+fM2AO0w0YkiT6zgoD1WKFHOOoPISevpQ=,IcUVYFqHR1kPlbrqKtPboKjHbDiONK3SwppTRfTaJlA=,l59/qADRPNhAAAmwgWIJ1bcmV5b/TUsWi1kRyN3EMFo=
zGnqpPH0gHyFbC9e/CyNtxTu7S/6aMTqLi/6kx4sixs=,CPlTfSkQ/6P16sn28M/ZH5X4rjrRDoFECBjDpKfAiuo=,oFLW3Rs2B81SjFoDEFw4j/jyBbFF0VoXQE4H19z6DW8=,K0AtzQkjrop2eo/rL6ZjXyatk0letDfWp/2iJJTrnoI=
r+MUUWjqpt2GA8l2XTJ8NxBn+7JtvCj+yEB47Sj8DW8=,gcfEHd7EkpKnMJEJsxSFuXOUWhLlO/EwdEPF8goe2GM=,2Vdumecf4oEwjWbOf+FEyaUP9/ej4Ctx134eGK1LeFk=,KfseKMWMfVeD/zARtL+XH6vj7HfwgyXe+CuIRI76FaU=
VHgvsE/kunRKrVLcViyJoeqGXRmYW8WAy2xCtnGNM28=,Rj/EqN/0CcIITzH+yzHGbDXNbeMIzxjXJkhncGKBgnY=,u38ywlUjcggP3YyZpjOpFKPZLXqkhe1rRiVn9Iyqxrs=,UplUPDi7Ao+VKlWy2znUPA/VTO9hnio3/7L8uH4eQl4=
E+rjkt5Z4Xc+52rprCaZuMrJmOP2dd58HP7zb5Cz7ZE=,5QMqYrXUiF7EF18btZUFt6I7TAn1T3hEaIfE0tKlUH8=,QzsSbuG9/q5PyZ71wcJVPo723N3fykI0sWnJRG+w2D8=,ZxWCNy6jrE5FKkdpTSpSJjH+rzRiLD9HDz5K+qMoTuY=
UpkbIO6pEGGkUGbknpjMhGyMvvd3wUD65nglMnHg2OQ=,k4dDxOhtgvgGom/EcNtYtJRLzZlvR8LFJppRmpN1E8Y=,zJ4BiZngu2aCKdGG8NvBahz4SLF3Rm+QSi6ATaNPN1M=,Pf69bKZxtlN7GCTzFATYaguORGyh1mgiF47ii2r1IAs=
tZ6I+aWwPtMS6vucBvBsPZd1TaDBJxzpdszSsZvSNBg=,iulkZ3D2Tnu5/1PDqMY9NmCIhE2y7xbQJg68pJFtDQM=,ZjsC+VecIrkcrTofSjIFnhE1VR5XpcgWAD0eyrY4Pis=,6ljufQgwFoL/SLrGw5htIEmx24QjymYYlH3hMKnQXD0=
uOXGmKZEn9Ug5WYnodjd7ZQXD0TV92eX+WGGFgFtxes=,wiRmQ8b82FDOcN2GmtD4BRjefrpnXl9wzSlCZsbbYFo=,EE2vmShJMLoy9OhWAeOln4Y5SbWJRXGrh2xFcE7K1zE=,teUezTpjQl0fgne4U0A+eqe6HD4b6UEbAZTRyKZ53E0=
wYEbbbQEwX6S+Exp4mJHLe/uFixSyuAlFTiz/H+T6fk=,IHwcfQ24xXLkYQkl/B7wh6p9xZgrlZbgSqhk6Jiud4c=,V4zEj36dB4cUqzcfru7AWOY2yu9WWvtctTLAfphmDIs=,pcpAbR1pe3D8hABucdBI4gA2K1KlWAdJi4ULobNEtTA=
a0qQ8wFn4Z/dAVbi4VIUVWgdB0o5wd3cX/bs898rIj0=,QEG2DQ0nVDwiZ5gPGnp8sTHoqxJTZbiHxvuN0aKXxiY=,A6HuIE/+aHfXeqivl0hbkZO1xDwp+EC341FhhFDAlRo=,tjf3/ZCQxxrjf9QcwJMzEykKXDRhCVoZL4Euj3Eu+EY=
NytUjDaHxf7C3tUIHOQFjifTDNy0gMHOfi9zND1AGQk=,8ouuXxcI5WwArw4MjTzOep7qtO6Nq1IOtfUztXPBLOE=,qIkmodq6uKYh4eBwjODWQFBcRVBgGZvkGF4ExiWa4MM=,3mcx39Z2nl5nsIj5F0usI9IfstLaqQtWRovDni+NZuc=
S57FM0MxKHoabwJLTTrdTTUbMHn312O/loBe/sQbxHo=,L54+PFwFg5hfOei7y6NVIZKn625yvEAzl2HZSXZ8ILU=,2RSThaF20OhVbS5oFk/RMHNCV+/qrcyuhSD0P83WlhU=,gt2kmhqdWI+CD6kMbZJaZusMpJLsFKbfyYYVaUida+Y=
qt1XFVwJ6WsyikdVhnOGZbtMByKpTwAVGmqj9wZQIOE=,PxA2HHtrzjz3h5LWyKyfjzqRuG26LVGstlU5KJgbU58=,F4mSWC8/RdacbhGlcs+hCKWqaCBUnWOsYpnaujeJ+hU=,nPz4rYsi870nQd5IUE251rqCCIhM7t5xju9geUipsYM=
/hmFgFa0MtrY1008m91zg1bZaiDbOo8qVa+HXc0EcIE=,pWQ6kyw4cd/Byton8b9yckEaaTKV+xAmQZqXZV1HYh0=,sLsbfj2st+FIV2X8vM6RbvT9y6kc7PQVZx6niOqo3Ps=,ik16aO9Vx3BfhFTYgAPIwNDOQ5RXIj874SB1ync3cD8=
77RK1omSbmQaneypNn7QKOgiAN6l8aGq9H3PCrcZOUY=,HgFEkde2Gc/LONEUF5YQUve1kaN6l9xUEttPK8fRa60=,SBgPWSXQTWb3qgMp5axYbXFAWNhBkX/zQcCtNNTsVXo=,voqPjRghFOhhLef/e6evPrfHmdSXPsYlLQaTL6q7FLM=
BAmlWPL64o45oqYqdIAvN8bK+1dk7RmLXsRedL/nl+g=,nWtWojKktOIRByNzPhw/jEeKYnSztyon+UWy9ySF7a4=,MkD43gyySQIZIG5fb2yQh4KDRqJY0lUUs2e1sYgFNiM=,/+ZJuk9she8fpG851xa8m7R11xLi7UGAf/3Kak1/HGg=
9LB1gdvJ+1qIXLbSknwkbOvKs6n9n54AR32DcjK1IXU=,CN9/iZ0KxTFd+38VOe/EE1vKcIoROAqkI3/kmc/yrM0=,Zrw2x4S2R11MtvDa1dcOmd1KqvMKByy4nEQ535QrEZo=,oulzSuip/CAkvh+q0cL9b7v4mCJz9Y8ILPpCl+wzZcE=
W87Hb5dYyWsyGdTwha66tSVOONbNTb0+v/mTMwyeQjY=,Eb4vwu+ogylBfmjT7UgIJDlOzgbZ2t4jqzWMR5y8OoY=,RiySfG+ngmltMI5jjyLpoYE4jWsOA0RYlltZMjS3fMU=,NDY5TWv/C13KjxcyfFP+N5pao6NEWBZ1PKzxtUKamB0=
7bwBw7pTI/KEHfgoEdwb38vegnSGB4cGUfvsJnqmXi0=,UkKFBT3hi0DZ75m4IdjaY3ckk3o7D+qmteL5TfUUWlM=,CALl/CimEwe2K7rLn/1eOEDoisIL77isWxnnCYX6f4w=,Aqke8dN1l+PhDBW8QdtWbI1IwvYgwvOHS6iTdhH75vA=
MIAr8TT34hS66jGG/JWnxpFEUriPc+W7l7TUhc/oB4o=,zeKo6HiYYtKMosdD/dsJ08B7Ev499yR41a0cwBkH1wA=,aUQuKnGV8ru+ink6+KcYIaG+QF0Lsyd+CtaFVYTW1+I=,lH9H4RAsUCz27c9WlpcKaFOr9fjWX+q2holnQfiTcYM=
gJEYXQJWhY+b4+re2v8ZN51ImaEoywJmS/XVDJz3quc=,xG9283ih5ZSQjzFOh9t+tgUDbIbS3pMCzV4U+B0Bm+g=,32lAV/9eHSCjBq3pTw8pXf14ETucnlJ13JCbmL+T6Y8=,YP+UE+ri9ocCPUDrMFQmkJw+8/WauMmTQeQeIaEzvj4=
MiZ4Ym0TiZgsDWIxbTI37GBUr6PwSxUhbqA4IMAqKO0=,G2rWsDhh0hf670cpOZofmU/YIe00hXLgcRLUFm3iFa0=,17XwFT8kZ8Jkth7y9VqEyY5etDVnfMSfqsRy7sBSytQ=,YQj3NvVoYAvLgf3Hvq0msdckMOJX7ehgxqLGG5WENt8=
ug5YN1G25kk1ufWypOA21jy6b+8vR1tx7MplpAl7Dx8=,kICWpBtTjIxPvNH/HgWvtg6HL9J8kPzxuT/tN9qBciE=,/rNsT1JMIw7agJixuKgXWuevSt4m3ZKT1gaujkLXf0c=,IXsUs6uAA6iAjaaDTB5K7lFlGtSo7xrAzHciwSg9aH4=
P3FcGIwb+ed/lJxvzpilEJt9cd/0EjlsB1SFBZxp8lI=,LPtd1YY3RnSWJdGBXgta3Gn9dpDceIqO3iLLZ2dZ+Js=,xg1J7g/eNTFxrk96w09PlYm9VT6ZqvLf6ThTunHYGKc=,pTo8xPoFMujVT9QIGVDDXkFGefuH39N78bSP1Oi0STg=
IIRxT+btc9K+mlte1WNxAqEZ7UFyB/3TYRnTgTjQNFg=,s+q9uJedozrQQTItZ7pyPEWnjIHuvfokuY3mVnFRd8E=,Q5AemXmU0BcV7FCHTrDpDDOw5U0xbun4EWVcIr4zaEs=,8gpjQhe/8IjfB5QD+UdsZTR7lpkcstzmmhSC+nvk/p0=
sEznnn893lb09Y96HZA9A+fEJ0qAg5Jbcb1EFCoXXgU=,UQL5qbhijhNDLRR/fqLZccbaXpsaOzVHo75Awgwy0Yk=,/sZguxYgKETVkEWji/gr0MF2WlpA2ficgT9BqKeUxL0=,qY/H1nurWFVzwRFWm6faKSruErXZ7xZI79pgM12S7Ck=
CxpibxymjGqkv0UltW5nn1VrarFBhLpFRMnHIZLxjno=,eU+NQ00Dce7/N7K8YfEnQjaB0Mcj1AN6hAF0jNSHPk8=,KBw1hokFTQEMjUUNhoQJd2AlL+uksRuzpLmSHxyJCDs=,YlqcQb2221LrXlwkvyMyAoLqPh34qJyfhfCNJNH5oafq4KKOR/PRcqVOSMSKzoEc
PJRqd2JAGh80vAGzDZXsqgi57pU9KWOyFmUiFw043AY=,zlJvy3JUy4EGWiXrShnp7NbJXJTHjbhgkmLOlBC0B/k=,5gtb5keHvYPYHqD3RROFCg/vxFPXxFH6rD3aGYD5T4w=,Ci5bZpHjJRQsDIMO6S27YGpZ91CuhePpOMSVSchzIVM=
ujOrupC+HjQIlm41hQSJaTH82bS6MchtAOpe19W7+KY=,tqO9uaxAqSsuNrNba+Mbv5WvSp+esmTzkwnqQH6fNhE=,lRQ99miLzAXNv6T+ZFmKJroeH+qO89cZc2bSMzRyL2w=,P7to1cYYDZ+Ue/3xSvRSNtf5xUjSZrbYBtdQsrLfmyQ=
JjPZikgIrj0aJrvZiOoBuHxEY6mSsC7/0KPATa50QuA=,TGO1hftBVg2kD95AxXxd0pwYxTvKGFiQQeu85vdmRmk=,U2xpGJy9RjOsamp/9bowvRRkq/I8qJM2U47VEAGGy4w=,Z+V5O92GaxE2jQCuQ+02Yi2QEEGHngJfHyGhV/P1LJ4O7GZlC7zkCXzJEMMNM/As
LwVuzXh8BHsABUqqcat4FUhzWdhSELwjmaOKdjE8e6Y=,YYtRcNG1D3Qz5aWAe7sbnuoy0FRcRkXThgHxBI4REcQ=,31po4Su6zMPQDOYHFXYMc3qZWbsN/ho47Ln1Ym+RfRI=,TgCJ2XeX18sFzsp+MiDKVleu6MVRAmEUeTpMSmQ//P8=
C4O2EXihn7he8pBDGHwglC4Ays2GlJd7HNjau1z/p28=,ORxFDWhUgUZ6ynfjc2c88Lnsll3hM9C58SHK1NwMMDk=,oMk8wNSzBrsZ/OulwXyNkK1+6wG8Yc6m8ilHjWr4Rg4=,dYYVIP7P77eAjO6nKyVPfyH32jZIhvkfdg5saSlfavI=
5U8mMXx6oE/Rujgv0IX5rdP7bpVoii5sBMJyCKDeVeo=,6t/Yu7Cu2NQ49+zWSBTM1QcieZWSX1GuGdoDkJPg/Ns=,TbrQwS1ZwPjiGmPpMa07P1nFnBszuhsfGHWIb5qtXL0=,Je2mzH83+szvyURrCV9DRs7Y+SRAHy9SH7ZcK/XK5eI=
X2/W7uBol2N0aNPWEFrtXAHLBsSvBiYY6hmGjQpsyrw=,X2OliG2PPusrYM12rEG3+O/5ORCxEnHNVVWcpLMlnc0=,YwVdiqjWUenOOs6ywB3pPaCH1eu+eG6aPdnSCQj4WHE=,aAgLC1vZHqqInuSqr4rhgM1TL6G1a+xcIoASa9+9vXg=
d9YIkNXwH3z9oYM4nCIkKTgQ4eHEPW/eikqt1AmtmXI=,Rj4UsjwM86+r39IsAwHGParwwbV2XAGtxJEHYo1JoVU=,JIp1FBFK7ffJ9wCj2oIIKwzC50oLKqXlisGGL2WaJV0=,XfZ8aZP6mfiY2FHmSqrv0rr8k4tHj0khVhPSMLErn74=
2YdKup4qbecgJWMOLExp5tpZb7usyMhs80NRcoDNB8g=,8srXFXQENrfjSMEABAicIhsV4855Pqak4e3QOjWAGss=,cAbVAbI7XqC91coByrHjfJli+Z7uEJH3BtRiPLbaMjE=,zJGwr72fQ8Bp1mjHmSUCirSSCnWEKvERtQdvS6TWH4s=
DL+T2C77mnXiKFz5YMFlybZovqKSI0f5dl2fZWkk8IU=,dVodDLYaJiJLvULFoQS2ezcJ3+0+C9+JhcucucCLh28=,r1B84rbsgVMYtSYO+2VHODWunhGEegfHnqfI6vYgg+E=,WpiBMVutiMKfjteeh9PbxxUVXhQVAc76LVrTKjxHWZg=
4+PE06vS8+uNRirC5XfGt9ma/Ae5ZCKW+GbpjDFITP0=,B0ZmcxB+Geb2YzF5FRyDOCr6TY1Sa+9OX8Rccr70rEM=,t0qc7W9DIN/9inmnGFs403SgrOutGXBUi/mcdrZz6cY=,mXGW21FEHKLX/96FSYPmDwxzr2UCEWVU6Qs44JiroZM=
NXLBixF8t9V7sgp35PvpMnkxQDFIuOD4wN1QwPp9+fk=,Ec+DzpkXQvHI7UP18cvFtqmhw8/68bcuQHDF2VYX+MI=,u0BC9EOYE5bjUA39gK7WLjqOyTVu+DIEbDIJavuvbRk=,I7si9h1Y2n+aIhJGjy1xFiv2HQ0MrKaZHqS1X5PT44o=
wNYDBEJnrq+qmsmItkjopeiLYxkcpsk2ZbLC/KCiIr0=,3AJphyNm4tM8lraLz0rW2a+Q3G8ex0ziolN/r+/Grm8=,zD2YUD4WouzJ+y4lx3QL6B9ol3oF4gDmgaqP0XSkZdQ=,rG+D4cTXlCd/9Ez3R522a3w8lRUBLyPbeJXqoSHvk2U=
QSjp3pXAtwzdx/6jt7dtWciY3aATiW1b2tfHfPoil2A=,fB4pep0vd7xhuCfJs4meqDD5YTB+wuMAhmzNxSuSLwg=,f3Bh5zBLNBhGChPquCJm4W1N/SaZ1ELVPCXsf7GG/Ro=,XJkNW0i5DDIMpp9WbhUH3FpEW9PgkSl8rL4HEFKjnyg=
aYTB4FypbXz2T1T2GwQyEHr4a/LHfvHlNnNyWZA6NmQ=,OWvMx+Mv/NAohziyv+xmxmVgPTJf8wYTdk3NYtO6UtA=,IC0XVPj+/1x4FOxNy76p3PUKNLVRI7IL53RdxaYQNLk=,eCIxNJ28WmXr3YoEkebzYuTz2ogipHkN0QbTMoLZc3c=
UcQi6JHEv/znQw1Ibe/+EK617GQ7epVmuR60KFlexQQ=,JzlM6j57LIWPIMfdQYmWske5dtfHkB6F5jQY3wMOdHA=,zZY4A7UmD7hy/fmDzuJ+Ydg6crKnJkWxBp8Ag+ZU6c8=,qPNQ2RDi28RulhCEDu3SlcgE3hCVnUTW/05U7s9X1/x/MUtlRwFlY0cxLlV3kuZh
xlWrkBDBoyOUYpUJsCOCTeIz93RlQ+JTQIqeQovDIR0=,9EyZxqtjJCHBfn14GetASPG8AIO15x3MZduc83tkMCg=,F3RU6m4sJ4lF7aKi8KD/dXUmVsr0zOhY7ExW11osJQM=,UOrenBrCFIxG4OyGaBv7i5qzT0mOL9loAN1dAhoi6XU=
tLLGvIUP/epBJ57DeMJaU6LlXAZgFwz92/Xffb60tMU=,WZq36JVFd0Kh1jREiiyenIVcVJEg+tD8mEZ55bveDww=,XIkyn+iVtT2hQYiVnDlsBgBmEGA2jhunhYfmCGFuJt8=,TOr8DYbhOnq2U1HoQ14GV72bsxK4BHrlHGf/6nUhJwM=
4MfjcSO9zczP+1kh37Ln2jO04Kw6ZyqI2YcrqFN4BuE=,KKZJOxHtbhg3H/xVjDpgBge2sqbeObUDcmyiArY0Yn4=,fih4MtNej2Hu5N5ay8oe+n1oSZNAKdX6J2yIS1/7CcU=,/dGnz9ThGFKXLv+WdA1zZPu24cSnrvf/P3D+9WI3rws=
hzKYj9N4U7dgdLF+B+TBauxO3NhZIUzfgvQT2LU36io=,KBy7O2bh/cVgH+8bSvkXuE28lZKz5L+v1u80GWgVh6Y=,MrEMcGzG70siXqmfkqb35LYGqcpTfKnQBYpMzjgMLiM=,ClQEnVro2TafXZLSoI40L5c5hswVvYj3VZ9fMgsdrsQ=
1M5atUvBmYQ48eKsavhejtURhuui01UiXHOD5s7GtPw=,QiLgCPf/Kbos69hiTZ+bRbtIzLMuaR7sbOhkSyoWNEc=,Wi/AFW9U/ATKfbpOYWxSSAdsr0wBJ6mchz8oea7foLo=,fM38zFVu7VA0fBr1O3ir6mz6YakS+gOJ1nBM2Bh7aKY=
ZX+wBv7yAw9L/lAK1nEfhDbJ4wnUyS3AvxDQ/DJFrqU=,r58EgI+MmYRgzbT+hXEMq9RVhrO8MoykKVn0JaJ9OWM=,kara1boFUN148/WigdziA5cve61yTSYxpUtqmEaRsGo=,Yk5BYCHZOy8uK2VNFfhmS5mG2NB2u5C9Csup1g0SbVE=
xX4R9JGAnOC4a2nBHfvcwRRSAdB8Ug3TXNAEfmSA7KE=,PZsndCfzxO6+Oowq1Q3xHuXRYdcZeiHB7JoxcPTq6Ts=,jlhvLdobM+oJuexiTXEQI7m7cLckvCrty8+NLUQlV3g=,AaGtfTgozQgfi5mWMFejXdmvmEANPGiENaCcK/KA3ME=
UDmLPxCtOXV/UvseJkHL4prPg5lFwf0MLo8bYSEQxbs=,Fr6tCp4d+eAHANwXf7kaHFIxiJJ48mVvwzuhU6R7Y2k=,/cK7HhU3g3xzmzauGKauTAo4sTjyVzgX5f4JFLPmOIw=,ai0FEMfzc9soiUkdZJ3japVuER04960riakfTk6wq6k=
3hZswYE7I5GwE9Z6OcEDwEwn082SOg5AKvdm/GHm+AM=,D8GChSk2hdwZzy0kP4kABm5J9SbZ0Ea0mtfgGBRSV+M=,ZZEmsFBtmaP5mHS7UeTiQxQt4JN9geF+nozTlzXzVU8=,6opyRdnMMophJDMjcHi7j8uQHpoEfGXiDbFRUmn96LxOrcLNnoonw+6HZikQQY7S
e1amXikIqlmT3gpkRO8OgHXVTQSsFf57CD/jYjXoOiE=,YQ+4eb9lsf7FLr/PWdSA+zLMxnjf1oC0sJqJcDaRwtA=,KHuLozMOiOYHk6Ax1oWYneanNLBr06HxxPOF6o0YNAo=,EcVS+WbJ2ASF2LQrX3wGKOVwOyhJ/7VKAvwSkPJ7GQo=
mJ17lphElnCby9IcyJSMJLnuReODIx9byWbS3xjFcsU=,wmJyLZWR5y9P683oNXQ0pfQddClhRRYEyigB5AIVOts=,FpmWhk+bz/E5Y+QFMe1UeR63lMnDQ0YotfJmsVJ8Ods=,n13nBWbyjzGpqMraG+QBdTE3q2l/+EHpaQbJud9JGdM=
Y7dFHN4OczrKzYvewWkIcpIA8Jb6QUkLOkcTVzF2kG8=,dSvwwoGdEeuL9ICuAIfun0GM5V38DiFc7j1WRC3hENk=,S9vjkaESvznPZRp8fMcEw7GV6ZBtS+oMLyrcjVcfY/Q=,qf3onT1YterZK2qHqQf57jyNlDX6zGdlQvOpUrrIiKiUW9DuRJLmipEF546i/nZ/
AWTkifa/2Fq2eqRvHbHNgdQCnYpna8nv69KwA1pGCyA=,b8kTQgUQYvAiv58jrNvPPgtqHFzeL8ZyK4p9YXT6lww=,D6yKnB4xhYqz9NJ1S+CZXAi4fnUJM2VG0NTpy5hNrhA=,5ERNve/wTNkDCq+S7vQ71lcM2kvWecpQ7JcdC8GCYd0=
N3Qr7IQCxzg1X2t+6kwc1c6yUi6R0ZQAo4oLSiYhK3o=,SO5QKhRxFp9umlFbJyFm6/eruSgwOd6A/71+BIggHnY=,+a7XE7kE0iuU8fN3ygeyUir7GY6iBX0RcmYmN9b2h2w=,bTpeqbKQadrvPSv+mi8/wKr/tcpoZpAJg4LE9r3zgYQ=
gFDLQRfBnKVaMi6z9SWff/M4PXDzICShQzjerUtdcrQ=,eFoBsygV/qTDrUMwtZ84NMrlpLZYBr41tueqNLm4hK0=,TG0PBy9bATjFyXwpIMFkIYVPlFQ7CFIdDdyOodwaazk=,Lbqd69BDhtwMnDR/kzSwNf9hkpWLiDIfSPNrQ4Viqeo=
HLkUXTE4cp9I+R+ags8XOzDtBWGvJRAul4QjrjctLNk=,4Os52oNRc2JhbSka16Sbab9Isjv4GeI8hgfw27xgy/U=,UaiPGw+vhGLY5uZpJE2BTHhdzrp9OZ6HGUCSCzKeNTQ=,COG9j6IejT6rG7FpLH9modouJzFbfTVNZ335XpQtP3k=
S8er5Igb37/nkaCK9p4EcJ1eYzI9Dou+jXsCDGOMu6w=,UL8160ZepT+vSa/O0LJa24J59uXOE0ftxoT5Rqf+wWw=,cMyxTiomOhsfZtPm/d+wpqnEyQmefQDDG7mdKLlAXvk=,v5kRHf96QDH+woXsN0qASjX6h1CAubUeG/KZJnSLBa8=
oqwxqdcc+DNjshJ+4iercZbhbUUiUxQWaAPKvODVr3Q=,gKj0lv73whdQAKL8YaFH9Oy7eMvEUxV15VmtqyryRs8=,zHhoTdA6OeqqGsh7oVn7yUTsT5H3do+Org1yR/0bb2M=,kGemDy5rPZ1Yy17qbhPfM/38oYFDwywh8h5D3Mk0mfE=
IHI+KZSGKFtWK0H3fZRMbg2pqQ56fhwNYWP7/+DoUY8=,q90yMroJhPnqXxXaiogaPiCQocozWJyNvyqI8TZj6zc=,KQWoJJtlduVRvcXva1dX1el32WQQzBcD/r85EGisgZY=,vh/eCK4lwQUt+joJesj568SmpsmT+hLysfxkVA9RvFU=
Pz/O/CIoJXDq3goTUhiESL69iMYq75sFiBsV9/b4dKs=,0TZVBMpI6U4yiPU9cF2bAD0i/Vm75+5ZMszOZO41Xtk=,QUQjJxM3p8HKN76GpZimd1xdgVjYvkNd33NIOuVvFFs=,NdP2oPI6v2KRZqj0oN0HBtvNhF0jPMqW9S0dyz32hyg=
XfDX5nH/xSGaYqmU98IlWm/2c/OGesAFABHfThCDn/4=,WTcZ3LXaPoCZDeCbA3gMIvXGWYXp1DD44WpY2MPATWE=,mFEoB/OobLa+tpH5VRbygoAKVUoEHRunbGA0dFskKTQ=,oEwGToqdKx7PjfPOpuGSxbr9mtuPtflMdPSOW0OXWWk=
imcGYSFV5wDNAkzYUVGLFTrnb8D0y9X6vAiVy5d85NQ=,vEX+KdfBzuO8EiC/FTSUpopkwXQUlbTabMO5TkXkjFA=,EReh61H85lMGcwCBBhBxa5NvWUoqQ5WUicARQgIOCu0=,4Nchg+GPoOsswZCNLPPhWPi+agJ4zZ3otFQqUJv/vZs=
G0rdMBJpG0WOYrKsQ+9WMpaEY/PZ5lrlqOWCxtphdNU=,kdUqwuRY4BagslUvM15rzybziEMM3LfSPyuMHYMELUY=,nMwgLKqokp/lTZtr4ED+g74SIl4KPS3gEcRHUTklj40=,Lh4H46KWspi+PCqD+U56ndr9wh92yn/yVnXRjPpfXdU=
0gyM/MFXgLlAWonDqXWSJCYVqqA+AaqHtpqpOtZJBas=,QdwFc4F4LPqoSYMHeb6DIqJsks34xOWpUyaJUa2O0H4=,xAYSJVJibMCbbpBKpAB+v7FkcCDcXiXEhzNV/h9Wh6g=,gSJmdgFHr07b9J2NOx2Al8mlejVRGMzhAstCnX0tIxs=
286CZSnfXh8NkSYf8v4zrpQk2oaZYZuEeSqa6fzRwAA=,HO2kNQqwF3g/6J6dnadp0ew6eWKAYPfx4TvZ2LfMXRg=,NjevDBCiT18WVNSZRiDiFRNMzVbGRHLfSolz7xVw60E=,7kIWSitufSIlhuvtBueAEhF/IsIVluGhmxicTHveVQ0=
yUmuYEL/Kk6YiBEpcEbzNCax/jQo7WytQoUiUYh+dKg=,Z+hvtDu1K9n3bAJ0aLxwan/ExXnNofto+hn5WJz1v1Y=,Sq/rU+xpIsLfRZatRhNhwQNIPRs41MLiHF0MTn+s4W4=,sk1Lyn2m001SHOx4uURMfNGhrRvLAswITino4j/Ub68=
Mr2YiSXvdXLR9qdHNKfuZE+iYFd7cSbe0w0XY+8PfS0=,NtjmvuGJ0zdlKqtVlOl72p9/ChiBrSX2GvrPSe9GT2U=,P7j1KI1o2LHILYgya/fQ8xOAsj+8xcFj7ZpkGqQbAzg=,robFf0BhAfsjyBGW+YdkmvFBCIhxIMTN1f0sanC5h5+O4mhpzBteSmhSkUkmIeWa
irwZBH/QpnJXePKu5cMoIH35mi5Fz5+84/AgIpk7fJU=,IpCt6FLoSygdbAxKTxdV3SYfQs4XqDjBM/6NnaI1QGk=,z6oBAGc99XbIBZ7L9nk+drUmA1olV+hcSLiTSGSKTYs=,g7lOvjENzwEUhbgK7u+s3fSl+GkMWCP83dj4OYNaoCGlPHb7wuRx6Lx7mtEMGtY2
VXbnAZf4j2DlKS0As0Zxo97Bdj23h4FVz6PLn3J3SDs=,pqoSzuMxWO9OfwogHiCIoDjOnEt6dr2hz2V2cc5tyIA=,jdKNM/PNorWh2HtO4XTzUUGWx25b4aEiGxACmD4HWk0=,4B2yuq0usdkPDi57a7e2IwiJk3yY2a0N+za39hpR0II=
monhBi0+jfXIzuL9fPIYW8b3weRko+zBQZuTB2/korM=,HzOwpv4/xuz76FnYHBad4BtVS1OMKfHBbsSZxF4/DKo=,VF5sWggJI/loEdTsZqg2T5RVWD7LBeH8/Mg01isCkQk=,x4zH49y4EolI7MMfbgSdg+rxuVpJfP1rrHYVFNc+s0k4O//OTxL0dCgWMLDcUs81
+657XdGT9o/kunF5PVIbQTPFUI0HPffCfHgiMrFGQP4=,0TktXRFoNT7spgyBDpLUQe3RP9n9krsr30gjhuZk//o=,jjM6cD65cFXFo7SnQ9sUUEbtCpC9I3msQ4rZJylVgqc=,bFcGHh2dQOU6/0tjU4ENcrauVdmfy+Q8vntfGbA8fyk=
BD8tIZ1WYh7gD/CJ3S2kpmTOoaZhsPrhamR+XsEW+S4=,9wCPHbaqtCTY0jQgBPnn5GaM9RGZWOW1KUC2F3qYMrk=,2RQLIh3GiGD0dvCzo+QDK2R1zO7mm266abVqx4nQufU=,ab9OcRivlsLXmoCMw3+z9+hO/Bruu+OBH7xZqnYfC4s=
7HHYvxNvZZO280dq2+52TNOPTRN0CjI+9xWN8yHa0R0=,n9F655nJuL3FzpBfJIGjkmYL0KRCjGTh5BUb5ineCHY=,mOgPz0b7Du0xMWJqPp+2gzeQB2w0DnShyLsyT5YvN3U=,WSdNjyO75SdgsxpQsoY3vLeSADsOh62oFk25tY+313Q=
RzIsSYGPr9uNpwplZsJYnHZCWv/D3v/2yjIQ/mPpuiY=,IEHryq0DSo0eRcXUl4OKp/PUZLgmfbBenRLFy39s8tI=,44e7YAfYs2O0wChkjJjmSj9QHKq/JT83TObSpeNKWXk=,atipytrr4msrg4zyTqOPJ+BO44J9lI8vPhhWFasSdRIeV5cjyzvIW4EsfzoyBuEp
8p9vDXgPxjvkdZLd9rDbJF/xihntaWlfPW0rPNOWttc=,qcbpmHtjguMNmFQ6+vKyU+CMj3qjlDF1F/devMoSEeI=,KqCW9B7YY+m7irhfmNZQ8bKf7YK/j0ieBtV/LuhCV6U=,PWTBgdy2VmVYuXyMyGjRiafuUq0TQfb0EnrQhmvLb4I=
Oz+03F3C6mFHfdB9ngnkEsGqxetBHA1r0Jwp+jUu1EI=,/JsuJfVslkrefnqwtbPg3BSU5O6GaQSJSDDb7iJhdxk=,Gg7TprA7HgAd1skiTHI1KbyWaritHGll0MAvdASjVuQ=,QYWWsc0dwBfV3U0lZIh8aDgSG/+PgAOIzjRXMkBfMGs=
FhLEzBbNN0Jg/l1K+AEt6kNJS5q7O6KMOWvmXOHl2UA=,x6owUUQQp5Rfhgu8mw+qpX43W5BJgo6tYMqqD7rZT4M=,JbR7OAjejQMShksSLhtJLnUgg7M4hvGrL7435ePISDc=,qpzVLBOJLFcdgOrawyYtZyubrUl1JdwviWxZSSNKd2A=
ZQRfaXHCD3wDjcuPoBtAclB8fzf4bTwbfBGn2TcfyOQ=,R4VSsmdDyziHeP4fQ9HTwWAWRsU7D+3qbnqYTvzIFrE=,6Un488jS6C7uLowGAzx6u0drGc6XXuOC20iShHWDBis=,z8AHdTBnSmFLoIIiE3z21V7mLnrmBnZ/wC+mAbnNr4w=
7zLEujp+9nwe5mfV+4+K0nEWpXM7PRmUD5Bbn/pBuDs=,T5GTei+OPCSkHK5sJ5aKfhptubCEnbav1L1mvgam86g=,S8y7ngYY9do8qV4inwJnhEpwxlzmuT4edsBnufam3lQ=,sAF0+m6Ah7juTkvxcNS3Rxe1VPIlb63eXe+mep4j7vk=
MRkx2XIisaqxC3SZ9eqGT73sNFL0og2z/0RL2pYox+s=,fNNWesQFMVf30HBACuDSq5Nma7RX0RzzU6yJNAVzAR4=,kuACKKuRhhsLf02zcgsOrc4PINVghnGDxIN9pIN96z0=,gUfq5XW0Z0AIgLAQLf05BelmsTd3TLrH/+8wBv1B8Aom5vkkO2arYdgl3GAOtk3w
j92h3rKCJUt3AevmwSK0QRd3sE+JqH6o358VxWagaDg=,CDnJ6WsXPkg8+RcUfRJnZl5294zyTWRCHycN2G4qqWU=,F6rVNBgSpOjT8KYH8EeFQ4SZwuXUy96/i0Bd/iRrgWg=,kjJl/20M172ca7IFw23ueLIvgqXZ2VfRIyinJ5cuNMY=
FxzcgI/4+eGZiAiCztNRLHjDOJYpPthOiJb0o3CeDjU=,U96TeJvMDqI45QV+cuZps6+bgm7B0V66o6kqKDs9DNI=,H+FiDJUNeDpP32TIGPK2Jrg9nCjXbpArmgq9b9lXxGE=,UmHUGtMuSzdzvQHtvYGWUl3shJDQnxjvgns7SsR1JJs=
FheLfq2ELZjNLqmE8FaO9w8xMNNbl+CpMpTaEaSEgOU=,WGpwQsMAFrX+/2uTfm45tIZh2vp8dMawrYg2zB943sw=,GIldasF2sBOmS2c/Z5kif6vCXHbyFjb8KECfr/mlWnA=,qtTsl+L47UQFzk5QArx1u93BeUqdDuCoLgUZXTJL9IM=
SMEzQasg/S9CRLRxDnc4bk10CO5XXZuCiGtbFkdDMkk=,HRqvWtYe5S6vhg/wmIODek0nA72XCl35HZdIQyDmX/8=,+WRN4oj4TlmnMTWc2dQl+UKspzKY091IThtOlilrrwo=,e2qIcqWgF5b31cktt8aroUXUvxGocfapvG8p/bOkSOo=
qbxqzqemFWtwJmVIWYe4YDi1idrQ1j/yBN2KxxeYRYk=,QdV95syZ53tDm8I4Uzmdds3HF1ht+GN8exTdgq9RGkg=,y6/NcuboosCYGyDx9tyIdhXsrj4AfbcEb8GCvpW3sko=,h6EfEJHbqq2E9KdiJG1sY3sWUakDANGV2wwvEdPnMIk=
6FMCaUiBalNHFl38GBKg4H55QR7u+cGd963Xxeb6fmU=,qk9jOHrzayx2+dzNNvsPBCQdnG++3bPhuGTt8NhBlKE=,k+jo1ihgofPKsaCQlz15rg19Mg8fBrfoHsN4sNQu9+M=,6tcYPWsPuNEssOOMTegL6Z/3/gxSVxc4DFOyd7aul7o=
7vtg7QuFUOFh4cXBGvcd8n7m+ofzoRxhE+jYxCT1tcw=,ef54OcVN+wEli6eJQn1N5FQELGJdfBPPN5g4227Hxsc=,9yNbn46fjgMNaA7QB7/+Bq3RdCwk+Qc2HIes6RZafIo=,4+gxL2Z2mAj4B6t+TuuhOdlORb8I3u0Zoq/zsdIecRc=
OmxMMZddiKINCURwA2Vr5OA+UnpGC4iefMZlWkBA2TY=,+ASsa5/aoLyQu/MqdF3Quq8hCHRfN0B6yNtyWkG4tbI=,EoxC/Qwk50SpSVQtK6va27moxUeT+jEneqTYk/pyR94=,huYxVOGcIAdrYIYoMELlPE/ARPvlNZJsnsCQqf4lj1s=
2iB35sZ5YFaE08yG381eERM4cM/l8ONY0/vNH9Lp4as=,zUcG0xGOei84GyrkVY7OtLM6iTcJH0M6hDi/zDhe4nw=,KjCeBn+TLBwWGfTCVeBFw0C2/mB+HNAs9NLLKmNr34Y=,7iy9PVyxqIorBsL4Wm/eqY9CIDzoQf68fINeBZezSf4=
0Nxt86Ol8hu0tQSbgxfdHwcQLh/B3Mm4amJO0aE6pCE=,uwdXguqxx6wSWRzd+jFoCYu70gY3eceStG7AtBqZArM=,N9uH6k/gaa5OLhOVmxfdFfxSsu2MaAqQ8A/02xXBhJs=,FfGyl34vCnZUUUWHAupNRYsE7FYxjS5dGgYqLwmXuHw=
g7Ps88dg6AZyaqCwb2qucEeVsgyGrUxRUk746ddu0As=,RO2JwkPnXC1tdpWHLzXFTVIam/GpiZaLOjFaHjLDnnU=,CDp3vLCTZJrF5jRD4/p7pPQKX7tbIM7JfUWbzGdZ2nE=,g4HfWTPIcSgyesqo5J+j5pfPw34wiHXFwUM40JRFN3HmoTZry7OVMx6ph+Eh3uaz
iOz2xNlClSmn3hhhclCmCslACEHt/JnMWcdzGv+sgA8=,JpoabFxHoRVv/mKMCKNEV01xYXOQQU2vIkwwOeTAj2g=,JlM3x9saYxn2OYaxqfDwWnhKRkwYssT7WXquCUlNyIY=,lfiDq/uE5d8GLIiLt1sogf/bxI04DaMxACyB/PwW3ls=
BZAFrILuzwmBkkeWDVs/MYTLWMPoqwuedFAxlUWswQ4=,Mxt8go2EOXqHPiLCuQRv/y9jJaCdTccy2rVS2KIpAcU=,V4DTZjqU2krQhBJ3dkfdW1cIFVRAzzaj9QeH3idmZCo=,+V4nhH9sAeT9S3ht6T2ljoYGywcRradtZBHI27DtoqcnQdyPHXhFNc0pb+5Rbnyh
H8EtPY5jx2VA6F3MS8saMbPE1v/46/Z857B+LViek9s=,1XMW8ZY5GYLnjOWJeWJqng/JLWvSEzf8wLGw9jBlGtY=,SUQoq4dmbXNDmLRRvamwKkDacyUTo+QqkMmwVNiUMoA=,G9eh+WguVLygQ668MpKvC1HKXhspV3rth2nO21PLdEw=
uGcfaIK0AkgizwZ9zatUvCtmj1ZX7MskhcROhvvU55M=,vjQFi9JBPtT8fepAowau/ZgqSOCE9qWTlT2Jy5Mp/nA=,AMisGka51bHkJGLw2rL2gm87EieiZRT7rd1QyBLxRIY=,ByYRnhyEbzA7ujNT6O2SvrxfFtZFqPj4b2rph/0aG+g=
B6sWFytK1OGLaKt7IiMSSYwWdjD79MXOwggEPLqG5pk=,azdlfINrEcZWFtWic0FaKsy8olVokElQfZouWtxRiMc=,3qEBEX4NpkMuJkY45ggQjXtmrwOVW/I4DhVd2zRuRE0=,3xYUcyntwzBKI2LLvz7eKYgaxVrCy9uI6MkSSpIBvKE3tHShf2/oEgBBI+TafKyL
cEGux63cEmtIS6CHyF+nRRiALe4+z/i1VE5HPCzkiTU=,gth8d5hU8qeWDBazuYKEPsni8MtHshxZmbfKg4FLitQ=,FKdXBLU2+e8moNgHz912+Meo10klnjtt+i1MhPb4JlE=,4Ke/8M0O28i6O+d7uyk1NMmqWFXb6OgN6CoCOQqqgB8=
guXHeS9YGZqwZAHPuvW/bD7cqV9ZUksjg4fKaf7+geY=,hmkjPJFjrkZVd7d24/5Z9SEOrEi7FIftTjMiSAh0t9o=,W1X29TZaybkIA91VpO8Vh2dq0k6IUu7PPMBZUjTZaS4=,UawgtJqyJwWGUnxNH+8vPrrCn+SB0O94IC48w40PmnA=
7uDke8I5mFT2SC4UibkpR6NV7/50D2G+Vxt3IrPlGmQ=,EI3yHczFQDC2EbOcffeGLSFyfCRENJIVO10DpkTngOs=,LTxtra+RNWU4wQhqP6OWyul358X0z+NGf0875iq9GTQ=,eb7qskT1pJ6WAPcUh5A4O0WR8FxZ1QKc5malSgMfI74=
WsofsCy2Lf+LyOm4Bh0VzVZxgVvpf8kOnss913bLdr0=,WV3OWZDhQkmzrTDJFv7qr7LExnJih9a7q7oH82INBAc=,3/mFNkBbUgjfKH4dYcyKKAHmwJzhcah4nmuRUmrFwTs=,Y4R4AxUx2AagtVve1ZuAiZ2+S9yl8b+GBTnW5d0pMn4=
CLGdyXVjtuwq+LTMVYw9yx1DXe2keggrLA4NF/Z/aHw=,/SI0QLzp6Z6lKCWpSE01XaESqwkxtVLvRxqov76Ywsk=,FOG+9fDVKqxas4sw4/OJ4xbQN76RX/u6dqYcbudUepM=,cqum6tC2ilYruEntmCr9g+34PYN2JKOCwcb4PqwoZJl/rnyLpPiWtRHIFeVy17g2
CBuP8d3uGLNBBaf/JeLhA6qkyuPBQiupxe7RoQDAQ44=,PQ8HVlFjrt2RDPZsY9gskd99ebcO5kRGsNV+J8MtlEs=,Y12zzx/NUh7pE5wRW0xBfBRN7q5hgxTkyc/Okjd8OhQ=,TJS7c8t9hn8ja+ia8rQKj/p9cx4U7B6KJCsu6nIV3Qw=
hcnL1KSf6ZKn31YFDWJRAJqoRUDE1Rgl/tgZmTNI8Dc=,jy7W1yHSXpYF9xAvcaVvMphGXO464UiC6YOxLNtfwQ8=,8bsGJHjRZ7byQC1gLXjMFbxmkAuWctrEnUHLFTcK0hE=,sPEV/4FxehmFbpCGPHLj1DDZ9KhzrnoYm5Iz7o5h8RY=
rI4kyuA2O6y3ivTQwd/K1bImD2FAe5b825lkB5EJ26A=,KW2fRe5hGR7/WtqO2XOtss5I8Ucc8Wyo4Nmq2SqJfVM=,/t8hko972K0xCD0srtFcSa+VV4hZ+zp9zSWd9M4eaW0=,uZE8Q83atUBxeWQyvWg4QadDfYiHjeCmkEbNjMG+8TA=
xA6lNK3dM2NCS/EzKxKrrwEv7F7cnKbOZxTtHU7Qxh0=,UqZDWxjzT6EygfOn5Da68fZ8lZX5AkZ901H9J4uEr8U=,fg0PtxHdW5pythWnqpTniRrxhuwgalP7eOKQ+iGW/rI=,LMs41rAZMPGCvvLxx4SDcdK6K9rGQezqaMDgeEtgCAE=
ht9h7UQuiQ2UP7CAJvLXoHGyxWgLHTn4PGD7YlenW18=,08ku9zEujLcrqUybbLmqOSptJFKilTwfzpaIHZT4G4E=,uZGnp0C3ZYL6qU75PRtbZtyNmAw79y+zEhCZ9unMQmI=,HdgionLovNfNQoxkicVeu6PCtbn/BNcgMIu+gMyDhxw=
Uh5vfWo/7funK4oi0I63jWvoQm30VOkiw//cLGBDZtk=,9Ysa5j4UfA5n+fRnJ+6JwaSC0oZMGcz0/8XyhPk/fn8=,g20me7rA5wozRuatOYFYWfIwb1gaKgtGZHoLauDgXQk=,5D0BrSGjABPBULI7maidkuN9HebmBDJ6WgMyuV8v0T4=
JpIFLlO7hmtndzyDbASLOO6qyG3E2J6NoSFjQXNA6s8=,UBxJFtyKkf2orDguBtSIQCmRs9LIsi5/6dnULk8YhJM=,GWqhyZfhGZmPeYUhdTSSDmGUKD7My2xbFwDtkcHKRLA=,y9bI//CDhuG+pEo6WuwvCB2dyJkQw2EXIs/nE32tkN0=
x2F0V2gXO/9jZQ6zdYPQ4z818P+MYiuplIS8xPeo/EE=,uvY0iCqRwWVSiVHFxzjMM55v4BX3lxuSviPwmCVPNzc=,4sxrMxXrwNzfWGlpZf7JgMaRXRVzM/QsjbUMIYoBcNo=,mc1khghfSH/yxSFT8fVlncwgpBmu9C7YFEz8wWCwNJs=
q+MW/KGn8SLpP4c9Mw8xmECUd5OdVlWD+YzQ9OuBdlM=,peo9KldVN+TjfENm8BYgOhwf8Sx6cEscdon9oBwIvD0=,cpNC0Pkypg0ExwqZMlyMmGyNrTnQ+OUS/BYGv2mHPKg=,uNmgUcAfgE7Kd5ZmpbsQHmlzx7PNYK8chRvGkc4e3Sw9EIkuoHdMXf88LR7Oelru
Yan2DvnWpy0e294Euwi8k5OXx9+qMp5Qmh5Pb0gF/As=,hOj2r9F7Tay4FHpXx/ztc8nYQBzuBOlmfwUbsFPZ6ho=,AWAuLPLowCRSR8iZqBKoITOA849tZO88UHxpOXfayjc=,0Paq0gr6rpPMJIwdT6ipLIqLMaZrS91ll8hM8c/GgKY=
6aoLWiGUmFAEw/V34S6+SHlzyl4MvhwXjBWrti8zh/g=,fAJMsvUYv64ajHvQFkaLenHR61ijI0CuckKJ7Vy8zB4=,R9m6SSw3liRckbu21FKHQ1KNVoqNNyXBhAO4RBhQIa0=,6G9KzhJxEOwxfXCsQV/mQga2a040bk8kM92UMow5nrTNuKp4/NHwIn6IFXkVBKKz
